Termen;Departament;Intentie;Seed;Comision %;Scor;Cuvinte;Pozitie in suggest;Nr seeduri;Pastrat;Motiv excludere
cat consuma un incarcator de telefon;Accesorii telefon;informational;incarcator telefon;9;72;6;0;1;DA;
cat costa o folie de protectie pentru telefon;Accesorii telefon;informational;folie de protectie telefon;9;68;8;2;1;DA;
folie protectie telefon sticla sau silicon;Accesorii telefon;comparatie;folie de protectie telefon;9;57;6;4,5;1;DA;
cablu de date cu incarcare rapida;Accesorii telefon;segment;cablu de date;9;56;6;1;1;DA;
suport telefon auto pentru grila ventilatie;Accesorii telefon;segment;suport telefon auto;6,4;56;6;1;1;DA;
baterie externa cu incarcare solara;Accesorii telefon;segment;baterie externa;9;54;5;0;1;DA;
cablu de date cu suport;Accesorii telefon;segment;cablu de date;9;54;5;0;1;DA;
cablu de date pentru telefon;Accesorii telefon;segment;cablu de date;9;54;5;0;1;DA;
card de memorie cu adaptor;Accesorii telefon;segment;card de memorie;9;54;5;0;1;DA;
card de memorie pentru camera auto;Accesorii telefon;segment;card de memorie;9;54;6;2;1;DA;
folie de protectie pentru telefon;Accesorii telefon;segment;folie de protectie telefon;9;54;5;0;1;DA;
incarcator telefon cu panou solar;Accesorii telefon;segment;incarcator telefon;9;54;5;0;1;DA;
suport telefon auto pentru bord;Accesorii telefon;segment;suport telefon auto;6,4;54;5;0;1;DA;
card de memorie pentru camere de supraveghere;Accesorii telefon;segment;card de memorie;9;53;7;2,5;1;DA;
baterie externa cu panou solar;Accesorii telefon;segment;baterie externa;9;52;5;1;1;DA;
cablu de date pentru imprimanta;Accesorii telefon;segment;cablu de date;9;52;5;1;1;DA;
card de memorie pentru camera de bord;Accesorii telefon;segment;card de memorie;9;52;7;3;1;DA;
card de memorie pentru telefon;Accesorii telefon;segment;card de memorie;9;52;5;1;1;DA;
casti cu card de memorie;Accesorii telefon;segment;card de memorie;9;52;5;1;1;DA;
husa telefon cu microfon spion;Accesorii telefon;segment;husa telefon;9;52;5;1;1;DA;
incarcator telefon cu microfon spion;Accesorii telefon;segment;incarcator telefon;9;52;5;1;1;DA;
suport telefon auto cu incarcare wireless;Accesorii telefon;segment;suport telefon auto;6,4;51;6;3,5;1;DA;
baterie externa pentru laptop;Accesorii telefon;segment;baterie externa;9;50;4;0;1;DA;
cablu de date pentru iphone;Accesorii telefon;segment;cablu de date;9;50;5;2;1;DA;
card de memorie pentru aparat foto;Accesorii telefon;segment;card de memorie;9;50;6;4;1;DA;
husa telefon cu snur;Accesorii telefon;segment;husa telefon;9;50;4;0;1;DA;
husa telefon pentru apa;Accesorii telefon;segment;husa telefon;9;50;4;0;1;DA;
incarcator telefon cu camera video;Accesorii telefon;segment;incarcator telefon;9;50;5;2;1;DA;
incarcator telefon pentru masina;Accesorii telefon;segment;incarcator telefon;9;50;4;0;1;DA;
suport telefon auto cu brat lung;Accesorii telefon;segment;suport telefon auto;6,4;50;6;4;1;DA;
suport telefon auto cu incarcare;Accesorii telefon;segment;suport telefon auto;6,4;50;5;2;1;DA;
suport telefon auto pentru copii;Accesorii telefon;segment;suport telefon auto;6,4;50;5;2;1;DA;
telefoane cu card de memorie;Accesorii telefon;segment;card de memorie;9;50;5;2;1;DA;
baterie externa ieftina si buna;Accesorii telefon;pret;baterie externa;9;48;5;1;1;DA;
baterie externa pentru iphone;Accesorii telefon;segment;baterie externa;9;48;4;1;1;DA;
baterie externa pentru trotineta electrica;Accesorii telefon;segment;baterie externa;9;48;5;3;1;DA;
card de memorie pentru nintendo switch;Accesorii telefon;segment;card de memorie;9;48;6;5;1;DA;
cel mai bun cablu de date;Accesorii telefon;roundup;cablu de date;9;48;6;0;1;DA;
cel mai bun card de memorie;Accesorii telefon;roundup;card de memorie;9;48;6;0;1;DA;
cel mai bun material pentru husa telefon;Accesorii telefon;roundup;husa telefon;9;48;7;0;1;DA;
cel mai bun suport telefon auto;Accesorii telefon;roundup;suport telefon auto;6,4;48;6;0;1;DA;
husa telefon pentru alergat;Accesorii telefon;segment;husa telefon;9;48;4;1;1;DA;
incarcator telefon pentru motocicleta;Accesorii telefon;segment;incarcator telefon;9;48;4;1;1;DA;
reportofon cu card de memorie;Accesorii telefon;segment;card de memorie;9;48;5;3;1;DA;
suport telefon auto cu magnet;Accesorii telefon;segment;suport telefon auto;6,4;48;5;3;1;DA;
suport telefon auto pentru parbriz;Accesorii telefon;segment;suport telefon auto;6,4;48;5;3;1;DA;
baterie externa cu incarcare wireless;Accesorii telefon;segment;baterie externa;9;46;5;4;1;DA;
baterie externa cu priza;Accesorii telefon;segment;baterie externa;9;46;4;2;1;DA;
baterie externa pentru telefon;Accesorii telefon;segment;baterie externa;9;46;4;2;1;DA;
cablu de date pentru masina;Accesorii telefon;segment;cablu de date;9;46;5;4;1;DA;
card de memorie ieftin;Accesorii telefon;pret;card de memorie;9;46;4;0;1;DA;
cea mai buna folie de protectie pentru telefon;Accesorii telefon;roundup;folie de protectie telefon;9;46;8;1;1;DA;
cel mai bun card memorie microsd;Accesorii telefon;roundup;card de memorie;9;46;6;1;1;DA;
cel mai bun incarcator solar telefon;Accesorii telefon;roundup;incarcator telefon;9;46;6;1;1;DA;
cel mai bun suport telefon auto magnetic;Accesorii telefon;roundup;suport telefon auto;6,4;46;7;1;1;DA;
husa telefon cu magnet;Accesorii telefon;segment;husa telefon;9;46;4;2;1;DA;
husa telefon pentru bicicleta;Accesorii telefon;segment;husa telefon;9;46;4;2;1;DA;
incarcator telefon cu cablu retractabil;Accesorii telefon;segment;incarcator telefon;9;46;5;4;1;DA;
suport telefon auto cu prindere pe bord;Accesorii telefon;segment;suport telefon auto;6,4;46;7;6;1;DA;
suport telefon auto cu ventuza;Accesorii telefon;segment;suport telefon auto;6,4;46;5;4;1;DA;
suport telefon auto ieftin;Accesorii telefon;pret;suport telefon auto;6,4;46;4;0;1;DA;
suport telefon auto pentru logan;Accesorii telefon;segment;suport telefon auto;6,4;46;5;4;1;DA;
baterie externa cu incarcare rapida;Accesorii telefon;segment;baterie externa;9;44;5;5;1;DA;
baterie externa cu magnet;Accesorii telefon;segment;baterie externa;9;44;4;3;1;DA;
cablu pentru transfer de date;Accesorii telefon;segment;cablu de date;9;44;5;5;1;DA;
cel mai bun incarcator telefon;Accesorii telefon;roundup;incarcator telefon;9;44;5;0;1;DA;
husa telefon cu lant;Accesorii telefon;segment;husa telefon;9;44;4;3;1;DA;
husa telefon pentru curea;Accesorii telefon;segment;husa telefon;9;44;4;3;1;DA;
incarcator telefon cu afisaj;Accesorii telefon;segment;incarcator telefon;9;44;4;3;1;DA;
incarcator telefon cu mai multe mufe;Accesorii telefon;segment;incarcator telefon;9;44;6;7;1;DA;
stick cu card de memorie;Accesorii telefon;segment;card de memorie;9;44;5;5;1;DA;
suport telefon auto cu racire;Accesorii telefon;segment;suport telefon auto;6,4;44;5;5;1;DA;
suport telefon auto pentru filmat;Accesorii telefon;segment;suport telefon auto;6,4;44;5;5;1;DA;
baterie externa ieftina;Accesorii telefon;pret;baterie externa;9;42;3;0;1;DA;
baterie externa iphone ieftina;Accesorii telefon;pret;baterie externa;9;42;4;2;1;DA;
baterie externa pentru masina;Accesorii telefon;segment;baterie externa;9;42;4;4;1;DA;
camera cu card de memorie;Accesorii telefon;segment;card de memorie;9;42;5;6;1;DA;
card de memorie pentru camera video;Accesorii telefon;segment;card de memorie;9;42;6;8;1;DA;
husa telefon cu portofel;Accesorii telefon;segment;husa telefon;9;42;4;4;1;DA;
husa telefon ieftine;Accesorii telefon;pret;husa telefon;9;42;3;0;1;DA;
husa telefon pentru gat;Accesorii telefon;segment;husa telefon;9;42;4;4;1;DA;
incarcator pentru telefon;Accesorii telefon;segment;incarcator telefon;9;42;3;2;1;DA;
incarcator pentru telefon redmi;Accesorii telefon;segment;incarcator telefon;9;42;4;4;1;DA;
incarcator telefon cu incarcare rapida;Accesorii telefon;segment;incarcator telefon;9;42;5;6;1;DA;
incarcator telefon ieftin;Accesorii telefon;pret;incarcator telefon;9;42;3;0;1;DA;
suport auto telefon pentru oglinda retrovizoare;Accesorii telefon;segment;suport telefon auto;6,4;42;6;9;1;DA;
suport telefon auto cu prindere in cd player;Accesorii telefon;segment;suport telefon auto;6,4;42;8;9;1;DA;
suport telefon auto pareri;Accesorii telefon;recenzie;suport telefon auto;6,4;42;4;0;1;DA;
suport telefon auto pentru oglinda;Accesorii telefon;segment;suport telefon auto;6,4;42;5;6;1;DA;
baterie externa pentru camera auto;Accesorii telefon;segment;baterie externa;9;40;5;7;1;DA;
baterie externa solara pareri;Accesorii telefon;recenzie;baterie externa;9;40;4;1;1;DA;
card de memorie pentru laptop;Accesorii telefon;segment;card de memorie;9;40;5;7;1;DA;
husa telefon pentru brat;Accesorii telefon;segment;husa telefon;9;40;4;5;1;DA;
incarcator pentru telefon motorola;Accesorii telefon;segment;incarcator telefon;9;40;4;5;1;DA;
incarcator telefon cu dinam;Accesorii telefon;segment;incarcator telefon;9;40;4;5;1;DA;
suport telefon auto cu clema;Accesorii telefon;segment;suport telefon auto;6,4;40;5;7;1;DA;
suport telefon auto pentru duster;Accesorii telefon;segment;suport telefon auto;6,4;40;5;7;1;DA;
tableta cu card de memorie;Accesorii telefon;segment;card de memorie;9;40;5;7;1;DA;
baterie externa cu cabluri;Accesorii telefon;segment;baterie externa;9;38;4;6;1;DA;
baterie externa hama pareri;Accesorii telefon;recenzie;baterie externa;9;38;4;2;1;DA;
baterie externa pareri;Accesorii telefon;recenzie;baterie externa;9;38;3;0;1;DA;
baterie externa pentru laptop asus;Accesorii telefon;segment;baterie externa;9;38;5;9;1;DA;
boxa cu card de memorie;Accesorii telefon;segment;card de memorie;9;38;5;8;1;DA;
card de memorie pentru camera;Accesorii telefon;segment;card de memorie;9;38;5;9;1;DA;
dispozitive cu card de memorie;Accesorii telefon;segment;card de memorie;9;38;5;9;1;DA;
husa telefon cu butoane;Accesorii telefon;segment;husa telefon;9;38;4;6;1;DA;
incarcator pentru telefon honor;Accesorii telefon;segment;incarcator telefon;9;38;4;6;1;DA;
suport telefon auto cu adeziv;Accesorii telefon;segment;suport telefon auto;6,4;38;5;8;1;DA;
baterie externa cu lanterna;Accesorii telefon;segment;baterie externa;9;36;4;7;1;DA;
husa telefon cu ruj;Accesorii telefon;segment;husa telefon;9;36;4;7;1;DA;
incarcator pentru telefon auto;Accesorii telefon;segment;incarcator telefon;9;36;4;7;1;DA;
baterie externa cu magsafe;Accesorii telefon;segment;baterie externa;9;34;4;8;1;DA;
baterie externa cu wireless;Accesorii telefon;segment;baterie externa;9;34;4;9;1;DA;
baterie externa pentru frigider;Accesorii telefon;segment;baterie externa;9;34;4;8;1;DA;
husa pentru telefon;Accesorii telefon;segment;husa telefon;9;34;3;6;1;DA;
husa pentru telefon honor;Accesorii telefon;segment;husa telefon;9;34;4;9;1;DA;
husa pentru telefon redmi;Accesorii telefon;segment;husa telefon;9;34;4;8;1;DA;
husa telefon cu poza;Accesorii telefon;segment;husa telefon;9;34;4;8;1;DA;
husa telefon cu ventuze;Accesorii telefon;segment;husa telefon;9;34;4;9;1;DA;
incarcator pentru telefon huawei;Accesorii telefon;segment;incarcator telefon;9;34;4;8;1;DA;
incarcator pentru telefon solar;Accesorii telefon;segment;incarcator telefon;9;34;4;9;1;DA;
incarcator telefon cu magnet;Accesorii telefon;segment;incarcator telefon;9;34;4;9;1;DA;
incarcator telefon cu suport;Accesorii telefon;segment;incarcator telefon;9;34;4;8;1;DA;
suport telefon pentru auto;Accesorii telefon;segment;suport telefon auto;6,4;34;4;8;1;DA;
cablu hdmi sau displayport;Accesorii TV;comparatie;cablu hdmi;10,9;58;4;0;1;DA;
cablu optic sau hdmi arc;Accesorii TV;comparatie;cablu hdmi;10,9;58;5;2;1;DA;
suport tv de perete cu brat;Accesorii TV;segment;suport tv de perete;10,9;57;6;0,5;1;DA;
cablu optic sau hdmi;Accesorii TV;comparatie;cablu hdmi;10,9;56;4;1;1;DA;
suport tv de perete cu brat nexio;Accesorii TV;segment;suport tv de perete;10,9;56;7;1;1;DA;
cablu hdmi cu usb c;Accesorii TV;segment;cablu hdmi;10,9;54;5;0;1;DA;
suport de tv pentru perete;Accesorii TV;segment;suport tv de perete;10,9;54;5;0;1;DA;
suport tv de perete cu brat lung;Accesorii TV;segment;suport tv de perete;10,9;54;7;2;1;DA;
telecomanda universala pentru aer conditionat;Accesorii TV;segment;telecomanda universala;10,9;54;5;0;1;DA;
suport tv perete pentru colt;Accesorii TV;segment;suport tv de perete;10,9;52;5;1;1;DA;
cablu hdmi cu tip c;Accesorii TV;segment;cablu hdmi;10,9;50;5;2;1;DA;
cablu hdmi pentru ps4;Accesorii TV;segment;cablu hdmi;10,9;50;4;0;1;DA;
suport tv pentru perete rigips;Accesorii TV;segment;suport tv de perete;10,9;50;5;2;1;DA;
telecomanda universala cu invatare;Accesorii TV;segment;telecomanda universala;10,9;50;4;0;1;DA;
cablu hdmi cu vga;Accesorii TV;segment;cablu hdmi;10,9;48;4;1;1;DA;
cablu hdmi pentru telefon;Accesorii TV;segment;cablu hdmi;10,9;48;4;1;1;DA;
cel mai bun suport tv de perete;Accesorii TV;roundup;suport tv de perete;10,9;48;7;0;1;DA;
suport tv perete cu telecomanda;Accesorii TV;segment;suport tv de perete;10,9;48;5;3;1;DA;
telecomanda universala cu functie de copiere;Accesorii TV;segment;telecomanda universala;10,9;48;6;5;1;DA;
telecomanda universala cu tastatura;Accesorii TV;segment;telecomanda universala;10,9;48;4;1;1;DA;
telecomanda universala pentru televizor;Accesorii TV;segment;telecomanda universala;10,9;48;4;1;1;DA;
cablu hdmi pentru televizor;Accesorii TV;segment;cablu hdmi;10,9;46;4;2;1;DA;
cel mai bun cablu hdmi 2.1;Accesorii TV;roundup;cablu hdmi;10,9;46;6;1;1;DA;
suport tv perete cu raft;Accesorii TV;segment;suport tv de perete;10,9;46;5;4;1;DA;
suport tv perete ieftin;Accesorii TV;pret;suport tv de perete;10,9;46;4;0;1;DA;
telecomanda universala cu netflix;Accesorii TV;segment;telecomanda universala;10,9;46;4;2;1;DA;
telecomanda universala pentru masinuta electrica;Accesorii TV;segment;telecomanda universala;10,9;46;5;4;1;DA;
cablu hdmi cu scart;Accesorii TV;segment;cablu hdmi;10,9;44;4;3;1;DA;
cablu hdmi pentru ps5;Accesorii TV;segment;cablu hdmi;10,9;44;4;3;1;DA;
cel mai bun cablu hdmi;Accesorii TV;roundup;cablu hdmi;10,9;44;5;0;1;DA;
suport tv perete cu soundbar;Accesorii TV;segment;suport tv de perete;10,9;44;5;5;1;DA;
telecomanda universala cu youtube;Accesorii TV;segment;telecomanda universala;10,9;44;4;3;1;DA;
telecomanda universala pentru porti;Accesorii TV;segment;telecomanda universala;10,9;44;4;3;1;DA;
cablu hdmi cu displayport;Accesorii TV;segment;cablu hdmi;10,9;42;4;4;1;DA;
cablu hdmi cu mufa scart;Accesorii TV;segment;cablu hdmi;10,9;42;5;6;1;DA;
cablu hdmi cu rca audio video;Accesorii TV;segment;cablu hdmi;10,9;42;6;8;1;DA;
cablu hdmi ieftin;Accesorii TV;pret;cablu hdmi;10,9;42;3;0;1;DA;
cablu hdmi pentru soundbar;Accesorii TV;segment;cablu hdmi;10,9;42;4;4;1;DA;
suport tv perete cu picior;Accesorii TV;segment;suport tv de perete;10,9;42;5;6;1;DA;
telecomanda universala cu display;Accesorii TV;segment;telecomanda universala;10,9;42;4;4;1;DA;
telecomanda universala ieftina;Accesorii TV;pret;telecomanda universala;10,9;42;3;0;1;DA;
telecomanda universala pentru tv nei;Accesorii TV;segment;telecomanda universala;10,9;42;5;6;1;DA;
cablu hdmi cu usb;Accesorii TV;segment;cablu hdmi;10,9;40;4;5;1;DA;
cablu hdmi pentru monitor;Accesorii TV;segment;cablu hdmi;10,9;40;4;5;1;DA;
telecomanda universala tv cu tub;Accesorii TV;segment;telecomanda universala;10,9;40;5;7;1;DA;
cablu hdmi cu fibra optica;Accesorii TV;segment;cablu hdmi;10,9;38;5;9;1;DA;
cablu hdmi pentru videoproiector;Accesorii TV;segment;cablu hdmi;10,9;38;4;6;1;DA;
suport tv perete cu polita;Accesorii TV;segment;suport tv de perete;10,9;38;5;9;1;DA;
telecomanda universala compatibila cu vortex;Accesorii TV;segment;telecomanda universala;10,9;38;5;8;1;DA;
telecomanda universala cu usb;Accesorii TV;segment;telecomanda universala;10,9;38;4;6;1;DA;
telecomanda universala pentru toate televizoarele;Accesorii TV;segment;telecomanda universala;10,9;38;5;9;1;DA;
cablu hdmi cu rca;Accesorii TV;segment;cablu hdmi;10,9;36;4;7;1;DA;
cablu hdmi pentru calculator;Accesorii TV;segment;cablu hdmi;10,9;36;4;7;1;DA;
telecomanda universala pentru vortex;Accesorii TV;segment;telecomanda universala;10,9;36;4;7;1;DA;
cablu hdmi pentru laptop;Accesorii TV;segment;cablu hdmi;10,9;34;4;8;1;DA;
cablu hdmi pentru proiector;Accesorii TV;segment;cablu hdmi;10,9;34;4;9;1;DA;
cat consuma un incalzitor de acvariu;Animale;informational;acvariu;6,1;68;6;2;1;DA;
cat consuma un filtru de acvariu;Animale;informational;acvariu;6,1;66;6;3;1;DA;
cat curent consuma un acvariu;Animale;informational;acvariu;6,1;66;5;1;1;DA;
cat consuma un acvariu;Animale;informational;acvariu;6,1;64;4;0;1;DA;
acvariu cu capac sau fara;Animale;comparatie;acvariu;6,1;56;5;3;1;DA;
acvariu sau acvariul;Animale;comparatie;acvariu;6,1;54;3;0;1;DA;
hrana pisici cu omega 3;Animale;segment;hrana pisici;6,1;54;5;0;1;DA;
hrana pisici pentru caderea parului;Animale;segment;hrana pisici;6,1;54;5;0;1;DA;
litiera sau litiera;Animale;comparatie;litiera;6,1;54;3;0;1;DA;
acvariu cu pesti de colorat;Animale;segment;acvariu;6,1;52;5;1;1;DA;
acvariu sau aquarium;Animale;comparatie;acvariu;6,1;52;3;1;1;DA;
ham pentru caine de talie mica;Animale;segment;ham caine;6,1;52;6;3;1;DA;
hrana caini cu probleme hepatice;Animale;segment;hrana caini;6,1;52;5;1;1;DA;
hrana caini ieftina 10 kg penny;Animale;pret;hrana caini;6,1;52;6;1;1;DA;
hrana pisici cu insuficienta renala;Animale;segment;hrana pisici;6,1;52;5;1;1;DA;
litiera sau liziera;Animale;comparatie;litiera;6,1;52;3;1;1;DA;
acvariu sau acvariu;Animale;comparatie;acvariu;6,1;50;3;2;1;DA;
cusca caine cu incalzire;Animale;segment;cusca caine;6,1;50;4;0;1;DA;
cusca caine pentru iarna;Animale;segment;cusca caine;6,1;50;4;0;1;DA;
cusca caine pentru iarna md;Animale;segment;cusca caine;6,1;50;5;2;1;DA;
ham caine cu maner;Animale;segment;ham caine;6,1;50;4;0;1;DA;
ham pentru caine talie mare;Animale;segment;ham caine;6,1;50;5;2;1;DA;
hrana caini cu proteina hidrolizata;Animale;segment;hrana caini;6,1;50;5;2;1;DA;
hrana caini cu somon;Animale;segment;hrana caini;6,1;50;4;0;1;DA;
hrana caini ieftina 10 kg kaufland;Animale;pret;hrana caini;6,1;50;6;2;1;DA;
hrana caini pentru slabit;Animale;segment;hrana caini;6,1;50;4;0;1;DA;
acvariu pentru broasca testoasa;Animale;segment;acvariu;6,1;48;4;1;1;DA;
cusca caine cu incalzire in pardoseala;Animale;segment;cusca caine;6,1;48;6;5;1;DA;
cusca caine cu terasa;Animale;segment;cusca caine;6,1;48;4;1;1;DA;
cusca caine pentru transport;Animale;segment;cusca caine;6,1;48;4;1;1;DA;
hrana caini pentru blana;Animale;segment;hrana caini;6,1;48;4;1;1;DA;
hrana pisici cu probleme urinare;Animale;segment;hrana pisici;6,1;48;5;3;1;DA;
hrana pisici ieftina 10 kg;Animale;pret;hrana pisici;6,1;48;5;1;1;DA;
hrana pisici pentru blana;Animale;segment;hrana pisici;6,1;48;4;1;1;DA;
litiera pentru pisici automata smart neakasa m1;Animale;segment;litiera;6,1;48;7;5;1;DA;
acvariu cu pesti;Animale;segment;acvariu;6,1;46;3;0;1;DA;
acvariu pentru broaste testoase;Animale;segment;acvariu;6,1;46;4;2;1;DA;
acvariu pentru pesti;Animale;segment;acvariu;6,1;46;3;0;1;DA;
cele mai bune plante pentru acvariu;Animale;roundup;acvariu;6,1;46;6;1;1;DA;
cusca caine cu tarc;Animale;segment;cusca caine;6,1;46;4;2;1;DA;
ham pentru caine ciobanesc german;Animale;segment;ham caine;6,1;46;5;4;1;DA;
hrana pisici cu fibre;Animale;segment;hrana pisici;6,1;46;4;2;1;DA;
litiera cu capac;Animale;segment;litiera;6,1;46;3;0;1;DA;
litiera pentru caini;Animale;segment;litiera;6,1;46;3;0;1;DA;
ham caine pentru masina;Animale;segment;ham caine;6,1;45;4;2,5;1;DA;
caine cu ham;Animale;segment;ham caine;6,1;44;3;1;1;DA;
cel mai bun nisip litiera;Animale;roundup;litiera;6,1;44;5;0;1;DA;
cel mai bun nisip pentru litiera automata;Animale;roundup;litiera;6,1;44;7;2;1;DA;
cele mai bune filtre acvariu;Animale;roundup;acvariu;6,1;44;5;0;1;DA;
cele mai bune filtre externe acvariu;Animale;roundup;acvariu;6,1;44;6;2;1;DA;
cusca caine cu usa;Animale;segment;cusca caine;6,1;44;4;3;1;DA;
cusca caine pentru masina;Animale;segment;cusca caine;6,1;44;4;3;1;DA;
ham pentru caine;Animale;segment;ham caine;6,1;44;3;1;1;DA;
ham pentru caine talie medie;Animale;segment;ham caine;6,1;44;5;5;1;DA;
hrana caini cu peste;Animale;segment;hrana caini;6,1;44;4;3;1;DA;
hrana caini ieftina 10 kg lidl;Animale;pret;hrana caini;6,1;44;6;5;1;DA;
hrana pentru caini cu probleme digestive;Animale;segment;hrana caini;6,1;44;6;7;1;DA;
hrana pentru caini junior;Animale;segment;hrana caini;6,1;44;4;3;1;DA;
hrana pentru pisici sterilizate;Animale;segment;hrana pisici;6,1;44;4;3;1;DA;
hrana pisici fara cereale;Animale;segment;hrana pisici;6,1;44;4;3;1;DA;
litiera cu autocuratare;Animale;segment;litiera;6,1;44;3;1;1;DA;
litiera pentru pisici;Animale;segment;litiera;6,1;44;3;1;1;DA;
litiera pentru pisici mari;Animale;segment;litiera;6,1;44;4;3;1;DA;
hrana pentru pisici cu pancreatita;Animale;segment;hrana pisici;6,1;43;5;5,5;1;DA;
acvariu cu capac;Animale;segment;acvariu;6,1;42;3;2;1;DA;
acvariu cu filtru si incalzitor;Animale;segment;acvariu;6,1;42;5;6;1;DA;
cel mai bun asternut litiera;Animale;roundup;litiera;6,1;42;5;1;1;DA;
cel mai bun fertilizant plante acvariu;Animale;roundup;acvariu;6,1;42;6;3;1;DA;
cel mai bun filtru acvariu;Animale;roundup;acvariu;6,1;42;5;1;1;DA;
cel mai bun nisip pentru litiera pisicii;Animale;roundup;litiera;6,1;42;7;3;1;DA;
cusca caine pentru casa;Animale;segment;cusca caine;6,1;42;4;4;1;DA;
hrana caini cu probiotice;Animale;segment;hrana caini;6,1;42;4;4;1;DA;
hrana caini ieftina 10 kg;Animale;pret;hrana caini;6,1;42;5;4;1;DA;
hrana caini ieftina 10 kg carrefour;Animale;pret;hrana caini;6,1;42;6;6;1;DA;
hrana pentru caini;Animale;segment;hrana caini;6,1;42;3;2;1;DA;
hrana pentru caini kaufland;Animale;segment;hrana caini;6,1;42;4;4;1;DA;
hrana pentru pisici;Animale;segment;hrana pisici;6,1;42;3;2;1;DA;
hrana pentru pisici cu probleme renale;Animale;segment;hrana pisici;6,1;42;6;9;1;DA;
hrana pentru pisici junior;Animale;segment;hrana pisici;6,1;42;4;4;1;DA;
hrana pisici cu diabet;Animale;segment;hrana pisici;6,1;42;4;4;1;DA;
hrana pisici ieftina;Animale;pret;hrana pisici;6,1;42;3;0;1;DA;
hrana umeda pisici ieftina;Animale;pret;hrana pisici;6,1;42;4;2;1;DA;
litiera cu sita;Animale;segment;litiera;6,1;42;3;2;1;DA;
litiera pentru iepuri;Animale;segment;litiera;6,1;42;3;2;1;DA;
litiera pentru pisici automata;Animale;segment;litiera;6,1;42;4;4;1;DA;
hrana caini ieftina 20 kg;Animale;pret;hrana caini;6,1;41;5;4,5;1;DA;
acvariu cu filtru;Animale;segment;acvariu;6,1;40;3;3;1;DA;
acvariu pentru betta;Animale;segment;acvariu;6,1;40;3;3;1;DA;
acvariu pentru casa ta;Animale;segment;acvariu;6,1;40;4;5;1;DA;
acvariu pesti ieftin;Animale;pret;acvariu;6,1;40;3;1;1;DA;
cel mai bun asternut pentru litiera automata;Animale;roundup;litiera;6,1;40;7;4;1;DA;
cel mai bun filtru intern acvariu;Animale;roundup;acvariu;6,1;40;6;4;1;DA;
cel mai bun substrat acvariu;Animale;roundup;acvariu;6,1;40;5;2;1;DA;
cusca caine izolata ieftina;Animale;pret;cusca caine;6,1;40;4;3;1;DA;
cusca caine pentru avion;Animale;segment;cusca caine;6,1;40;4;5;1;DA;
hrana caini cu miel;Animale;segment;hrana caini;6,1;40;4;5;1;DA;
hrana caini ieftina 10 kg profi;Animale;pret;hrana caini;6,1;40;6;7;1;DA;
hrana caini si pisici ieftina;Animale;pret;hrana pisici;6,1;40;5;5;1;DA;
hrana pentru caini sterilizati;Animale;segment;hrana caini;6,1;40;4;5;1;DA;
hrana pentru pisici fara cereale;Animale;segment;hrana pisici;6,1;40;5;7;1;DA;
hrana pisici cu diaree;Animale;segment;hrana pisici;6,1;40;4;5;1;DA;
hrana uscata pisici cu somon;Animale;segment;hrana pisici;6,1;40;5;7;1;DA;
hrana uscata pisici ieftina;Animale;pret;hrana pisici;6,1;40;4;3;1;DA;
litiera cu sita pentru pisici;Animale;segment;litiera;6,1;40;5;7;1;DA;
litiera ieftina pisici;Animale;pret;litiera;6,1;40;3;1;1;DA;
monge hrana caini pareri;Animale;recenzie;hrana caini;6,1;40;4;1;1;DA;
virbac hrana pisici pareri;Animale;recenzie;hrana pisici;6,1;40;4;1;1;DA;
acvariu barcelona pareri;Animale;recenzie;acvariu;6,1;38;3;0;1;DA;
acvariu cu pesti de vanzare;Animale;segment;acvariu;6,1;38;5;8;1;DA;
acvariu ieftin;Animale;pret;acvariu;6,1;38;2;0;1;DA;
acvariu pentru axolotl;Animale;segment;acvariu;6,1;38;3;4;1;DA;
cel mai bun filtru extern acvariu;Animale;roundup;acvariu;6,1;38;6;5;1;DA;
cusca caine cu izolatie;Animale;segment;cusca caine;6,1;38;4;6;1;DA;
cusca caine mare ieftina;Animale;pret;cusca caine;6,1;38;4;4;1;DA;
cusca caine pentru apartament;Animale;segment;cusca caine;6,1;38;4;6;1;DA;
decoratiuni acvariu ieftine;Animale;pret;acvariu;6,1;38;3;2;1;DA;
ham pentru caine mare;Animale;segment;ham caine;6,1;38;4;6;1;DA;
hrana acana pisici pareri;Animale;recenzie;hrana pisici;6,1;38;4;2;1;DA;
hrana caini cu blana alba;Animale;segment;hrana caini;6,1;38;5;8;1;DA;
hrana caini cu insecte;Animale;segment;hrana caini;6,1;38;4;6;1;DA;
hrana caini ieftina 10 kg agroland;Animale;pret;hrana caini;6,1;38;6;8;1;DA;
hrana caini pareri;Animale;recenzie;hrana caini;6,1;38;3;0;1;DA;
hrana pentru caini cu dermatita;Animale;segment;hrana caini;6,1;38;5;8;1;DA;
hrana pentru caini md;Animale;segment;hrana caini;6,1;38;4;6;1;DA;
hrana pisici junior ieftina;Animale;pret;hrana pisici;6,1;38;4;4;1;DA;
hrana pisici pareri;Animale;recenzie;hrana pisici;6,1;38;3;0;1;DA;
hrana uscata pisici cu peste;Animale;segment;hrana pisici;6,1;38;5;8;1;DA;
hrana uscata pisici junior ieftina;Animale;pret;hrana pisici;6,1;38;5;6;1;DA;
litiera automata ieftina;Animale;pret;litiera;6,1;38;3;2;1;DA;
litiera cu gratar;Animale;segment;litiera;6,1;38;3;4;1;DA;
litiera cu intrare pe sus;Animale;segment;litiera;6,1;38;5;9;1;DA;
litiera cu pereti inalti;Animale;segment;litiera;6,1;38;4;6;1;DA;
litiera ieftina;Animale;pret;litiera;6,1;38;2;0;1;DA;
litiera pentru pisici mici;Animale;segment;litiera;6,1;38;4;6;1;DA;
virbac hrana caini pareri;Animale;recenzie;hrana caini;6,1;38;4;2;1;DA;
acvariu antalya pareri;Animale;recenzie;acvariu;6,1;36;3;1;1;DA;
cel mai bun material filtrant acvariu;Animale;roundup;acvariu;6,1;36;6;6;1;DA;
cusca caine cu padoc;Animale;segment;cusca caine;6,1;36;4;7;1;DA;
cusca caine exterior ieftina;Animale;pret;cusca caine;6,1;36;4;5;1;DA;
cusca caine pentru interior;Animale;segment;cusca caine;6,1;36;4;7;1;DA;
ham pentru caine lup;Animale;segment;ham caine;6,1;36;4;7;1;DA;
hrana caini cu iepure;Animale;segment;hrana caini;6,1;36;4;7;1;DA;
hrana caini ieftina;Animale;pret;hrana caini;6,1;36;3;3;1;DA;
hrana caini piper pareri;Animale;recenzie;hrana caini;6,1;36;4;3;1;DA;
hrana umeda pisici junior ieftina;Animale;pret;hrana pisici;6,1;36;5;7;1;DA;
litiera acoperita ieftina;Animale;pret;litiera;6,1;36;3;3;1;DA;
litiera automata pisici ieftina;Animale;pret;litiera;6,1;36;4;5;1;DA;
litiera cu sertar;Animale;segment;litiera;6,1;36;3;5;1;DA;
litiera pentru 2 pisici;Animale;segment;litiera;6,1;36;4;7;1;DA;
monge hrana pisici pareri;Animale;recenzie;hrana pisici;6,1;36;4;3;1;DA;
plante acvariu ieftine;Animale;pret;acvariu;6,1;36;3;3;1;DA;
tablete co2 acvariu pareri;Animale;recenzie;acvariu;6,1;36;4;3;1;DA;
cusca caine ieftina;Animale;pret;cusca caine;6,1;35;3;3,5;1;DA;
acvariu istanbul pareri;Animale;recenzie;acvariu;6,1;34;3;2;1;DA;
acvariu pentru pesti betta;Animale;segment;acvariu;6,1;34;4;8;1;DA;
acvariu pentru testoasa;Animale;segment;acvariu;6,1;34;3;6;1;DA;
cusca caine cu etaj;Animale;segment;cusca caine;6,1;34;4;8;1;DA;
cusca caine cu gard;Animale;segment;cusca caine;6,1;34;4;9;1;DA;
cusca caine lemn ieftina;Animale;pret;cusca caine;6,1;34;4;6;1;DA;
cusca caine pentru afara;Animale;segment;cusca caine;6,1;34;4;8;1;DA;
filtru acvariu ieftin;Animale;pret;acvariu;6,1;34;3;4;1;DA;
ham pentru caine mic;Animale;segment;ham caine;6,1;34;4;8;1;DA;
hrana caini acana pareri;Animale;recenzie;hrana caini;6,1;34;4;4;1;DA;
hrana caini cu cal;Animale;segment;hrana caini;6,1;34;4;9;1;DA;
hrana caini ieftina si buna;Animale;pret;hrana caini;6,1;34;5;9;1;DA;
hrana pentru pisici ieftina;Animale;pret;hrana pisici;6,1;34;4;6;1;DA;
hrana pentru pisici mici;Animale;segment;hrana pisici;6,1;34;4;8;1;DA;
hrana pentru pisici obeze;Animale;segment;hrana pisici;6,1;34;4;9;1;DA;
hrana pisici equilibrio pareri;Animale;recenzie;hrana pisici;6,1;34;4;4;1;DA;
litiera pentru caini mici;Animale;segment;litiera;6,1;34;4;9;1;DA;
litiera pentru pisici chisinau;Animale;segment;litiera;6,1;34;4;8;1;DA;
litiera pisici acoperita ieftina;Animale;pret;litiera;6,1;34;4;6;1;DA;
nisip litiera ieftin;Animale;pret;litiera;6,1;34;3;4;1;DA;
acvariu mare ieftin;Animale;pret;acvariu;6,1;32;3;5;1;DA;
acvariu pentru hamsteri;Animale;segment;acvariu;6,1;32;3;7;1;DA;
hrana umeda pisici pareri;Animale;recenzie;hrana pisici;6,1;32;4;5;1;DA;
litiera automata pisici pareri;Animale;recenzie;litiera;6,1;32;4;5;1;DA;
litiera cu capac ieftina;Animale;pret;litiera;6,1;32;4;7;1;DA;
orlando hrana caini pareri;Animale;recenzie;hrana caini;6,1;32;4;5;1;DA;
acvariu cu stand;Animale;segment;acvariu;6,1;30;3;9;1;DA;
acvariu pentru copii;Animale;segment;acvariu;6,1;30;3;9;1;DA;
cusca pentru caine;Animale;segment;cusca caine;6,1;30;3;9;1;DA;
hrana caini procan pareri;Animale;recenzie;hrana caini;6,1;30;4;6;1;DA;
hrana pentru caini ieftina;Animale;pret;hrana caini;6,1;30;4;9;1;DA;
hrana pisici devora pareri;Animale;recenzie;hrana pisici;6,1;30;4;6;1;DA;
litiera cu nisip;Animale;segment;litiera;6,1;30;3;8;1;DA;
litiera ihunt v5 pareri;Animale;recenzie;litiera;6,1;30;4;6;1;DA;
litiera pisici pareri;Animale;recenzie;litiera;6,1;30;3;4;1;DA;
hrana caini premil pareri;Animale;recenzie;hrana caini;6,1;28;4;7;1;DA;
hrana pisici brit pareri;Animale;recenzie;hrana pisici;6,1;28;4;7;1;DA;
litiera automata shaw pareri;Animale;recenzie;litiera;6,1;28;4;7;1;DA;
advance hrana pisici pareri;Animale;recenzie;hrana pisici;6,1;26;4;9;1;DA;
cel mai bun acvariu;Animale;roundup;acvariu;6,1;26;4;0;1;DA;
hrana caini amity pareri;Animale;recenzie;hrana caini;6,1;26;4;9;1;DA;
hrana caini josera pareri;Animale;recenzie;hrana caini;6,1;26;4;8;1;DA;
hrana pisici coshida pareri;Animale;recenzie;hrana pisici;6,1;26;4;8;1;DA;
cat consuma o camera auto;Auto;informational;camera auto;6,2;68;5;0;1;DA;
cat consuma un redresor auto;Auto;informational;redresor auto;8;68;5;0;1;DA;
scaun auto copii sau inaltator;Auto;comparatie;scaun auto copii;5,9;62;5;0;1;DA;
ce scaun auto pentru copii sa cumpar;Auto;segment;scaun auto copii;5,9;58;7;0;1;DA;
compresor auto pentru suv camion microbuz;Auto;segment;compresor auto;8;58;6;0;1;DA;
scaun auto copii cu pozitie de somn;Auto;segment;scaun auto copii;5,9;58;7;0;1;DA;
cutie portbagaj cu prindere pe carligul de remorcare;Auto;segment;cutie portbagaj;8;56;8;1;1;DA;
baterie auto cu garantie 5 ani;Auto;segment;baterie auto;6,2;54;6;2;1;DA;
baterie auto cu start stop;Auto;segment;baterie auto;6,2;54;5;0;1;DA;
baterie auto pentru start stop;Auto;segment;baterie auto;6,2;54;5;0;1;DA;
camera auto cu aplicatie pe telefon;Auto;segment;camera auto;6,2;54;6;2;1;DA;
navigatie gps auto 1din cu ecran retractabil;Auto;segment;navigatie gps;6,2;54;7;2;1;DA;
redresor auto cu functie de reparare;Auto;segment;redresor auto;8;54;6;2;1;DA;
redresor auto pentru baterii agm;Auto;segment;redresor auto;8;54;5;0;1;DA;
scaun auto copii pentru dormit;Auto;segment;scaun auto copii;5,9;54;5;0;1;DA;
statie radio cb cu antena;Auto;segment;statie radio cb;6,2;54;5;0;1;DA;
baterie auto cu montaj la domiciliu;Auto;segment;baterie auto;6,2;52;6;3;1;DA;
camera auto cu acumulator mare;Auto;segment;camera auto;6,2;52;5;1;1;DA;
camera auto cu senzor de miscare;Auto;segment;camera auto;6,2;52;6;3;1;DA;
cele mai bune frigidere auto cu compresor;Auto;roundup;compresor auto;8;52;7;2;3;DA;
husa auto pentru caini lidl;Auto;segment;husa auto;8;52;5;1;1;DA;
scaun auto copii 9 36 kg ieftin;Auto;pret;scaun auto copii;5,9;52;7;1;1;DA;
scaun auto copii cu isofix;Auto;segment;scaun auto copii;5,9;52;5;1;1;DA;
scaun auto pentru copii de 5 ani;Auto;segment;scaun auto copii;5,9;52;7;3;1;DA;
tester baterie auto cu bon;Auto;segment;tester baterie auto;8;52;5;1;1;DA;
tester baterie auto cu imprimanta;Auto;segment;tester baterie auto;8;52;5;1;1;DA;
cel mai bun redresor baterie auto;Auto;roundup;redresor auto;8;51;6;0,5;2;DA;
cel mai bun tester baterie auto;Auto;roundup;tester baterie auto;8;51;6;0,5;2;DA;
aspirator auto pentru tapiterie;Auto;segment;aspirator auto;8;50;4;0;1;DA;
camera auto ieftina si buna;Auto;pret;camera auto;6,2;50;5;0;1;DA;
cutie portbagaj pentru scuter;Auto;segment;cutie portbagaj;8;50;4;0;1;DA;
husa auto cu bile de lemn;Auto;segment;husa auto;8;50;6;4;1;DA;
navigatie gps pentru camioane;Auto;segment;navigatie gps;6,2;50;4;0;1;DA;
redresor auto cu acumulator;Auto;segment;redresor auto;8;50;4;0;1;DA;
scaun auto copii 0 36 kg ieftine;Auto;pret;scaun auto copii;5,9;50;7;2;1;DA;
scaun auto copii cu picior;Auto;segment;scaun auto copii;5,9;50;5;2;1;DA;
scaun auto copii cu prindere in centuri;Auto;segment;scaun auto copii;5,9;50;7;4;1;DA;
scaun auto pentru copii 999;Auto;segment;scaun auto copii;5,9;50;5;2;1;DA;
tester pentru baterie auto;Auto;segment;tester baterie auto;8;50;4;0;1;DA;
aspirator auto cu acumulator;Auto;segment;aspirator auto;8;49;4;0,5;1;DA;
cel mai bun compresor auto forum;Auto;roundup;compresor auto;8;49;6;1,5;2;DA;
aspirator auto pentru apa;Auto;segment;aspirator auto;8;48;4;1;1;DA;
baterie auto cu gel;Auto;segment;baterie auto;6,2;48;4;1;1;DA;
baterie auto ieftina si buna;Auto;pret;baterie auto;6,2;48;5;1;1;DA;
baterie auto pentru diesel;Auto;segment;baterie auto;6,2;48;4;1;1;DA;
cel mai bun compresor auto;Auto;roundup;compresor auto;8;48;5;0;2;DA;
cel mai bun scaun auto copii;Auto;roundup;scaun auto copii;5,9;48;6;0;1;DA;
cel mai bun sistem de navigatie gps auto;Auto;roundup;navigatie gps;6,2;48;8;0;1;DA;
cele mai bune covorase auto;Auto;roundup;covorase auto;8;48;5;0;2;DA;
compresor auto cu 2 cilindri;Auto;segment;compresor auto;8;48;5;3;1;DA;
compresor auto cu baterie;Auto;segment;compresor auto;8;48;4;1;1;DA;
compresor auto pentru vopsit;Auto;segment;compresor auto;8;48;4;1;1;DA;
covorase auto cu lumini;Auto;segment;covorase auto;8;48;4;1;1;DA;
cutie portbagaj pentru duster;Auto;segment;cutie portbagaj;8;48;4;1;1;DA;
husa auto cu masaj;Auto;segment;husa auto;8;48;4;1;1;DA;
navigatie gps pentru tir;Auto;segment;navigatie gps;6,2;48;4;1;1;DA;
redresor auto cu starter;Auto;segment;redresor auto;8;48;4;1;1;DA;
redresor auto ieftin si bun;Auto;pret;redresor auto;8;48;5;1;1;DA;
redresor auto pentru baterie;Auto;segment;redresor auto;8;48;4;1;1;DA;
scaun auto copii 3 12 ani ieftin;Auto;pret;scaun auto copii;5,9;48;7;3;1;DA;
scaun auto copii cu dizabilitati;Auto;segment;scaun auto copii;5,9;48;5;3;1;DA;
scaun auto pentru copii;Auto;segment;scaun auto copii;5,9;48;4;1;1;DA;
aspirator auto cu acumulator parkside;Auto;segment;aspirator auto;8;46;5;4;1;DA;
aspirator auto cu apa;Auto;segment;aspirator auto;8;46;4;2;1;DA;
aspirator auto pentru masina;Auto;segment;aspirator auto;8;46;4;2;1;DA;
aspirator cu spalare pentru auto;Auto;segment;aspirator auto;8;46;5;4;1;DA;
baterie auto cu gel pareri;Auto;segment;baterie auto;6,2;46;5;4;1;DA;
baterie auto pentru ups;Auto;segment;baterie auto;6,2;46;4;2;1;DA;
cel mai bun aspirator auto cu acumulator;Auto;roundup;aspirator auto;8;46;7;1;1;DA;
cel mai bun card pentru camera auto;Auto;roundup;camera auto;6,2;46;7;1;1;DA;
cel mai bun program de navigatie gps;Auto;roundup;navigatie gps;6,2;46;7;1;1;DA;
cel mai bun scaun auto copii 5 ani;Auto;roundup;scaun auto copii;5,9;46;8;1;1;DA;
cele mai bune camera de bord auto;Auto;roundup;camera auto;6,2;46;7;1;1;DA;
compresor auto cu butelie;Auto;segment;compresor auto;8;46;4;2;1;DA;
compresor auto pentru roti;Auto;segment;compresor auto;8;46;4;2;1;DA;
cutie portbagaj cu bare;Auto;segment;cutie portbagaj;8;46;4;2;1;DA;
cutie portbagaj pentru masina;Auto;segment;cutie portbagaj;8;46;4;2;1;DA;
cutie portbagaj pentru scuter electric;Auto;segment;cutie portbagaj;8;46;5;4;1;DA;
husa auto cu bile;Auto;segment;husa auto;8;46;4;2;1;DA;
husa auto cu incalzire si masaj;Auto;segment;husa auto;8;46;6;6;1;DA;
husa auto pentru grindina;Auto;segment;husa auto;8;46;4;2;1;DA;
scaun auto copii 15 36 kg ieftine;Auto;pret;scaun auto copii;5,9;46;7;4;1;DA;
scaun auto copii cu pozitie de somn isofix;Auto;segment;scaun auto copii;5,9;46;8;6;1;DA;
scaun auto copii ieftine;Auto;pret;scaun auto copii;5,9;46;4;0;1;DA;
scaun auto pentru copii britax romer advansafix pro;Auto;segment;scaun auto copii;5,9;46;8;6;1;DA;
scaun auto pentru copii chisinau;Auto;segment;scaun auto copii;5,9;46;5;4;1;DA;
cel mai bun compresor auto portabil;Auto;roundup;compresor auto;8;45;6;3,5;2;DA;
compresor auto cu acumulator;Auto;segment;compresor auto;8;45;4;2,5;1;DA;
navigatie gps cu camera video;Auto;segment;navigatie gps;6,2;45;5;4,5;1;DA;
aspirator auto cu aburi;Auto;segment;aspirator auto;8;44;4;3;1;DA;
aspirator cu aburi pentru auto;Auto;segment;aspirator auto;8;44;5;5;1;DA;
camera auto cu cartela sim;Auto;segment;camera auto;6,2;44;5;5;1;DA;
cel mai bun aspirator auto;Auto;roundup;aspirator auto;8;44;5;0;1;DA;
cel mai bun camera auto;Auto;roundup;camera auto;6,2;44;5;0;1;DA;
cel mai bun incarcator baterie auto;Auto;roundup;baterie auto;6,2;44;6;2;1;DA;
cel mai bun redresor auto;Auto;roundup;redresor auto;8;44;5;0;1;DA;
cel mai bun scaun auto copii 4 ani;Auto;roundup;scaun auto copii;5,9;44;8;2;1;DA;
cele mai bune camera auto;Auto;roundup;camera auto;6,2;44;5;0;1;DA;
compresor auto pentru suv;Auto;segment;compresor auto;8;44;4;3;1;DA;
covorase auto cauciuc ieftine;Auto;pret;covorase auto;8;44;4;1;1;DA;
covorase auto cu led;Auto;segment;covorase auto;8;44;4;3;1;DA;
cutie portbagaj auto ieftine;Auto;pret;cutie portbagaj;8;44;4;1;1;DA;
cutie portbagaj pentru carlig;Auto;segment;cutie portbagaj;8;44;4;3;1;DA;
husa auto cu incalzire;Auto;segment;husa auto;8;44;4;3;1;DA;
husa auto cu ventilatie forum;Auto;segment;husa auto;8;44;5;5;1;DA;
husa auto pentru caini;Auto;segment;husa auto;8;44;4;3;1;DA;
husa auto pentru iarna;Auto;segment;husa auto;8;44;4;3;1;DA;
navigatie auto cu gps;Auto;segment;navigatie gps;6,2;44;4;3;1;DA;
navigatie cu gps;Auto;segment;navigatie gps;6,2;44;3;1;1;DA;
redresor auto cu transformator;Auto;segment;redresor auto;8;44;4;3;1;DA;
redresor baterie auto ieftin;Auto;pret;redresor auto;8;44;4;3;2;DA;
scaun auto copii cu airbag;Auto;segment;scaun auto copii;5,9;44;5;5;1;DA;
husa auto cu ventilatie;Auto;segment;husa auto;8;43;4;3,5;1;DA;
aspirator auto ieftin;Auto;pret;aspirator auto;8;42;3;0;1;DA;
baterie auto 55ah ieftine;Auto;pret;baterie auto;6,2;42;4;2;1;DA;
baterie auto cu borna inversa;Auto;segment;baterie auto;6,2;42;5;6;1;DA;
baterie auto ieftina;Auto;pret;baterie auto;6,2;42;3;0;1;DA;
camera auto cu baterie interna;Auto;segment;camera auto;6,2;42;5;6;1;DA;
camera auto cu gps;Auto;segment;camera auto;6,2;42;4;4;1;DA;
camera bord auto ieftina;Auto;pret;camera auto;6,2;42;4;2;1;DA;
cea mai buna camera auto ieftina;Auto;roundup;camera auto;6,2;42;6;3;1;DA;
cel mai bun aspirator auto portabil;Auto;roundup;aspirator auto;8;42;6;3;1;DA;
cel mai bun compresor auto cu acumulator;Auto;roundup;compresor auto;8;42;7;5;2;DA;
compresor auto cu starter;Auto;segment;compresor auto;8;42;4;4;1;DA;
compresor auto ieftin;Auto;pret;compresor auto;8;42;3;2;2;DA;
covorase auto ieftine;Auto;pret;covorase auto;8;42;3;0;1;DA;
cutie portbagaj ieftina;Auto;pret;cutie portbagaj;8;42;3;0;1;DA;
gps pentru navigatie;Auto;segment;navigatie gps;6,2;42;3;2;1;DA;
husa auto ieftina;Auto;pret;husa auto;8;42;3;0;1;DA;
husa auto pentru animale;Auto;segment;husa auto;8;42;4;4;1;DA;
redresor auto cu regenerare;Auto;segment;redresor auto;8;42;4;4;1;DA;
redresor auto ieftin;Auto;pret;redresor auto;8;42;3;0;1;DA;
redresor auto ultimate speed pareri;Auto;recenzie;redresor auto;8;42;5;2;1;DA;
scaun auto copii cu baza isofix;Auto;segment;scaun auto copii;5,9;42;6;8;1;DA;
scaun auto copii pareri;Auto;recenzie;scaun auto copii;5,9;42;4;0;1;DA;
scaun auto pentru copii britax romer;Auto;segment;scaun auto copii;5,9;42;6;9;1;DA;
set covorase auto ieftine;Auto;pret;covorase auto;8;42;4;2;1;DA;
camera auto cu acumulator;Auto;segment;camera auto;6,2;41;4;4,5;1;DA;
aspirator pentru auto;Auto;segment;aspirator auto;8;40;3;3;1;DA;
baterie auto 70 ah ieftina;Auto;pret;baterie auto;6,2;40;5;5;1;DA;
baterie auto exide pareri;Auto;recenzie;baterie auto;6,2;40;4;1;1;DA;
camera auto ieftina;Auto;pret;camera auto;6,2;40;3;1;1;DA;
camera auto viofo pareri;Auto;recenzie;camera auto;6,2;40;4;1;1;DA;
cel mai bun aspirator auto fara fir;Auto;roundup;aspirator auto;8;40;7;4;1;DA;
cel mai bun compresor auto 12v;Auto;roundup;compresor auto;8;40;6;6;2;DA;
compresor auto lidl pareri;Auto;recenzie;compresor auto;8;40;4;1;1;DA;
covorase auto cu stelute;Auto;segment;covorase auto;8;40;4;5;1;DA;
covorase auto eva pareri;Auto;recenzie;covorase auto;8;40;4;1;1;DA;
covorase auto personalizate cu nume;Auto;segment;covorase auto;8;40;5;7;1;DA;
cutie pentru portbagaj auto;Auto;segment;cutie portbagaj;8;40;4;5;1;DA;
husa auto cu incalzire lidl;Auto;segment;husa auto;8;40;5;7;1;DA;
husa auto pentru parbriz;Auto;segment;husa auto;8;40;4;5;1;DA;
husa auto ro pareri;Auto;recenzie;husa auto;8;40;4;1;1;DA;
redresor auto cu compresor;Auto;segment;redresor auto;8;40;4;5;1;DA;
redresor auto lidl pareri;Auto;recenzie;redresor auto;8;40;4;1;1;DA;
scaun auto copii cu incalzire;Auto;segment;scaun auto copii;5,9;40;5;7;1;DA;
aspirator auto cu fir;Auto;segment;aspirator auto;8;38;4;6;1;DA;
aspirator auto pareri;Auto;recenzie;aspirator auto;8;38;3;0;1;DA;
baterie auto 75 ah ieftine;Auto;pret;baterie auto;6,2;38;5;6;1;DA;
baterie auto cu borne inverse;Auto;segment;baterie auto;6,2;38;5;8;1;DA;
baterie auto pareri;Auto;recenzie;baterie auto;6,2;38;3;0;1;DA;
baterie auto sorgeti pareri;Auto;recenzie;baterie auto;6,2;38;4;2;1;DA;
camera auto buna pareri;Auto;recenzie;camera auto;6,2;38;4;2;1;DA;
camera auto cu sim 4g;Auto;segment;camera auto;6,2;38;5;9;1;DA;
camera auto pareri;Auto;recenzie;camera auto;6,2;38;3;0;1;DA;
cel mai bun frigider auto cu compresor;Auto;roundup;compresor auto;8;38;7;7;2;DA;
cel mai bun starter auto cu compresor;Auto;roundup;compresor auto;8;38;7;5;1;DA;
compresor auto cu acumulator parkside;Auto;segment;compresor auto;8;38;5;9;1;DA;
compresor auto cu cric;Auto;segment;compresor auto;8;38;4;6;1;DA;
compresor auto pareri;Auto;recenzie;compresor auto;8;38;3;0;1;DA;
covorase auto cu logo;Auto;segment;covorase auto;8;38;4;6;1;DA;
covorase auto pareri;Auto;recenzie;covorase auto;8;38;3;0;1;DA;
covorase auto rigum pareri;Auto;recenzie;covorase auto;8;38;4;2;1;DA;
cutie portbagaj pareri;Auto;recenzie;cutie portbagaj;8;38;3;0;1;DA;
husa auto cu suport lombar;Auto;segment;husa auto;8;38;5;8;1;DA;
husa auto pareri;Auto;recenzie;husa auto;8;38;3;0;1;DA;
husa auto pentru caini carrefour;Auto;segment;husa auto;8;38;5;8;1;DA;
husa auto pentru suv;Auto;segment;husa auto;8;38;4;6;1;DA;
husa scaun auto pentru sezut;Auto;segment;husa auto;8;38;5;9;1;DA;
incarcare baterie auto cu redresor;Auto;segment;baterie auto;6,2;38;5;9;1;DA;
redresor auto cu robot;Auto;segment;redresor auto;8;38;4;6;1;DA;
redresor auto pareri;Auto;recenzie;redresor auto;8;38;3;0;1;DA;
scaun auto copii cu ventilatie;Auto;segment;scaun auto copii;5,9;38;5;9;1;DA;
aspirator auto cu spalare;Auto;segment;aspirator auto;8;36;4;7;1;DA;
baterie auto 80 ah ieftina;Auto;pret;baterie auto;6,2;36;5;7;1;DA;
baterie auto cu montaj;Auto;segment;baterie auto;6,2;36;4;7;1;DA;
baterie auto yuasa pareri;Auto;recenzie;baterie auto;6,2;36;4;3;1;DA;
camera auto 70mai pareri;Auto;recenzie;camera auto;6,2;36;4;3;1;DA;
camera auto cu sim;Auto;segment;camera auto;6,2;36;4;7;1;DA;
compresor auto cu spuma;Auto;segment;compresor auto;8;36;4;7;1;DA;
cutie depozitare pentru portbagaj;Auto;segment;cutie portbagaj;8;36;4;7;1;DA;
husa auto pentru soare;Auto;segment;husa auto;8;36;4;7;1;DA;
redresor auto cu baterie;Auto;segment;redresor auto;8;36;4;7;1;DA;
aspirator auto cu extractie;Auto;segment;aspirator auto;8;34;4;9;1;DA;
baterie auto 74 ah ieftina;Auto;pret;baterie auto;6,2;34;5;9;1;DA;
baterie auto caranda pareri;Auto;recenzie;baterie auto;6,2;34;4;4;1;DA;
baterie auto cea mai ieftina;Auto;pret;baterie auto;6,2;34;5;8;1;DA;
camera auto cu wifi;Auto;segment;camera auto;6,2;34;4;8;1;DA;
camera auto fara fir;Auto;segment;camera auto;6,2;34;4;8;1;DA;
camera bord auto pareri;Auto;recenzie;camera auto;6,2;34;4;4;1;DA;
cel mai bun aspirator automat;Auto;roundup;aspirator auto;8;34;5;5;1;DA;
cel mai bun aspirator pentru detailing auto;Auto;roundup;aspirator auto;8;34;7;7;1;DA;
cutie pentru portbagaj;Auto;segment;cutie portbagaj;8;34;3;6;1;DA;
husa auto cu racire;Auto;segment;husa auto;8;34;4;9;1;DA;
redresor auto cu desulfatare;Auto;segment;redresor auto;8;34;4;9;1;DA;
redresor auto cu impulsuri;Auto;segment;redresor auto;8;34;4;8;1;DA;
baterie auto banner pareri;Auto;recenzie;baterie auto;6,2;32;4;5;1;DA;
camera auto temu pareri;Auto;recenzie;camera auto;6,2;32;4;5;1;DA;
baterie auto macht pareri;Auto;recenzie;baterie auto;6,2;30;4;6;1;DA;
camera auto fata spate pareri;Auto;recenzie;camera auto;6,2;30;5;9;1;DA;
camera auto vortex pareri;Auto;recenzie;camera auto;6,2;30;4;6;1;DA;
baterie auto qwp pareri;Auto;recenzie;baterie auto;6,2;28;4;7;1;DA;
camera auto oglinda pareri;Auto;recenzie;camera auto;6,2;28;4;7;1;DA;
baterie auto duracell pareri;Auto;recenzie;baterie auto;6,2;26;4;8;1;DA;
baterie auto monbat pareri;Auto;recenzie;baterie auto;6,2;26;4;9;1;DA;
scaun de masa bebe cu roti;Bebe si copii;segment;scaun de masa bebe;5,9;58;6;0;1;DA;
tobogan copii sau topogan;Bebe si copii;comparatie;tobogan copii;7,4;58;4;0;1;DA;
perna pentru scaun de masa bebe;Bebe si copii;segment;scaun de masa bebe;5,9;56;6;1;1;DA;
scaun de masa bebe cu suport picioare;Bebe si copii;segment;scaun de masa bebe;5,9;56;7;1;1;DA;
trotineta pentru copii de 2 ani;Bebe si copii;segment;trotineta copii;6,9;56;6;1;1;DA;
bicicleta pentru copii 3 ani;Bebe si copii;segment;bicicleta copii;4,7;55;5;1,5;2;DA;
bicicleta copii cu roti ajutatoare;Bebe si copii;segment;bicicleta copii;4,7;54;5;0;1;DA;
husa pentru scaun de masa bebe;Bebe si copii;segment;scaun de masa bebe;5,9;54;6;2;1;DA;
lego pentru copii de 10 ani;Bebe si copii;segment;lego;7,4;54;6;2;1;DA;
puzzle pentru copii de 3 ani;Bebe si copii;segment;puzzle;7,4;54;6;2;1;DA;
scaun de masa bebe cu spatar reglabil;Bebe si copii;segment;scaun de masa bebe;5,9;54;7;2;1;DA;
scaun de masa pentru bebe;Bebe si copii;segment;scaun de masa bebe;5,9;54;5;0;1;DA;
trambulina sau trambulina;Bebe si copii;comparatie;trambulina;7,4;54;3;0;1;DA;
bicicleta pentru copii 2 ani;Bebe si copii;segment;bicicleta copii;4,7;53;5;2,5;2;DA;
carucior copii cu roti mari;Bebe si copii;segment;carucior copii;5,9;52;5;1;1;DA;
lego pentru copii de 3 ani;Bebe si copii;segment;lego;7,4;52;6;3;1;DA;
patut bebe cu saltea si lenjerie;Bebe si copii;segment;patut bebe;7,4;52;6;3;1;DA;
scaun de masa bebe cu balansoar;Bebe si copii;segment;scaun de masa bebe;5,9;52;6;3;1;DA;
trotineta copii cu 3 roti;Bebe si copii;segment;trotineta copii;6,9;52;5;1;1;DA;
bicicleta pentru copii 4 ani;Bebe si copii;segment;bicicleta copii;4,7;51;5;3,5;2;DA;
bicicleta copii cu 3 roti;Bebe si copii;segment;bicicleta copii;4,7;50;5;2;1;DA;
bicicleta copii pentru echilibru;Bebe si copii;segment;bicicleta copii;4,7;50;4;0;1;DA;
carucior copii 3 in 1 ieftin;Bebe si copii;pret;carucior copii;5,9;50;6;2;1;DA;
carucior copii pentru bicicleta;Bebe si copii;segment;carucior copii;5,9;50;4;0;1;DA;
lego pana in 100 lei;Bebe si copii;pret;lego;7,4;50;5;0;1;DA;
monitor bebe cu aplicatie;Bebe si copii;segment;monitor bebe;8,1;50;4;0;1;DA;
patut bebe pentru pat;Bebe si copii;segment;patut bebe;7,4;50;4;0;1;DA;
puzzle cu piese mari;Bebe si copii;segment;puzzle;7,4;50;4;0;1;DA;
puzzle pentru copii de 2 ani;Bebe si copii;segment;puzzle;7,4;50;6;4;1;DA;
scaun de masa bebe cu jucarii;Bebe si copii;segment;scaun de masa bebe;5,9;50;6;4;1;DA;
sterilizator biberoane cu uscare chicco;Bebe si copii;segment;sterilizator biberoane;5,9;50;5;2;1;DA;
sterilizator biberoane pentru microunde;Bebe si copii;segment;sterilizator biberoane;5,9;50;4;0;1;DA;
tobogan copii 3 4 ani ieftin;Bebe si copii;pret;tobogan copii;7,4;50;6;2;1;DA;
tobogan copii cu leagan;Bebe si copii;segment;tobogan copii;7,4;50;4;0;1;DA;
tobogan copii pentru casuta;Bebe si copii;segment;tobogan copii;7,4;50;4;0;1;DA;
trambulina pentru copii cu plasa de protectie;Bebe si copii;segment;trambulina;7,4;50;7;4;1;DA;
trotineta copii cu lumini si muzica;Bebe si copii;segment;trotineta copii;6,9;50;6;4;1;DA;
trotineta copii cu sezut;Bebe si copii;segment;trotineta copii;6,9;50;4;0;1;DA;
trotineta pentru copii de 3 ani;Bebe si copii;segment;trotineta copii;6,9;50;6;4;1;DA;
bicicleta pentru copii;Bebe si copii;segment;bicicleta copii;4,7;49;3;0,5;2;DA;
sterilizator biberoane cu uscare;Bebe si copii;segment;sterilizator biberoane;5,9;49;4;0,5;1;DA;
bicicleta copii cu pedale;Bebe si copii;segment;bicicleta copii;4,7;48;4;1;1;DA;
bicicleta pentru copii 8 10 ani md;Bebe si copii;segment;bicicleta copii;4,7;48;7;5;1;DA;
carucior copii cu maner reversibil;Bebe si copii;segment;carucior copii;5,9;48;5;3;1;DA;
carucior copii pentru avion;Bebe si copii;segment;carucior copii;5,9;48;4;1;1;DA;
cel mai bun scaun de masa bebe;Bebe si copii;roundup;scaun de masa bebe;5,9;48;7;0;1;DA;
cele mai bune casti de bicicleta pt copii;Bebe si copii;roundup;bicicleta copii;4,7;48;8;0;1;DA;
incalzitor si sterilizator pentru biberoane babyono;Bebe si copii;segment;sterilizator biberoane;5,9;48;6;5;1;DA;
lego pana in 50 lei;Bebe si copii;pret;lego;7,4;48;5;1;1;DA;
lego pentru fete de 10 ani;Bebe si copii;segment;lego;7,4;48;6;5;1;DA;
monitor bebe cu camera;Bebe si copii;segment;monitor bebe;8,1;48;4;1;1;DA;
patut bebe ieftin cu saltea;Bebe si copii;pret;patut bebe;7,4;48;5;1;1;DA;
patut bebe pentru masina;Bebe si copii;segment;patut bebe;7,4;48;4;1;1;DA;
patut pentru bebe din lemn;Bebe si copii;segment;patut bebe;7,4;48;5;3;1;DA;
scaun de masa bebe cu leagan;Bebe si copii;segment;scaun de masa bebe;5,9;48;6;5;1;DA;
scaun de masa bebe ieftin;Bebe si copii;pret;scaun de masa bebe;5,9;48;5;1;1;DA;
sterilizator biberoane pentru calatorii;Bebe si copii;segment;sterilizator biberoane;5,9;48;4;1;1;DA;
tobogan copii cu casuta;Bebe si copii;segment;tobogan copii;7,4;48;4;1;1;DA;
tobogan copii pentru interior;Bebe si copii;segment;tobogan copii;7,4;48;4;1;1;DA;
trambulina cu corzi elastice;Bebe si copii;segment;trambulina;7,4;48;4;1;1;DA;
trotineta pentru copii de 6 ani;Bebe si copii;segment;trotineta copii;6,9;48;6;5;1;DA;
carucior copii cu pedale;Bebe si copii;segment;carucior copii;5,9;46;4;2;1;DA;
carucior copii cu scoica auto;Bebe si copii;segment;carucior copii;5,9;46;5;4;1;DA;
carucior copii pentru papusi;Bebe si copii;segment;carucior copii;5,9;46;4;2;1;DA;
carucior pentru copii 3 in 1;Bebe si copii;segment;carucior copii;5,9;46;6;6;1;DA;
cel mai bun monitor pentru bebelusi;Bebe si copii;roundup;monitor bebe;8,1;46;6;1;1;DA;
lego pana in 200 lei;Bebe si copii;pret;lego;7,4;46;5;2;1;DA;
lego pentru copii de 5 ani;Bebe si copii;segment;lego;7,4;46;6;6;1;DA;
lego pentru fete;Bebe si copii;segment;lego;7,4;46;3;0;1;DA;
monitor pentru bebe;Bebe si copii;segment;monitor bebe;8,1;46;3;0;1;DA;
patut bebe cu laterala detasabila;Bebe si copii;segment;patut bebe;7,4;46;5;4;1;DA;
patut bebe cu masa de infasat;Bebe si copii;segment;patut bebe;7,4;46;6;6;1;DA;
patut bebe cu saltea;Bebe si copii;segment;patut bebe;7,4;46;4;2;1;DA;
patut bebe cu sertare;Bebe si copii;segment;patut bebe;7,4;46;4;2;1;DA;
puzzle pentru copii;Bebe si copii;segment;puzzle;7,4;46;3;0;1;DA;
puzzle pentru copii de 4 ani;Bebe si copii;segment;puzzle;7,4;46;6;6;1;DA;
scaun de masa bebe cu un picior;Bebe si copii;segment;scaun de masa bebe;5,9;46;7;6;1;DA;
scaun de masa bebe pareri;Bebe si copii;recenzie;scaun de masa bebe;5,9;46;5;0;1;DA;
sterilizator biberoane cu spalare si uscare;Bebe si copii;segment;sterilizator biberoane;5,9;46;6;6;1;DA;
tobogan copii cu apa;Bebe si copii;segment;tobogan copii;7,4;46;4;2;1;DA;
tobogan copii pentru piscina;Bebe si copii;segment;tobogan copii;7,4;46;4;2;1;DA;
trambulina cu maner;Bebe si copii;segment;trambulina;7,4;46;3;0;1;DA;
trambulina pentru copii;Bebe si copii;segment;trambulina;7,4;46;3;0;1;DA;
trotineta copii 2 ani ieftina;Bebe si copii;pret;trotineta copii;6,9;46;5;2;1;DA;
trotineta copii cu frana de mana;Bebe si copii;segment;trotineta copii;6,9;46;6;6;1;DA;
trotineta copii cu lumini;Bebe si copii;segment;trotineta copii;6,9;46;4;2;1;DA;
trotineta pentru copii;Bebe si copii;segment;trotineta copii;6,9;46;3;0;1;DA;
trotineta pentru copii electrica;Bebe si copii;segment;trotineta copii;6,9;46;4;2;1;DA;
bicicleta copii 3 ani ieftine;Bebe si copii;pret;bicicleta copii;4,7;44;5;3;1;DA;
bicicleta copii cu maner;Bebe si copii;segment;bicicleta copii;4,7;44;4;3;1;DA;
bicicleta copii cu schimbator de viteze;Bebe si copii;segment;bicicleta copii;4,7;44;6;7;1;DA;
bicicleta pentru copii de 10 ani;Bebe si copii;segment;bicicleta copii;4,7;44;6;7;1;DA;
carucior copii cu 3 roti;Bebe si copii;segment;carucior copii;5,9;44;5;5;1;DA;
carucior copii pentru calatorii;Bebe si copii;segment;carucior copii;5,9;44;4;3;1;DA;
carucior sport copii ieftin;Bebe si copii;pret;carucior copii;5,9;44;4;1;1;DA;
cel mai bun carucior copii;Bebe si copii;roundup;carucior copii;5,9;44;5;0;1;DA;
cel mai bun monitor bebe;Bebe si copii;roundup;monitor bebe;8,1;44;5;2;2;DA;
cel mai bun patut bebe;Bebe si copii;roundup;patut bebe;7,4;44;5;0;1;DA;
cel mai bun sterilizator biberoane;Bebe si copii;roundup;sterilizator biberoane;5,9;44;5;0;1;DA;
cele mai bune puzzle uri;Bebe si copii;roundup;puzzle;7,4;44;5;0;1;DA;
lego ieftin pentru baieti;Bebe si copii;pret;lego;7,4;44;4;1;1;DA;
lego pana in 500 lei;Bebe si copii;pret;lego;7,4;44;5;3;1;DA;
lego pentru copii;Bebe si copii;segment;lego;7,4;44;3;1;1;DA;
patut bebe cu laterala culisanta;Bebe si copii;segment;patut bebe;7,4;44;5;5;1;DA;
puzzle cu animale;Bebe si copii;segment;puzzle;7,4;44;3;1;1;DA;
puzzle cu poza ta;Bebe si copii;segment;puzzle;7,4;44;4;3;1;DA;
puzzle ieftine pentru copii;Bebe si copii;pret;puzzle;7,4;44;4;1;1;DA;
puzzle pentru adulti;Bebe si copii;segment;puzzle;7,4;44;3;1;1;DA;
scaun bicicleta copii ieftin;Bebe si copii;pret;bicicleta copii;4,7;44;4;1;1;DA;
scaun de masa bebe cu balansoar electric;Bebe si copii;segment;scaun de masa bebe;5,9;44;7;7;1;DA;
sterilizator biberoane cu uscator;Bebe si copii;segment;sterilizator biberoane;5,9;44;4;3;1;DA;
sterilizator electric pentru biberoane;Bebe si copii;segment;sterilizator biberoane;5,9;44;4;3;1;DA;
tobogan copii 2-3 ani ieftin;Bebe si copii;pret;tobogan copii;7,4;44;5;3;1;DA;
tobogan copii pentru curte;Bebe si copii;segment;tobogan copii;7,4;44;4;3;1;DA;
tobogan gonflabil copii ieftin;Bebe si copii;pret;tobogan copii;7,4;44;4;1;1;DA;
trambulina pentru adulti;Bebe si copii;segment;trambulina;7,4;44;3;1;1;DA;
trotineta copii cu baloane;Bebe si copii;segment;trotineta copii;6,9;44;4;3;1;DA;
trotineta electrica copii ieftina;Bebe si copii;pret;trotineta copii;6,9;44;4;1;1;DA;
trotineta pentru copii de 10 ani;Bebe si copii;segment;trotineta copii;6,9;44;6;7;1;DA;
trotineta pentru copii mici;Bebe si copii;segment;trotineta copii;6,9;44;4;3;1;DA;
bicicleta pentru copii 1 an;Bebe si copii;segment;bicicleta copii;4,7;43;5;7,5;2;DA;
trotineta electrica copii pareri;Bebe si copii;recenzie;trotineta copii;6,9;43;4;1,5;2;DA;
bicicleta copii 10 ani ieftine;Bebe si copii;pret;bicicleta copii;4,7;42;5;4;1;DA;
bicicleta copii cu baloane;Bebe si copii;segment;bicicleta copii;4,7;42;4;4;1;DA;
bicicleta copii ieftina;Bebe si copii;pret;bicicleta copii;4,7;42;3;0;1;DA;
carucior copii ieftin;Bebe si copii;pret;carucior copii;5,9;42;3;0;1;DA;
lego cu ronaldo;Bebe si copii;segment;lego;7,4;42;3;2;1;DA;
lego ieftin pentru fete;Bebe si copii;pret;lego;7,4;42;4;2;1;DA;
lego pana in 150 lei;Bebe si copii;pret;lego;7,4;42;5;4;1;DA;
patut bebe ieftin;Bebe si copii;pret;patut bebe;7,4;42;3;0;1;DA;
patut bebe ieftin din lemn;Bebe si copii;pret;patut bebe;7,4;42;5;4;1;DA;
patut pentru bebe;Bebe si copii;segment;patut bebe;7,4;42;3;2;1;DA;
puzzle cu pisici;Bebe si copii;segment;puzzle;7,4;42;3;2;1;DA;
puzzle ieftin 1000 piese;Bebe si copii;pret;puzzle;7,4;42;4;2;1;DA;
scaun de masa bebe cu picioare de lemn;Bebe si copii;segment;scaun de masa bebe;5,9;42;8;9;1;DA;
scaun de masa bebe cu pozitie de somn;Bebe si copii;segment;scaun de masa bebe;5,9;42;8;8;1;DA;
sterilizator biberoane cu spalare;Bebe si copii;segment;sterilizator biberoane;5,9;42;4;4;1;DA;
sterilizator biberoane ieftin;Bebe si copii;pret;sterilizator biberoane;5,9;42;3;0;1;DA;
sterilizator pentru biberoane;Bebe si copii;segment;sterilizator biberoane;5,9;42;3;2;1;DA;
tobogan copii cu cos de baschet;Bebe si copii;segment;tobogan copii;7,4;42;6;9;1;DA;
tobogan copii cu scara;Bebe si copii;segment;tobogan copii;7,4;42;4;4;1;DA;
tobogan copii ieftin;Bebe si copii;pret;tobogan copii;7,4;42;3;0;1;DA;
tobogan copii pentru casa;Bebe si copii;segment;tobogan copii;7,4;42;4;4;1;DA;
trambulina cu plasa;Bebe si copii;segment;trambulina;7,4;42;3;2;1;DA;
trambulina pentru sport;Bebe si copii;segment;trambulina;7,4;42;3;2;1;DA;
trotineta copii ieftina;Bebe si copii;pret;trotineta copii;6,9;42;3;0;1;DA;
trotineta pentru copii 5 ani;Bebe si copii;segment;trotineta copii;6,9;42;5;6;1;DA;
trotineta pentru copii de sapte ani;Bebe si copii;segment;trotineta copii;6,9;42;6;8;1;DA;
trotineta pentru copii de sase ani;Bebe si copii;segment;trotineta copii;6,9;42;6;9;1;DA;
carucior copii cu dizabilitati;Bebe si copii;segment;carucior copii;5,9;41;4;4,5;1;DA;
patut bebe cu roti;Bebe si copii;segment;patut bebe;7,4;41;4;4,5;1;DA;
bicicleta copii 4 ani ieftina;Bebe si copii;pret;bicicleta copii;4,7;40;5;5;1;DA;
bicicleta copii cu suspensie;Bebe si copii;segment;bicicleta copii;4,7;40;4;5;1;DA;
carucior pentru copii 999;Bebe si copii;segment;carucior copii;5,9;40;4;5;1;DA;
carucior pentru copii cu dizabilitati;Bebe si copii;segment;carucior copii;5,9;40;5;7;1;DA;
lego cu flori;Bebe si copii;segment;lego;7,4;40;3;3;1;DA;
lego pana in 300 lei;Bebe si copii;pret;lego;7,4;40;5;5;1;DA;
monitor bebe fara wifi;Bebe si copii;segment;monitor bebe;8,1;40;4;5;1;DA;
puzzle pentru caini;Bebe si copii;segment;puzzle;7,4;40;3;3;1;DA;
trambulina cu acoperis;Bebe si copii;segment;trambulina;7,4;40;3;3;1;DA;
trambulina ieftina copii;Bebe si copii;pret;trambulina;7,4;40;3;1;1;DA;
trambulina pentru drenaj limfatic;Bebe si copii;segment;trambulina;7,4;40;4;5;1;DA;
trambulina pentru piscina;Bebe si copii;segment;trambulina;7,4;40;3;3;1;DA;
trotineta copii cu 2 roti;Bebe si copii;segment;trotineta copii;6,9;40;5;7;1;DA;
trotineta copii cu scaun;Bebe si copii;segment;trotineta copii;6,9;40;4;5;1;DA;
bicicleta copii 5 ani ieftina;Bebe si copii;pret;bicicleta copii;4,7;38;5;6;1;DA;
bicicleta copii cu roti groase;Bebe si copii;segment;bicicleta copii;4,7;38;5;9;1;DA;
bicicleta copii fara pedale;Bebe si copii;segment;bicicleta copii;4,7;38;4;6;1;DA;
bicicleta pentru copii 5 ani;Bebe si copii;segment;bicicleta copii;4,7;38;5;9;1;DA;
carucior pentru copii;Bebe si copii;segment;carucior copii;5,9;38;3;4;1;DA;
carucior pentru copii in engleza;Bebe si copii;segment;carucior copii;5,9;38;5;9;1;DA;
lego cu messi;Bebe si copii;segment;lego;7,4;38;3;4;1;DA;
lego ieftin;Bebe si copii;pret;lego;7,4;38;2;0;1;DA;
lego pana in 100 ron;Bebe si copii;pret;lego;7,4;38;5;6;1;DA;
lego pentru cupluri;Bebe si copii;segment;lego;7,4;38;3;4;1;DA;
patut bebe cu saltea inclusa;Bebe si copii;segment;patut bebe;7,4;38;5;8;1;DA;
patut bebe pareri;Bebe si copii;recenzie;patut bebe;7,4;38;3;0;1;DA;
puzzle cu dinozauri;Bebe si copii;segment;puzzle;7,4;38;3;4;1;DA;
puzzle ieftine;Bebe si copii;pret;puzzle;7,4;38;2;0;1;DA;
puzzle you pareri;Bebe si copii;recenzie;puzzle;7,4;38;3;0;1;DA;
sterilizator biberoane pareri;Bebe si copii;recenzie;sterilizator biberoane;5,9;38;3;0;1;DA;
tobogan copii cu bile;Bebe si copii;segment;tobogan copii;7,4;38;4;6;1;DA;
tobogan pentru copii md;Bebe si copii;segment;tobogan copii;7,4;38;4;6;1;DA;
trambulina ieftina;Bebe si copii;pret;trambulina;7,4;38;2;0;1;DA;
trambulina ieftina mare;Bebe si copii;pret;trambulina;7,4;38;3;2;1;DA;
trambulina pentru copii mici;Bebe si copii;segment;trambulina;7,4;38;4;6;1;DA;
bicicleta copii 2 ani ieftine;Bebe si copii;pret;bicicleta copii;4,7;36;5;7;1;DA;
carucior copii cu aripi;Bebe si copii;segment;carucior copii;5,9;36;4;7;1;DA;
lego cu dinozauri;Bebe si copii;segment;lego;7,4;36;3;5;1;DA;
lego ieftin copii;Bebe si copii;pret;lego;7,4;36;3;3;1;DA;
lego pentru 10 ani;Bebe si copii;segment;lego;7,4;36;4;7;1;DA;
patut bebe cu sertar;Bebe si copii;segment;patut bebe;7,4;36;4;7;1;DA;
patut pliabil bebe ieftin;Bebe si copii;pret;patut bebe;7,4;36;4;5;1;DA;
puzzle cu stitch;Bebe si copii;segment;puzzle;7,4;36;3;5;1;DA;
puzzle pentru copii online;Bebe si copii;segment;puzzle;7,4;36;4;7;1;DA;
puzzle pentru pisici;Bebe si copii;segment;puzzle;7,4;36;3;5;1;DA;
puzzle personalizat ieftin;Bebe si copii;pret;puzzle;7,4;36;3;3;1;DA;
sterilizator biberoane cu abur;Bebe si copii;segment;sterilizator biberoane;5,9;36;4;7;1;DA;
tobogan copii cu piscina;Bebe si copii;segment;tobogan copii;7,4;36;4;7;1;DA;
tobogan pentru copii;Bebe si copii;segment;tobogan copii;7,4;36;3;5;1;DA;
tobogan pentru copii mici;Bebe si copii;segment;tobogan copii;7,4;36;4;7;1;DA;
trambulina cu ham;Bebe si copii;segment;trambulina;7,4;36;3;5;1;DA;
trambulina fitness pareri;Bebe si copii;recenzie;trambulina;7,4;36;3;1;1;DA;
bicicleta copii 6 ani ieftina;Bebe si copii;pret;bicicleta copii;4,7;34;5;8;1;DA;
bicicleta copii 7 ani ieftine;Bebe si copii;pret;bicicleta copii;4,7;34;5;9;1;DA;
bicicleta pentru copii mici;Bebe si copii;segment;bicicleta copii;4,7;34;4;8;1;DA;
carucior copii cu scoica;Bebe si copii;segment;carucior copii;5,9;34;4;8;1;DA;
carucior copii cu telecomanda;Bebe si copii;segment;carucior copii;5,9;34;4;9;1;DA;
carucior pentru copii jucarie;Bebe si copii;segment;carucior copii;5,9;34;4;8;1;DA;
lego cu fotbal;Bebe si copii;segment;lego;7,4;34;3;6;1;DA;
lego ieftin cu multe piese;Bebe si copii;pret;lego;7,4;34;5;8;1;DA;
lenjerie patut bebe ieftine;Bebe si copii;pret;patut bebe;7,4;34;4;6;1;DA;
patut bebe 0-5 ani ieftin;Bebe si copii;pret;patut bebe;7,4;34;5;9;1;DA;
patut bebe cu leagan;Bebe si copii;segment;patut bebe;7,4;34;4;9;1;DA;
puzzle adulti ieftine;Bebe si copii;pret;puzzle;7,4;34;3;4;1;DA;
puzzle cu sunete;Bebe si copii;segment;puzzle;7,4;34;3;6;1;DA;
puzzle pentru orbi 2013;Bebe si copii;segment;puzzle;7,4;34;4;9;1;DA;
sterilizator biberoane cu uv;Bebe si copii;segment;sterilizator biberoane;5,9;34;4;8;1;DA;
tobogan pentru copii jumbo;Bebe si copii;segment;tobogan copii;7,4;34;4;9;1;DA;
trambulina copii pareri;Bebe si copii;recenzie;trambulina;7,4;34;3;2;1;DA;
trambulina pareri;Bebe si copii;recenzie;trambulina;7,4;34;2;0;1;DA;
trotineta copii cu fum;Bebe si copii;segment;trotineta copii;6,9;34;4;9;1;DA;
trotineta copii cu muzica;Bebe si copii;segment;trotineta copii;6,9;34;4;8;1;DA;
covor puzzle ieftin;Bebe si copii;pret;puzzle;7,4;32;3;5;1;DA;
lego cu masini;Bebe si copii;segment;lego;7,4;32;3;7;1;DA;
lego ieftin flori;Bebe si copii;pret;lego;7,4;32;3;5;1;DA;
lego ieftin star wars;Bebe si copii;pret;lego;7,4;32;4;7;1;DA;
patut calatorie bebe ieftin;Bebe si copii;pret;patut bebe;7,4;32;4;7;1;DA;
puzzle 500 piese ieftine;Bebe si copii;pret;puzzle;7,4;32;4;7;1;DA;
puzzle cu numere;Bebe si copii;segment;puzzle;7,4;32;3;7;1;DA;
trambulina cu scara;Bebe si copii;segment;trambulina;7,4;32;3;7;1;DA;
lego cu fotbalisti;Bebe si copii;segment;lego;7,4;30;3;9;1;DA;
lego cu stitch;Bebe si copii;segment;lego;7,4;30;3;8;1;DA;
lego ieftin romania;Bebe si copii;pret;lego;7,4;30;3;6;1;DA;
lego pentru baieti;Bebe si copii;segment;lego;7,4;30;3;9;1;DA;
lego pentru maturi;Bebe si copii;segment;lego;7,4;30;3;8;1;DA;
patut bebe mai ieftin;Bebe si copii;pret;patut bebe;7,4;30;4;8;1;DA;
puzzle 3d ieftin;Bebe si copii;pret;puzzle;7,4;30;3;6;1;DA;
puzzle cu diamante;Bebe si copii;segment;puzzle;7,4;30;3;8;1;DA;
puzzle pentru batrani;Bebe si copii;segment;puzzle;7,4;30;3;8;1;DA;
trambulina copii mai ieftina;Bebe si copii;pret;trambulina;7,4;30;4;9;1;DA;
trambulina cu tobogan;Bebe si copii;segment;trambulina;7,4;30;3;8;1;DA;
trambulina mai ieftina;Bebe si copii;pret;trambulina;7,4;30;3;6;1;DA;
trambulina mica copii ieftina;Bebe si copii;pret;trambulina;7,4;30;4;8;1;DA;
lego ieftin minecraft;Bebe si copii;pret;lego;7,4;26;3;9;1;DA;
cat consuma masina de spalat rufe;Electrocasnice;informational;masina de spalat rufe;3;72;6;0;1;DA;
cat consuma masina de spalat vase;Electrocasnice;informational;masina de spalat vase;3;72;6;0;1;DA;
cat consuma o friteuza cu aer cald;Electrocasnice;informational;friteuza cu aer;5,7;72;7;0;1;DA;
cat consuma un cuptor electric incorporabil;Electrocasnice;informational;cuptor incorporabil;5,7;72;6;0;1;DA;
cat consuma un espressor de cafea;Electrocasnice;informational;espressor;5,7;72;6;0;1;DA;
cat consuma un fier de calcat;Electrocasnice;informational;fier de calcat;5,7;72;6;0;1;DA;
cat consuma.o masina de cusut electrica;Electrocasnice;informational;masina de cusut;5,7;72;6;0;1;DA;
cat consuma o hota de bucatarie;Electrocasnice;informational;hota;5,7;70;6;1;1;DA;
cat consuma o masina de paine;Electrocasnice;informational;masina de paine;5,7;70;6;1;1;DA;
cat consuma o plita electrica cu inductie;Electrocasnice;informational;plita inductie;5,7;70;7;1;1;DA;
cat consuma un fier de calcat pe ora;Electrocasnice;informational;fier de calcat;5,7;70;8;1;1;DA;
cat curent consuma masina de spalat rufe;Electrocasnice;informational;masina de spalat rufe;3;70;7;1;1;DA;
cat curent consuma o friteuza cu aer cald;Electrocasnice;informational;friteuza cu aer;5,7;70;8;1;1;DA;
cat apa consuma masina de spalat rufe;Electrocasnice;informational;masina de spalat rufe;3;68;7;2;1;DA;
cat consuma masina de paine;Electrocasnice;informational;masina de paine;5,7;68;5;0;1;DA;
cat consuma un aspirator robot;Electrocasnice;informational;aspirator robot;5,7;68;5;0;1;DA;
cat consuma un uscator de rufe pe ora;Electrocasnice;informational;uscator de rufe;3;68;8;2;1;DA;
cat consuma uscator de rufe;Electrocasnice;informational;uscator de rufe;3;68;5;0;1;DA;
cat curent consuma masina de spalat vase;Electrocasnice;informational;masina de spalat vase;3;68;7;2;1;DA;
cat curent consuma o masina de paine;Electrocasnice;informational;masina de paine;5,7;68;7;2;1;DA;
cat curent consuma un fier de calcat;Electrocasnice;informational;fier de calcat;5,7;68;7;2;1;DA;
blender sau robot de bucatarie;Electrocasnice;comparatie;robot de bucatarie;5,7;66;5;0;2;DA;
cat consuma frigiderul pe luna;Electrocasnice;informational;frigider;3;66;5;1;1;DA;
cat consuma o hota pe ora;Electrocasnice;informational;hota;5,7;66;6;3;1;DA;
cat consuma o masina de spalat vase apa;Electrocasnice;informational;masina de spalat vase;3;66;8;3;1;DA;
cat consuma un espressor profesional;Electrocasnice;informational;espressor;5,7;66;5;1;1;DA;
cat consuma un frigider pe zi;Electrocasnice;informational;frigider;3;66;6;3;1;DA;
cat consuma un uscator de rufe clasa e;Electrocasnice;informational;uscator de rufe;3;66;8;3;1;DA;
cat curent consuma un multicooker;Electrocasnice;informational;multicooker;5,7;66;5;1;1;DA;
fier de calcat sau statie de calcat;Electrocasnice;comparatie;fier de calcat;5,7;66;7;0;1;DA;
friteuza cu aer cald sau air fryer;Electrocasnice;comparatie;friteuza cu aer;5,7;66;7;0;1;DA;
masina de cusut singer sau brother;Electrocasnice;comparatie;masina de cusut;5,7;66;6;0;1;DA;
uscator de rufe cu pompa sau condensare;Electrocasnice;comparatie;uscator de rufe;3;66;7;0;1;DA;
cat apa consuma masina de spalat vase;Electrocasnice;informational;masina de spalat vase;3;64;7;4;1;DA;
cat consuma becul de la hota;Electrocasnice;informational;hota;5,7;64;6;4;1;DA;
cat consuma frigiderul pe zi;Electrocasnice;informational;frigider;3;64;5;2;1;DA;
cat consuma o hota electrica;Electrocasnice;informational;hota;5,7;64;5;2;1;DA;
cat consuma o masina de spalat rufe apa;Electrocasnice;informational;masina de spalat rufe;3;64;8;4;1;DA;
cat consuma plita inductie;Electrocasnice;informational;plita inductie;5,7;64;4;0;1;DA;
cat consuma un frigider in 24 de ore;Electrocasnice;informational;frigider;3;64;8;4;1;DA;
cat consuma un multicooker;Electrocasnice;informational;multicooker;5,7;64;4;0;1;DA;
cat consuma un uscator de rufe clasa b;Electrocasnice;informational;uscator de rufe;3;64;8;4;1;DA;
friteuza cu aer cald sau cuptor electric;Electrocasnice;comparatie;friteuza cu aer;5,7;64;7;1;1;DA;
uscator de rufe pompa de caldura sau condensare;Electrocasnice;comparatie;uscator de rufe;3;64;8;1;1;DA;
cat consuma o masina de spalat vase curent;Electrocasnice;informational;masina de spalat vase;3;62;8;5;1;DA;
cat consuma un frigider pe luna;Electrocasnice;informational;frigider;3;62;6;5;1;DA;
cat consuma un uscator de rufe clasa c;Electrocasnice;informational;uscator de rufe;3;62;8;5;1;DA;
fier de calcat cu talpa ceramica sau inox;Electrocasnice;comparatie;fier de calcat;5,7;62;8;2;1;DA;
friteuza cu aer cald sau multicooker;Electrocasnice;comparatie;friteuza cu aer;5,7;62;6;2;1;DA;
storcator de fructe sau blender;Electrocasnice;comparatie;storcator de fructe;5,7;62;5;0;1;DA;
cat consuma frigiderul;Electrocasnice;informational;frigider;3;60;3;0;1;DA;
cat consuma hota;Electrocasnice;informational;hota;5,7;60;3;0;1;DA;
cat consuma un frigider pe ora;Electrocasnice;informational;frigider;3;60;6;6;1;DA;
cat consuma un uscator de rufe clasa d;Electrocasnice;informational;uscator de rufe;3;60;8;6;1;DA;
multicooker sau oala sub presiune;Electrocasnice;comparatie;multicooker;5,7;60;5;1;1;DA;
aspirator robot sau vertical;Electrocasnice;comparatie;aspirator robot;5,7;58;4;0;1;DA;
cat consuma un uscator de rufe pe luna;Electrocasnice;informational;uscator de rufe;3;58;8;7;1;DA;
friteuza cu aer cald pentru camion;Electrocasnice;segment;friteuza cu aer;5,7;58;6;0;1;DA;
hota cu filtru de carbon fara evacuare;Electrocasnice;segment;hota;5,7;58;7;0;1;DA;
masina de paine cu 2 palete;Electrocasnice;segment;masina de paine;5,7;58;6;0;1;DA;
masina de spalat rufe pentru copii;Electrocasnice;segment;masina de spalat rufe;3;58;6;0;1;DA;
masina de spalat vase cu sertar tacamuri;Electrocasnice;segment;masina de spalat vase;3;58;7;0;1;DA;
masina de spalat vase pentru restaurant;Electrocasnice;segment;masina de spalat vase;3;58;6;0;1;DA;
multicooker sau friteuza cu aer cald;Electrocasnice;comparatie;multicooker;5,7;58;6;4;1;DA;
plita inductie sau vitroceramica;Electrocasnice;comparatie;plita inductie;5,7;58;4;0;1;DA;
plita pe gaz sau inductie pareri;Electrocasnice;comparatie;plita inductie;5,7;58;6;4;1;DA;
robot de bucatarie cu masina de tocat carne;Electrocasnice;segment;robot de bucatarie;5,7;58;8;0;1;DA;
masina de spalat rufe cu uscator;Electrocasnice;segment;masina de spalat rufe;3;57;6;0,5;1;DA;
aparat de vidat cu pungi incluse;Electrocasnice;segment;aparat de vidat;5,7;56;6;1;1;DA;
aspirator vertical fara fir cele mai bune;Electrocasnice;segment;aspirator vertical;5,7;56;7;1;1;DA;
aspirator vertical miele sau dyson;Electrocasnice;comparatie;aspirator vertical;5,7;56;5;3;1;DA;
cat consuma un frigider clasa e;Electrocasnice;informational;frigider;3;56;6;8;1;DA;
cat consuma un uscator de rufe electric;Electrocasnice;informational;uscator de rufe;3;56;7;9;1;DA;
fier de calcat cu aburi vertical;Electrocasnice;segment;fier de calcat;5,7;56;6;1;1;DA;
friteuza cu aer cald cu vas de sticla;Electrocasnice;segment;friteuza cu aer;5,7;56;8;1;1;DA;
friteuza cu aer cald pareri forum;Electrocasnice;segment;friteuza cu aer;5,7;56;6;1;1;DA;
masina de paine cu cuva inox;Electrocasnice;segment;masina de paine;5,7;56;6;1;1;DA;
masina de spalat rufe cu 3 cuve;Electrocasnice;segment;masina de spalat rufe;3;56;7;1;1;DA;
masina de spalat vase cu deschidere automata;Electrocasnice;segment;masina de spalat vase;3;56;7;1;1;DA;
masina de spalat vase pentru blat;Electrocasnice;segment;masina de spalat vase;3;56;6;1;1;DA;
plita cu inductie sticla sau vitroceramica;Electrocasnice;comparatie;plita inductie;5,7;56;6;5;1;DA;
plita inductie sau gaz;Electrocasnice;comparatie;plita inductie;5,7;56;4;1;1;DA;
plita inductie sticla sau ceramica;Electrocasnice;comparatie;plita inductie;5,7;56;5;3;1;DA;
retete pentru friteuza cu aer cald;Electrocasnice;segment;friteuza cu aer;5,7;56;6;1;1;DA;
robot de bucatarie pentru tocat legume;Electrocasnice;segment;robot de bucatarie;5,7;56;6;1;1;DA;
storcator de fructe cu presare la rece;Electrocasnice;segment;storcator de fructe;5,7;56;7;1;1;DA;
suport pentru masina de spalat rufe;Electrocasnice;segment;masina de spalat rufe;3;56;6;1;1;DA;
aparat de vidat cu pungi;Electrocasnice;segment;aparat de vidat;5,7;54;5;0;1;DA;
aparat de vidat pentru haine;Electrocasnice;segment;aparat de vidat;5,7;54;5;0;1;DA;
aspirator robot cu statie de golire;Electrocasnice;segment;aspirator robot;5,7;54;6;2;1;DA;
aspirator vertical pana in 1000 lei;Electrocasnice;pret;aspirator vertical;5,7;54;6;0;1;DA;
aspirator vertical sau clasic;Electrocasnice;comparatie;aspirator vertical;5,7;54;4;2;1;DA;
cat consuma un frigider vechi;Electrocasnice;informational;frigider;3;54;5;7;1;DA;
ce espressor cu capsule sa cumpar;Electrocasnice;segment;espressor;5,7;54;6;2;1;DA;
dulap pentru masina de spalat rufe;Electrocasnice;segment;masina de spalat rufe;3;54;6;2;1;DA;
espressor sau expresor;Electrocasnice;comparatie;espressor;5,7;54;3;0;1;DA;
fier de calcat pentru voiaj;Electrocasnice;segment;fier de calcat;5,7;54;5;0;1;DA;
frigider sau combina frigorifica;Electrocasnice;comparatie;frigider;3;54;4;2;1;DA;
frigider sau frigider;Electrocasnice;comparatie;frigider;3;54;3;0;1;DA;
friteuza cu aer cald cu 2 compartimente;Electrocasnice;segment;friteuza cu aer;5,7;54;7;2;1;DA;
friteuza cu aer cald lidl pareri;Electrocasnice;segment;friteuza cu aer;5,7;54;6;2;1;DA;
friteuza cu aer cald pareri;Electrocasnice;segment;friteuza cu aer;5,7;54;5;0;1;DA;
friteuza cuptor cu aer cald;Electrocasnice;segment;friteuza cu aer;5,7;54;5;0;1;DA;
hartie pentru friteuza cu aer cald;Electrocasnice;segment;friteuza cu aer;5,7;54;6;2;1;DA;
masina de cusut cu 2 ace;Electrocasnice;segment;masina de cusut;5,7;54;6;2;1;DA;
masina de cusut cu pedala;Electrocasnice;segment;masina de cusut;5,7;54;5;0;1;DA;
masina de cusut pentru incepatori;Electrocasnice;segment;masina de cusut;5,7;54;5;0;1;DA;
masina de spalat rufe cu incarcare verticala;Electrocasnice;segment;masina de spalat rufe;3;54;7;2;1;DA;
masina de spalat vase cu uscare;Electrocasnice;segment;masina de spalat vase;3;54;6;2;1;DA;
multicooker sau airfryer;Electrocasnice;comparatie;multicooker;5,7;54;3;0;1;DA;
multicooker sau slow cooker;Electrocasnice;comparatie;multicooker;5,7;54;4;2;1;DA;
plita inductie sau electrica;Electrocasnice;comparatie;plita inductie;5,7;54;4;2;1;DA;
robot de bucatarie pentru aluat;Electrocasnice;segment;robot de bucatarie;5,7;54;5;0;1;DA;
sare pentru masina de spalat vase;Electrocasnice;segment;masina de spalat vase;3;54;6;2;1;DA;
storcator de fructe cu melc profesional;Electrocasnice;segment;storcator de fructe;5,7;54;6;2;1;DA;
storcator de fructe pentru suc;Electrocasnice;segment;storcator de fructe;5,7;54;5;0;1;DA;
storcator de fructe profesional pentru bar;Electrocasnice;segment;storcator de fructe;5,7;54;6;2;1;DA;
uscator de rufe pentru balcon;Electrocasnice;segment;uscator de rufe;3;54;5;0;1;DA;
uscator de rufe cu pompa de caldura;Electrocasnice;segment;uscator de rufe;3;53;7;2,5;1;DA;
accesorii pentru friteuza cu aer cald;Electrocasnice;segment;friteuza cu aer;5,7;52;6;3;1;DA;
aparat de vidat ieftin si bun;Electrocasnice;pret;aparat de vidat;5,7;52;6;1;1;DA;
aparat de vidat pentru carne;Electrocasnice;segment;aparat de vidat;5,7;52;5;1;1;DA;
aparat de vidat pungi pentru congelator;Electrocasnice;segment;aparat de vidat;5,7;52;6;3;1;DA;
aspirator vertical pentru par animale;Electrocasnice;segment;aspirator vertical;5,7;52;5;1;1;DA;
bile pentru masina de spalat rufe;Electrocasnice;segment;masina de spalat rufe;3;52;6;3;1;DA;
espressor manual sau automat;Electrocasnice;comparatie;espressor;5,7;52;4;3;1;DA;
espressor sau cafetiera;Electrocasnice;comparatie;espressor;5,7;52;3;1;1;DA;
fier de calcat ieftin si bun;Electrocasnice;pret;fier de calcat;5,7;52;6;1;1;DA;
fier de calcat pentru calatorii;Electrocasnice;segment;fier de calcat;5,7;52;5;1;1;DA;
frigider sau refrigerator;Electrocasnice;comparatie;frigider;3;52;3;1;1;DA;
friteuza cu aer cald cuva inox;Electrocasnice;segment;friteuza cu aer;5,7;52;6;3;1;DA;
friteuza cu aer cald ieftina si buna;Electrocasnice;pret;friteuza cu aer;5,7;52;7;1;1;DA;
friteuza cu aer cald ninja pareri;Electrocasnice;segment;friteuza cu aer;5,7;52;6;3;1;DA;
masina de cusut cu masa;Electrocasnice;segment;masina de cusut;5,7;52;5;1;1;DA;
masina de cusut ieftina si buna;Electrocasnice;pret;masina de cusut;5,7;52;6;1;1;DA;
masina de cusut pentru copii;Electrocasnice;segment;masina de cusut;5,7;52;5;1;1;DA;
masina de facut paine ieftina si buna;Electrocasnice;pret;masina de paine;5,7;52;7;1;1;DA;
masina de spalat rufe cu uscator slim;Electrocasnice;segment;masina de spalat rufe;3;52;7;3;1;DA;
masina de spalat rufe ieftina si buna;Electrocasnice;pret;masina de spalat rufe;3;52;7;1;1;DA;
masina de spalat vase cu capota;Electrocasnice;segment;masina de spalat vase;3;52;6;3;1;DA;
masina de spalat vase incorporabila ieftina;Electrocasnice;pret;masina de spalat vase;3;52;6;1;1;DA;
retete pentru masina de paine;Electrocasnice;segment;masina de paine;5,7;52;5;1;1;DA;
retete pentru storcator de fructe si legume;Electrocasnice;segment;storcator de fructe;5,7;52;7;3;1;DA;
robot de bucatarie cu blender;Electrocasnice;segment;robot de bucatarie;5,7;52;5;1;1;DA;
robot de bucatarie pentru suc de rosii;Electrocasnice;segment;robot de bucatarie;5,7;52;7;3;1;DA;
storcator de fructe pentru bebelusi;Electrocasnice;segment;storcator de fructe;5,7;52;5;1;1;DA;
storcator de fructe si legume ieftin si bun;Electrocasnice;pret;storcator de fructe;5,7;52;8;1;1;DA;
uscator de rufe cu sfoara retractabila;Electrocasnice;segment;uscator de rufe;3;52;6;3;1;DA;
uscator de rufe ieftin si bun;Electrocasnice;pret;uscator de rufe;3;52;6;1;1;DA;
uscator de rufe pentru curte;Electrocasnice;segment;uscator de rufe;3;52;5;1;1;DA;
fier de calcat cu aburi;Electrocasnice;segment;fier de calcat;5,7;51;5;1,5;1;DA;
aparat de vidat cu camera;Electrocasnice;segment;aparat de vidat;5,7;50;5;2;1;DA;
aparat de vidat cu pungi normale;Electrocasnice;segment;aparat de vidat;5,7;50;6;4;1;DA;
aparat de vidat pentru congelator;Electrocasnice;segment;aparat de vidat;5,7;50;5;2;1;DA;
aspirator robot pentru covoare;Electrocasnice;segment;aspirator robot;5,7;50;4;0;1;DA;
aspirator robot pentru covoare cu fir lung;Electrocasnice;segment;aspirator robot;5,7;50;7;4;1;DA;
blender cu vas de sticla;Electrocasnice;segment;blender;5,7;50;5;2;1;DA;
cea mai ieftina friteuza cu aer cald;Electrocasnice;pret;friteuza cu aer;5,7;50;7;2;1;DA;
cuptor electric incorporabil ieftin si bun;Electrocasnice;pret;cuptor incorporabil;5,7;50;6;2;1;DA;
cuptor incorporabil cu microunde;Electrocasnice;segment;cuptor incorporabil;5,7;50;4;0;1;DA;
espressor pentru plita cu inductie;Electrocasnice;segment;espressor;5,7;50;5;2;1;DA;
faina pentru masina de paine;Electrocasnice;segment;masina de paine;5,7;50;5;2;1;DA;
fier de calcat cu statie;Electrocasnice;segment;fier de calcat;5,7;50;5;2;1;DA;
fier de calcat ieftin si bun forum;Electrocasnice;pret;fier de calcat;5,7;50;7;2;1;DA;
fier de calcat pentru camasi;Electrocasnice;segment;fier de calcat;5,7;50;5;2;1;DA;
frigider pana in 1000 lei;Electrocasnice;pret;frigider;3;50;5;0;1;DA;
friteuza cu aer cald;Electrocasnice;segment;friteuza cu aer;5,7;50;4;0;1;DA;
friteuza cu aer cald ieftina;Electrocasnice;pret;friteuza cu aer;5,7;50;5;0;1;DA;
friteuza cu aer cald silvercrest pareri;Electrocasnice;segment;friteuza cu aer;5,7;50;6;4;1;DA;
gratar electric cu capac;Electrocasnice;segment;gratar electric;5,7;50;4;0;1;DA;
gratar electric pentru balcon;Electrocasnice;segment;gratar electric;5,7;50;4;0;1;DA;
masca pentru masina de spalat rufe;Electrocasnice;segment;masina de spalat rufe;3;50;6;4;1;DA;
masina de cusut cu pedala veche;Electrocasnice;segment;masina de cusut;5,7;50;6;4;1;DA;
masina de cusut pentru acasa;Electrocasnice;segment;masina de cusut;5,7;50;5;2;1;DA;
masina de spalat rufe ieftina;Electrocasnice;pret;masina de spalat rufe;3;50;5;0;1;DA;
masina de spalat rufe ieftine flanco;Electrocasnice;pret;masina de spalat rufe;3;50;6;2;1;DA;
masina de spalat vase cu rezervor;Electrocasnice;segment;masina de spalat vase;3;50;6;4;1;DA;
masina de spalat vase ieftina;Electrocasnice;pret;masina de spalat vase;3;50;5;0;1;DA;
masina de spalat vase mica ieftina;Electrocasnice;pret;masina de spalat vase;3;50;6;2;1;DA;
multicooker cu vas inox;Electrocasnice;segment;multicooker;5,7;50;4;0;1;DA;
pastile pentru masina de spalat vase;Electrocasnice;segment;masina de spalat vase;3;50;6;4;1;DA;
plita inductie cu 2 ochiuri;Electrocasnice;segment;plita inductie;5,7;50;5;2;1;DA;
robot de bucatarie cu razatoare;Electrocasnice;segment;robot de bucatarie;5,7;50;5;2;1;DA;
robot de bucatarie pentru legume;Electrocasnice;segment;robot de bucatarie;5,7;50;5;2;1;DA;
silicon pentru friteuza cu aer cald;Electrocasnice;segment;friteuza cu aer;5,7;50;6;4;1;DA;
storcator de fructe si legume ieftin;Electrocasnice;pret;storcator de fructe;5,7;50;6;2;1;DA;
uscator de rufe cu condensare;Electrocasnice;segment;uscator de rufe;3;50;5;2;1;DA;
uscator de rufe pentru gradina;Electrocasnice;segment;uscator de rufe;3;50;5;2;1;DA;
storcator de fructe cu melc;Electrocasnice;segment;storcator de fructe;5,7;49;5;2,5;1;DA;
aparat de vidat cel mai ieftin;Electrocasnice;pret;aparat de vidat;5,7;48;6;3;1;DA;
aparat de vidat cu pungi mari;Electrocasnice;segment;aparat de vidat;5,7;48;6;5;1;DA;
aparat de vidat cu rola;Electrocasnice;segment;aparat de vidat;5,7;48;5;3;1;DA;
aspirator robot cu mop;Electrocasnice;segment;aspirator robot;5,7;48;4;1;1;DA;
aspirator robot cu mop rotativ;Electrocasnice;segment;aspirator robot;5,7;48;5;3;1;DA;
aspirator robot cu spalare;Electrocasnice;segment;aspirator robot;5,7;48;4;1;1;DA;
aspirator robot ieftin si bun;Electrocasnice;pret;aspirator robot;5,7;48;5;1;1;DA;
aspirator vertical ieftin si bun;Electrocasnice;pret;aspirator vertical;5,7;48;5;1;1;DA;
blender cu cana de sticla;Electrocasnice;segment;blender;5,7;48;5;3;1;DA;
blender sau tocator;Electrocasnice;comparatie;blender;5,7;48;3;3;1;DA;
capsule pentru masina de spalat vase;Electrocasnice;segment;masina de spalat vase;3;48;6;5;1;DA;
cel mai bun aparat de vidat;Electrocasnice;roundup;aparat de vidat;5,7;48;6;0;1;DA;
cel mai bun aspirator robot cu spalare;Electrocasnice;roundup;aspirator robot;5,7;48;7;0;1;DA;
cel mai bun espressor automat cafea boabe;Electrocasnice;roundup;espressor;5,7;48;7;0;1;DA;
cel mai bun fier de calcat;Electrocasnice;roundup;fier de calcat;5,7;48;6;0;1;DA;
cel mai bun frigider no frost;Electrocasnice;roundup;frigider;3;48;6;0;1;DA;
cel mai bun friteuza cu aer cald;Electrocasnice;roundup;friteuza cu aer;5,7;48;7;0;1;DA;
cel mai bun masina de spalat rufe;Electrocasnice;roundup;masina de spalat rufe;3;48;7;0;1;DA;
cel mai bun masina de spalat vase;Electrocasnice;roundup;masina de spalat vase;3;48;7;0;1;DA;
cel mai bun robot de bucatarie;Electrocasnice;roundup;robot de bucatarie;5,7;48;6;0;1;DA;
cel mai bun uscator de rufe;Electrocasnice;roundup;uscator de rufe;3;48;6;0;1;DA;
cel mai ieftin robot de bucatarie;Electrocasnice;pret;robot de bucatarie;5,7;48;6;3;1;DA;
cele mai bune aparat de vidat;Electrocasnice;roundup;aparat de vidat;5,7;48;6;0;1;DA;
cele mai bune cafele pentru espressor;Electrocasnice;roundup;espressor;5,7;48;6;0;1;DA;
cele mai bune cuptor electric incorporabil;Electrocasnice;roundup;cuptor incorporabil;5,7;48;6;0;1;DA;
cele mai bune fier de calcat;Electrocasnice;roundup;fier de calcat;5,7;48;6;0;1;DA;
cele mai bune friteuza cu aer cald;Electrocasnice;roundup;friteuza cu aer;5,7;48;7;0;1;DA;
cele mai bune masina de spalat rufe;Electrocasnice;roundup;masina de spalat rufe;3;48;7;0;1;DA;
cele mai bune masina de spalat vase;Electrocasnice;roundup;masina de spalat vase;3;48;7;0;1;DA;
cele mai bune robot de bucatarie;Electrocasnice;roundup;robot de bucatarie;5,7;48;6;0;1;DA;
cele mai bune uscator de rufe;Electrocasnice;roundup;uscator de rufe;3;48;6;0;1;DA;
cele mai bune vase pentru plita cu inductie;Electrocasnice;roundup;plita inductie;5,7;48;8;0;1;DA;
cuptor incorporabil cu plita;Electrocasnice;segment;cuptor incorporabil;5,7;48;4;1;1;DA;
espressor cu cafea boabe;Electrocasnice;segment;espressor;5,7;48;4;1;1;DA;
espressor pentru lapte praf;Electrocasnice;segment;espressor;5,7;48;4;1;1;DA;
fier de calcat pentru bagaj;Electrocasnice;segment;fier de calcat;5,7;48;5;3;1;DA;
frigider auto cu compresor;Electrocasnice;segment;frigider;3;48;4;1;1;DA;
frigider sau combina;Electrocasnice;comparatie;frigider;3;48;3;3;1;DA;
friteuza cu aer cald cu rotisor;Electrocasnice;segment;friteuza cu aer;5,7;48;6;5;1;DA;
gratar electric cu picioare;Electrocasnice;segment;gratar electric;5,7;48;4;1;1;DA;
gratar electric ieftin si bun;Electrocasnice;pret;gratar electric;5,7;48;5;1;1;DA;
gratar electric pentru mici;Electrocasnice;segment;gratar electric;5,7;48;4;1;1;DA;
hota pentru gratar exterior;Electrocasnice;segment;hota;5,7;48;4;1;1;DA;
masina de cusut cu surfilare;Electrocasnice;segment;masina de cusut;5,7;48;5;3;1;DA;
masina de cusut pentru blugi;Electrocasnice;segment;masina de cusut;5,7;48;5;3;1;DA;
masina de facut paine bestron pareri;Electrocasnice;recenzie;masina de paine;5,7;48;6;1;1;DA;
masina de spalat rufe cu uscator incorporabila;Electrocasnice;segment;masina de spalat rufe;3;48;7;5;1;DA;
masina de spalat vase cu uscator;Electrocasnice;segment;masina de spalat vase;3;48;6;5;1;DA;
masina de spalat vase independenta ieftina;Electrocasnice;pret;masina de spalat vase;3;48;6;3;1;DA;
masina de spalat vase samus pareri;Electrocasnice;recenzie;masina de spalat vase;3;48;6;1;1;DA;
multicooker cu vas ceramic;Electrocasnice;segment;multicooker;5,7;48;4;1;1;DA;
multicooker pentru automobil 12/24v;Electrocasnice;segment;multicooker;5,7;48;4;1;1;DA;
paleta pentru masina de paine;Electrocasnice;segment;masina de paine;5,7;48;5;3;1;DA;
picioare pentru masina de spalat rufe;Electrocasnice;segment;masina de spalat rufe;3;48;6;5;1;DA;
plita electrica cu inductie ieftina;Electrocasnice;pret;plita inductie;5,7;48;5;1;1;DA;
plita inductie cu hota incorporata bora;Electrocasnice;segment;plita inductie;5,7;48;6;5;1;DA;
robot de bucatarie cu cantar incorporat;Electrocasnice;segment;robot de bucatarie;5,7;48;6;5;1;DA;
robot de bucatarie cu retete;Electrocasnice;segment;robot de bucatarie;5,7;48;5;3;1;DA;
robot de bucatarie mai ieftin;Electrocasnice;pret;robot de bucatarie;5,7;48;5;1;1;DA;
storcator de fructe cu abur;Electrocasnice;segment;storcator de fructe;5,7;48;5;3;1;DA;
tavi pentru friteuza cu aer cald;Electrocasnice;segment;friteuza cu aer;5,7;48;6;5;1;DA;
uscator de rufe pentru afara;Electrocasnice;segment;uscator de rufe;3;48;5;3;1;DA;
aparat de vidat alimente ieftin;Electrocasnice;pret;aparat de vidat;5,7;46;5;2;1;DA;
aparat de vidat ieftin;Electrocasnice;pret;aparat de vidat;5,7;46;4;0;1;DA;
aspirator robot cel mai ieftin;Electrocasnice;pret;aspirator robot;5,7;46;5;2;1;DA;
aspirator robot pentru mocheta;Electrocasnice;segment;aspirator robot;5,7;46;4;2;1;DA;
aspirator vertical cu fir putere mare;Electrocasnice;segment;aspirator vertical;5,7;46;6;6;1;DA;
aspirator vertical ieftin fara fir;Electrocasnice;pret;aspirator vertical;5,7;46;5;2;1;DA;
aspirator vertical pentru covoare;Electrocasnice;segment;aspirator vertical;5,7;46;4;2;1;DA;
blender cu bol;Electrocasnice;segment;blender;5,7;46;3;0;1;DA;
blender pentru smoothie;Electrocasnice;segment;blender;5,7;46;3;0;1;DA;
capsule masina de spalat vase ieftine;Electrocasnice;pret;masina de spalat vase;3;46;6;4;1;DA;
cel mai bun aparat de vidat alimente;Electrocasnice;roundup;aparat de vidat;5,7;46;7;1;1;DA;
cel mai bun aspirator vertical fara fir;Electrocasnice;roundup;aspirator vertical;5,7;46;7;1;1;DA;
cel mai bun cuptor incorporabil pe gaz;Electrocasnice;roundup;cuptor incorporabil;5,7;46;7;1;1;DA;
cel mai bun detergent masina de spalat vase;Electrocasnice;roundup;masina de spalat vase;3;46;8;1;1;DA;
cel mai bun espressor de cafea;Electrocasnice;roundup;espressor;5,7;46;6;1;1;DA;
cel mai bun fier de calcat vertical;Electrocasnice;roundup;fier de calcat;5,7;46;7;1;1;DA;
cel mai bun robot de bucatarie profesional;Electrocasnice;roundup;robot de bucatarie;5,7;46;7;1;1;DA;
cel mai bun storcator de fructe si legume;Electrocasnice;roundup;storcator de fructe;5,7;46;8;1;1;DA;
cele mai bune capsule masina de spalat vase;Electrocasnice;roundup;masina de spalat vase;3;46;8;1;1;DA;
cele mai bune fier de calcat vertical;Electrocasnice;roundup;fier de calcat;5,7;46;7;1;1;DA;
cele mai bune frigidere no frost;Electrocasnice;roundup;frigider;3;46;6;1;1;DA;
cele mai bune oale pentru plita cu inductie;Electrocasnice;roundup;plita inductie;5,7;46;8;1;1;DA;
cele mai bune plite cu hota incorporata;Electrocasnice;roundup;hota;5,7;46;7;1;1;DA;
cuptor incorporabil cu aburi;Electrocasnice;segment;cuptor incorporabil;5,7;46;4;2;1;DA;
curatare friteuza cu aer cald;Electrocasnice;segment;friteuza cu aer;5,7;46;5;4;1;DA;
cuva pentru masina de paine moulinex;Electrocasnice;segment;masina de paine;5,7;46;6;6;1;DA;
drojdie pentru masina de paine;Electrocasnice;segment;masina de paine;5,7;46;5;4;1;DA;
espressor automat sau semiautomat;Electrocasnice;comparatie;espressor;5,7;46;4;6;1;DA;
espressor cu capsule;Electrocasnice;segment;espressor;5,7;46;3;0;1;DA;
espressor pentru aragaz;Electrocasnice;segment;espressor;5,7;46;3;0;1;DA;
fier de calcat cu masa;Electrocasnice;segment;fier de calcat;5,7;46;5;4;1;DA;
fier de calcat ieftin;Electrocasnice;pret;fier de calcat;5,7;46;4;0;1;DA;
fier de calcat pentru copii;Electrocasnice;segment;fier de calcat;5,7;46;5;4;1;DA;
frigider cu 2 usi;Electrocasnice;segment;frigider;3;46;4;2;1;DA;
frigider incorporabil sau nu;Electrocasnice;comparatie;frigider;3;46;4;6;1;DA;
frigider pentru bauturi;Electrocasnice;segment;frigider;3;46;3;0;1;DA;
frigider sau racitor;Electrocasnice;comparatie;frigider;3;46;3;4;1;DA;
friteuza cu aer cald biovita pareri;Electrocasnice;segment;friteuza cu aer;5,7;46;6;6;1;DA;
friteuza cu aer cald cuva ceramica;Electrocasnice;segment;friteuza cu aer;5,7;46;6;6;1;DA;
gratar electric cu plita;Electrocasnice;segment;gratar electric;5,7;46;4;2;1;DA;
gratar electric fara fum pareri;Electrocasnice;segment;gratar electric;5,7;46;5;4;1;DA;
gratar electric pentru terasa;Electrocasnice;segment;gratar electric;5,7;46;4;2;1;DA;
hota cu 2 motoare;Electrocasnice;segment;hota;5,7;46;4;2;1;DA;
hota pentru gratar;Electrocasnice;segment;hota;5,7;46;3;0;1;DA;
masina de cusut electrica ieftina;Electrocasnice;pret;masina de cusut;5,7;46;5;2;1;DA;
masina de cusut ieftina;Electrocasnice;pret;masina de cusut;5,7;46;4;0;1;DA;
masina de cusut pentru materiale groase;Electrocasnice;segment;masina de cusut;5,7;46;6;6;1;DA;
masina de cusut pentru piele;Electrocasnice;segment;masina de cusut;5,7;46;5;4;1;DA;
masina de facut paine cu framantare;Electrocasnice;segment;masina de paine;5,7;46;6;6;1;DA;
masina de paine cu maia;Electrocasnice;segment;masina de paine;5,7;46;5;4;1;DA;
masina de paine ieftina;Electrocasnice;pret;masina de paine;5,7;46;4;0;1;DA;
masina de spalat rufe pareri;Electrocasnice;recenzie;masina de spalat rufe;3;46;5;0;1;DA;
masina de spalat rufe vortex pareri;Electrocasnice;recenzie;masina de spalat rufe;3;46;6;2;1;DA;
masina de spalat vase ihunt pareri;Electrocasnice;recenzie;masina de spalat vase;3;46;6;2;1;DA;
masina de spalat vase pareri;Electrocasnice;recenzie;masina de spalat vase;3;46;5;0;1;DA;
masina pentru paine;Electrocasnice;segment;masina de paine;5,7;46;3;0;1;DA;
multicooker pentru camion;Electrocasnice;segment;multicooker;5,7;46;3;0;1;DA;
pareri hota fara evacuare;Electrocasnice;segment;hota;5,7;46;4;2;1;DA;
plita inductie cu hota incorporata;Electrocasnice;segment;plita inductie;5,7;46;5;4;1;DA;
plita inductie cu un ochi;Electrocasnice;segment;plita inductie;5,7;46;5;4;1;DA;
plita pentru inductie;Electrocasnice;segment;plita inductie;5,7;46;3;0;1;DA;
pungi pentru aparat de vidat alimente;Electrocasnice;segment;aparat de vidat;5,7;46;6;6;1;DA;
raft pentru masina de spalat rufe;Electrocasnice;segment;masina de spalat rufe;3;46;6;6;1;DA;
robot de bucatarie cu framantare;Electrocasnice;segment;robot de bucatarie;5,7;46;5;4;1;DA;
robot de bucatarie cu vas de sticla;Electrocasnice;segment;robot de bucatarie;5,7;46;7;6;1;DA;
robot de bucatarie ieftin;Electrocasnice;pret;robot de bucatarie;5,7;46;4;0;1;DA;
robot de bucatarie multifunctional ieftin;Electrocasnice;pret;robot de bucatarie;5,7;46;5;2;1;DA;
robot de bucatarie pentru cozonac;Electrocasnice;segment;robot de bucatarie;5,7;46;5;4;1;DA;
robot de bucatarie pentru framantat aluat;Electrocasnice;segment;robot de bucatarie;5,7;46;6;6;1;DA;
storcator de fructe cu melc biovita;Electrocasnice;segment;storcator de fructe;5,7;46;6;6;1;DA;
storcator de fructe ieftin;Electrocasnice;pret;storcator de fructe;5,7;46;4;0;1;DA;
storcator de fructe si legume pareri;Electrocasnice;recenzie;storcator de fructe;5,7;46;6;2;1;DA;
tablete pentru masina de spalat vase;Electrocasnice;segment;masina de spalat vase;3;46;6;6;1;DA;
top cele mai bune aspirator robot;Electrocasnice;roundup;aspirator robot;5,7;46;6;1;1;DA;
uscator de rufe cu aer cald;Electrocasnice;segment;uscator de rufe;3;46;6;6;1;DA;
uscator de rufe ieftin;Electrocasnice;pret;uscator de rufe;3;46;4;0;1;DA;
uscator de rufe pentru perete;Electrocasnice;segment;uscator de rufe;3;46;5;4;1;DA;
aparat de vidat lidl pareri;Electrocasnice;recenzie;aparat de vidat;5,7;44;5;1;1;DA;
aspirator robot cu spalare ieftin;Electrocasnice;pret;aspirator robot;5,7;44;5;3;1;DA;
aspirator robot cu spalare roborock;Electrocasnice;segment;aspirator robot;5,7;44;5;5;1;DA;
aspirator robot pentru geamuri;Electrocasnice;segment;aspirator robot;5,7;44;4;3;1;DA;
aspirator vertical bun pentru covoare;Electrocasnice;segment;aspirator vertical;5,7;44;5;5;1;DA;
aspirator vertical cu mop;Electrocasnice;segment;aspirator vertical;5,7;44;4;3;1;DA;
blender cu bol de sticla;Electrocasnice;segment;blender;5,7;44;5;5;1;DA;
blender cu cana;Electrocasnice;segment;blender;5,7;44;3;1;1;DA;
blender ieftin si bun;Electrocasnice;pret;blender;5,7;44;4;1;1;DA;
blender pentru bebelusi;Electrocasnice;segment;blender;5,7;44;3;1;1;DA;
blender sau mixer vertical;Electrocasnice;comparatie;blender;5,7;44;4;7;1;DA;
blender sau storcator;Electrocasnice;comparatie;blender;5,7;44;3;5;1;DA;
cartofi pentru friteuza cu aer cald;Electrocasnice;segment;friteuza cu aer;5,7;44;6;7;1;DA;
cel mai bun aparat de vidat profesional;Electrocasnice;roundup;aparat de vidat;5,7;44;7;2;1;DA;
cel mai bun aspirator vertical;Electrocasnice;roundup;aspirator vertical;5,7;44;5;0;1;DA;
cel mai bun aspirator vertical cu spalare;Electrocasnice;roundup;aspirator vertical;5,7;44;7;2;1;DA;
cel mai bun cuptor incorporabil;Electrocasnice;roundup;cuptor incorporabil;5,7;44;5;0;1;DA;
cel mai bun cuptor incorporabil electric;Electrocasnice;roundup;cuptor incorporabil;5,7;44;6;2;1;DA;
cel mai bun fier de calcat forum;Electrocasnice;roundup;fier de calcat;5,7;44;7;2;1;DA;
cel mai bun frigider side by side;Electrocasnice;roundup;frigider;3;44;7;2;1;DA;
cel mai bun robot de bucatarie multifunctional;Electrocasnice;roundup;robot de bucatarie;5,7;44;7;2;1;DA;
cel mai bun uscator de rufe pliabil;Electrocasnice;roundup;uscator de rufe;3;44;7;2;1;DA;
cele mai bune aspirator robot;Electrocasnice;roundup;aspirator robot;5,7;44;5;0;1;DA;
cele mai bune aspirator vertical;Electrocasnice;roundup;aspirator vertical;5,7;44;5;0;1;DA;
cele mai bune blendere pentru smoothie;Electrocasnice;roundup;blender;5,7;44;6;2;1;DA;
cele mai bune hota bucatarie;Electrocasnice;roundup;hota;5,7;44;5;0;1;DA;
cele mai bune tigai pentru plita cu inductie;Electrocasnice;roundup;plita inductie;5,7;44;8;2;1;DA;
cuptor electric incorporabil ieftin;Electrocasnice;pret;cuptor incorporabil;5,7;44;4;1;1;DA;
cuptor incorporabil cu gaz;Electrocasnice;segment;cuptor incorporabil;5,7;44;4;3;1;DA;
cuva pentru masina de paine;Electrocasnice;segment;masina de paine;5,7;44;5;5;1;DA;
detergent pentru masina de spalat vase;Electrocasnice;segment;masina de spalat vase;3;44;6;7;1;DA;
espressor cu cafea macinata;Electrocasnice;segment;espressor;5,7;44;4;3;1;DA;
espressor ieftin si bun;Electrocasnice;pret;espressor;5,7;44;4;1;1;DA;
fier de calcat cu carbuni;Electrocasnice;segment;fier de calcat;5,7;44;5;5;1;DA;
fier de calcat cu reglare automata a temperaturii;Electrocasnice;segment;fier de calcat;5,7;44;8;7;1;DA;
fier de calcat pentru perdele;Electrocasnice;segment;fier de calcat;5,7;44;5;5;1;DA;
fier de calcat vertical pareri;Electrocasnice;recenzie;fier de calcat;5,7;44;5;1;1;DA;
filtru pentru masina de spalat rufe;Electrocasnice;segment;masina de spalat rufe;3;44;6;7;1;DA;
frigider pentru masina;Electrocasnice;segment;frigider;3;44;3;1;1;DA;
frigider sau congelator;Electrocasnice;comparatie;frigider;3;44;3;5;1;DA;
friteuza cu aer cald carrefour;Electrocasnice;segment;friteuza cu aer;5,7;44;5;5;1;DA;
friteuza cu aer cald cu cos de sticla;Electrocasnice;segment;friteuza cu aer;5,7;44;8;7;1;DA;
friteuza cu aer cald masterpro pareri;Electrocasnice;segment;friteuza cu aer;5,7;44;6;7;1;DA;
gratar electric pentru apartament;Electrocasnice;segment;gratar electric;5,7;44;4;3;1;DA;
hota cu filtru de carbon;Electrocasnice;segment;hota;5,7;44;5;5;1;DA;
hota ieftina si buna;Electrocasnice;pret;hota;5,7;44;4;1;1;DA;
masina de cusut lidl pareri;Electrocasnice;recenzie;masina de cusut;5,7;44;5;1;1;DA;
masina de cusut pentru genti;Electrocasnice;segment;masina de cusut;5,7;44;5;5;1;DA;
masina de cusut singer ieftina;Electrocasnice;pret;masina de cusut;5,7;44;5;3;1;DA;
masina de facut paine cu coacere;Electrocasnice;segment;masina de paine;5,7;44;6;7;1;DA;
masina de spalat vase cea mai ieftina;Electrocasnice;pret;masina de spalat vase;3;44;7;5;1;DA;
masina de spalat vase cu usa culisanta;Electrocasnice;segment;masina de spalat vase;3;44;7;7;1;DA;
masina de spalat vase incorporabila pareri;Electrocasnice;recenzie;masina de spalat vase;3;44;6;3;1;DA;
multicooker cu oala din inox;Electrocasnice;segment;multicooker;5,7;44;5;5;1;DA;
multicooker ieftin si bun;Electrocasnice;pret;multicooker;5,7;44;4;1;1;DA;
multicooker sau thermomix;Electrocasnice;comparatie;multicooker;5,7;44;3;5;1;DA;
plita inductie cu hota;Electrocasnice;segment;plita inductie;5,7;44;4;3;1;DA;
pungi pentru aparat de vidat;Electrocasnice;segment;aparat de vidat;5,7;44;5;5;1;DA;
robot de bucatarie bergner pareri;Electrocasnice;recenzie;robot de bucatarie;5,7;44;5;1;1;DA;
robot de bucatarie pentru sucuri;Electrocasnice;segment;robot de bucatarie;5,7;44;5;5;1;DA;
storcator de fructe bun pareri;Electrocasnice;recenzie;storcator de fructe;5,7;44;5;1;1;DA;
top cele mai bune fier de calcat;Electrocasnice;roundup;fier de calcat;5,7;44;7;2;1;DA;
uscator de rufe electric ieftin;Electrocasnice;pret;uscator de rufe;3;44;5;3;1;DA;
uscator de rufe pentru exterior;Electrocasnice;segment;uscator de rufe;3;44;5;5;1;DA;
aspirator vertical cu spalare;Electrocasnice;segment;aspirator vertical;5,7;43;4;3,5;1;DA;
aparat de vidat cu 100 pungi;Electrocasnice;segment;aparat de vidat;5,7;42;6;9;1;DA;
aparat de vidat cu caserole;Electrocasnice;segment;aparat de vidat;5,7;42;5;6;1;DA;
aparat de vidat pareri;Electrocasnice;recenzie;aparat de vidat;5,7;42;4;0;1;DA;
aparat de vidat qilive pareri;Electrocasnice;recenzie;aparat de vidat;5,7;42;5;2;1;DA;
aspirator robot cu doua perii;Electrocasnice;segment;aspirator robot;5,7;42;5;6;1;DA;
aspirator robot cu statie;Electrocasnice;segment;aspirator robot;5,7;42;4;4;1;DA;
aspirator robot ieftin;Electrocasnice;pret;aspirator robot;5,7;42;3;0;1;DA;
aspirator robot pentru par animale;Electrocasnice;segment;aspirator robot;5,7;42;5;6;1;DA;
aspirator vertical cu acumulator;Electrocasnice;segment;aspirator vertical;5,7;42;4;4;1;DA;
aspirator vertical cu putere mare de aspirare;Electrocasnice;segment;aspirator vertical;5,7;42;7;8;1;DA;
aspirator vertical ieftin;Electrocasnice;pret;aspirator vertical;5,7;42;3;0;1;DA;
aspirator vertical pentru copii;Electrocasnice;segment;aspirator vertical;5,7;42;4;4;1;DA;
blender pentru suc;Electrocasnice;segment;blender;5,7;42;3;2;1;DA;
cel mai bun aspirator robot;Electrocasnice;roundup;aspirator robot;5,7;42;5;1;1;DA;
cel mai bun aspirator vertical cu fir;Electrocasnice;roundup;aspirator vertical;5,7;42;7;3;1;DA;
cel mai bun blender vertical;Electrocasnice;roundup;blender;5,7;42;5;1;1;DA;
cel mai bun cuptor incorporabil 2025;Electrocasnice;roundup;cuptor incorporabil;5,7;42;6;3;1;DA;
cel mai bun multicooker forum;Electrocasnice;roundup;multicooker;5,7;42;5;1;1;DA;
cel mai bun storcator de fructe;Electrocasnice;roundup;storcator de fructe;5,7;42;6;3;1;DA;
cel mai bun uscator de rufe miele;Electrocasnice;roundup;uscator de rufe;3;42;7;3;1;DA;
cele mai bune blendere verticale;Electrocasnice;roundup;blender;5,7;42;5;1;1;DA;
cele mai bune marci de fier de calcat;Electrocasnice;roundup;fier de calcat;5,7;42;8;3;1;DA;
cos pentru friteuza cu aer cald;Electrocasnice;segment;friteuza cu aer;5,7;42;6;9;1;DA;
cuptor incorporabil cu rotisor;Electrocasnice;segment;cuptor incorporabil;5,7;42;4;4;1;DA;
cuptor incorporabil ieftin;Electrocasnice;pret;cuptor incorporabil;5,7;42;3;0;1;DA;
espressor cu capsule si cafea macinata;Electrocasnice;segment;espressor;5,7;42;6;8;1;DA;
espressor cu rasnita;Electrocasnice;segment;espressor;5,7;42;3;2;1;DA;
espressor pentru cafea boabe;Electrocasnice;segment;espressor;5,7;42;4;4;1;DA;
fier de calcat bun pareri;Electrocasnice;recenzie;fier de calcat;5,7;42;5;2;1;DA;
fier de calcat pareri;Electrocasnice;recenzie;fier de calcat;5,7;42;4;0;1;DA;
fier de calcat vertical ieftin;Electrocasnice;pret;fier de calcat;5,7;42;5;4;1;DA;
frigider cu o usa;Electrocasnice;segment;frigider;3;42;4;4;1;DA;
frigider ieftin si bun;Electrocasnice;pret;frigider;3;42;4;2;1;DA;
frigider pentru vinuri;Electrocasnice;segment;frigider;3;42;3;2;1;DA;
friteuza cu aer cald cu bol de sticla;Electrocasnice;segment;friteuza cu aer;5,7;42;8;8;1;DA;
friteuza cu aer cald cu doua rezistente;Electrocasnice;segment;friteuza cu aer;5,7;42;7;9;1;DA;
friteuza cu aer cald mandine pareri;Electrocasnice;segment;friteuza cu aer;5,7;42;6;8;1;DA;
friteuza sau multicooker;Electrocasnice;comparatie;multicooker;5,7;42;3;6;1;DA;
furtun pentru masina de spalat rufe;Electrocasnice;segment;masina de spalat rufe;3;42;6;8;1;DA;
gratar electric cu apa;Electrocasnice;segment;gratar electric;5,7;42;4;4;1;DA;
gratar electric cu piatra vulcanica;Electrocasnice;segment;gratar electric;5,7;42;5;6;1;DA;
gratar electric cu plita de fonta;Electrocasnice;segment;gratar electric;5,7;42;6;9;1;DA;
gratar electric pentru copt vinete;Electrocasnice;segment;gratar electric;5,7;42;5;6;1;DA;
gratar electric pentru frigarui;Electrocasnice;segment;gratar electric;5,7;42;4;4;1;DA;
gratar pentru friteuza cu aer cald;Electrocasnice;segment;friteuza cu aer;5,7;42;6;8;1;DA;
hota pentru insula;Electrocasnice;segment;hota;5,7;42;3;2;1;DA;
masina de cusut cu acumulator;Electrocasnice;segment;masina de cusut;5,7;42;5;6;1;DA;
masina de cusut cu dublu transport jack h2;Electrocasnice;segment;masina de cusut;5,7;42;8;9;1;DA;
masina de cusut electrica pentru incepatori;Electrocasnice;segment;masina de cusut;5,7;42;6;8;1;DA;
masina de cusut medion pareri;Electrocasnice;recenzie;masina de cusut;5,7;42;5;2;1;DA;
masina de cusut pareri;Electrocasnice;recenzie;masina de cusut;5,7;42;4;0;1;DA;
masina de paine pareri;Electrocasnice;recenzie;masina de paine;5,7;42;4;0;1;DA;
masina de spalat rufe incorporabila cu uscator;Electrocasnice;segment;masina de spalat rufe;3;42;7;8;1;DA;
masina de spalat vase cele mai ieftine;Electrocasnice;pret;masina de spalat vase;3;42;7;6;1;DA;
masina de spalat vase cu adancime mica;Electrocasnice;segment;masina de spalat vase;3;42;7;9;1;DA;
masina de spalat vase cu chiuveta;Electrocasnice;segment;masina de spalat vase;3;42;6;8;1;DA;
multicooker pentru orez;Electrocasnice;segment;multicooker;5,7;42;3;2;1;DA;
oala multicooker pentru camion;Electrocasnice;segment;multicooker;5,7;42;4;4;1;DA;
pastile pentru masina de spalat vase lidl;Electrocasnice;segment;masina de spalat vase;3;42;7;9;1;DA;
piciorus masina de cusut pentru tiv;Electrocasnice;segment;masina de cusut;5,7;42;6;9;1;DA;
plita inductie cu hota integrata;Electrocasnice;segment;plita inductie;5,7;42;5;6;1;DA;
plita inductie ieftina;Electrocasnice;pret;plita inductie;5,7;42;3;0;1;DA;
pungi de vidat pentru aparat vacuum sealer;Electrocasnice;segment;aparat de vidat;5,7;42;7;9;1;DA;
robinet pentru masina de spalat rufe;Electrocasnice;segment;masina de spalat rufe;3;42;6;9;1;DA;
robot de bucatarie cu functie de framantat;Electrocasnice;segment;robot de bucatarie;5,7;42;7;9;1;DA;
robot de bucatarie pareri;Electrocasnice;recenzie;robot de bucatarie;5,7;42;4;0;1;DA;
solutie pentru masina de spalat vase;Electrocasnice;segment;masina de spalat vase;3;42;6;8;1;DA;
storcator de fructe cu melc kuvings;Electrocasnice;segment;storcator de fructe;5,7;42;6;9;1;DA;
storcator de fructe pareri;Electrocasnice;recenzie;storcator de fructe;5,7;42;4;0;1;DA;
top cele mai bune multicooker;Electrocasnice;roundup;multicooker;5,7;42;5;1;1;DA;
uscator de rufe cel mai ieftin;Electrocasnice;pret;uscator de rufe;3;42;6;6;1;DA;
uscator de rufe ieftine;Electrocasnice;pret;uscator de rufe;3;42;4;2;1;DA;
uscator de rufe pareri;Electrocasnice;recenzie;uscator de rufe;3;42;4;0;1;DA;
uscator de rufe pentru tavan;Electrocasnice;segment;uscator de rufe;3;42;5;6;1;DA;
uscator de rufe sharp pareri;Electrocasnice;recenzie;uscator de rufe;3;42;5;2;1;DA;
aspirator vertical cu fir;Electrocasnice;segment;aspirator vertical;5,7;41;4;4,5;1;DA;
aparat de vidat cu taiere;Electrocasnice;segment;aparat de vidat;5,7;40;5;7;1;DA;
aparat de vidat kaufland pareri;Electrocasnice;recenzie;aparat de vidat;5,7;40;5;3;1;DA;
aspirator robot pareri forum;Electrocasnice;recenzie;aspirator robot;5,7;40;4;1;1;DA;
aspirator robot pentru covoare groase;Electrocasnice;segment;aspirator robot;5,7;40;5;7;1;DA;
aspirator robot pentru piscina;Electrocasnice;segment;aspirator robot;5,7;40;4;5;1;DA;
aspirator vertical cu aburi;Electrocasnice;segment;aspirator vertical;5,7;40;4;5;1;DA;
aspirator vertical fara fir;Electrocasnice;segment;aspirator vertical;5,7;40;4;5;1;DA;
aspirator vertical miele pareri;Electrocasnice;recenzie;aspirator vertical;5,7;40;4;1;1;DA;
aspirator vertical sauber pareri;Electrocasnice;recenzie;aspirator vertical;5,7;40;4;1;1;DA;
blender pentru frappe;Electrocasnice;segment;blender;5,7;40;3;3;1;DA;
cel mai bun aparat de vidat forum;Electrocasnice;roundup;aparat de vidat;5,7;40;7;4;1;DA;
cel mai bun aspirator robot 2026;Electrocasnice;roundup;aspirator robot;5,7;40;6;4;1;DA;
cel mai bun aspirator robot ieftin;Electrocasnice;roundup;aspirator robot;5,7;40;6;4;1;DA;
cel mai bun aspirator vertical dyson;Electrocasnice;roundup;aspirator vertical;5,7;40;6;4;1;DA;
cel mai bun blender de mana;Electrocasnice;roundup;blender;5,7;40;6;4;1;DA;
cel mai bun blender smoothie;Electrocasnice;roundup;blender;5,7;40;5;2;1;DA;
cel mai bun espressor automat;Electrocasnice;roundup;espressor;5,7;40;5;2;1;DA;
cel mai bun fier de calcat cu aburi;Electrocasnice;roundup;fier de calcat;5,7;40;8;4;1;DA;
cel mai bun gratar electric pentru casa;Electrocasnice;roundup;gratar electric;5,7;40;7;4;1;DA;
cel mai bun multicooker 2025;Electrocasnice;roundup;multicooker;5,7;40;5;2;1;DA;
cel mai bun multicooker de pe piata;Electrocasnice;roundup;multicooker;5,7;40;7;4;1;DA;
cel mai bun robot de bucatarie kitchenaid;Electrocasnice;roundup;robot de bucatarie;5,7;40;7;4;1;DA;
cel mai bun uscator de rufe vertical;Electrocasnice;roundup;uscator de rufe;3;40;7;4;1;DA;
cele mai bune blendere de mana;Electrocasnice;roundup;blender;5,7;40;6;4;1;DA;
cele mai bune frigidere cu 2 usi;Electrocasnice;roundup;frigider;3;40;7;4;1;DA;
cele mai bune frigidere forum;Electrocasnice;roundup;frigider;3;40;5;2;1;DA;
consum plita inductie pareri;Electrocasnice;recenzie;plita inductie;5,7;40;4;1;1;DA;
cuptor electric incorporabil pareri;Electrocasnice;recenzie;cuptor incorporabil;5,7;40;4;1;1;DA;
cuptor electric incorporabil pareri forum;Electrocasnice;recenzie;cuptor incorporabil;5,7;40;5;3;1;DA;
cuptor incorporabil cu air fryer;Electrocasnice;segment;cuptor incorporabil;5,7;40;5;7;1;DA;
cuptor incorporabil pe gaz ieftin;Electrocasnice;pret;cuptor incorporabil;5,7;40;5;5;1;DA;
cuptor microunde incorporabil ieftin;Electrocasnice;pret;cuptor incorporabil;5,7;40;4;3;1;DA;
curea pentru masina de paine;Electrocasnice;segment;masina de paine;5,7;40;5;7;1;DA;
espressor cu capsule nespresso;Electrocasnice;segment;espressor;5,7;40;4;5;1;DA;
espressor pentru cafenea;Electrocasnice;segment;espressor;5,7;40;3;3;1;DA;
fier de calcat pentru croitorie;Electrocasnice;segment;fier de calcat;5,7;40;5;7;1;DA;
folie pentru aparat de vidat;Electrocasnice;segment;aparat de vidat;5,7;40;5;7;1;DA;
frigider cu usa de sticla;Electrocasnice;segment;frigider;3;40;5;7;1;DA;
frigider pentru terasa;Electrocasnice;segment;frigider;3;40;3;3;1;DA;
friteuza cu aer cald ninja;Electrocasnice;segment;friteuza cu aer;5,7;40;5;7;1;DA;
gratar electric cu capac sticla;Electrocasnice;segment;gratar electric;5,7;40;5;7;1;DA;
gratar electric cu piatra;Electrocasnice;segment;gratar electric;5,7;40;4;5;1;DA;
gratar electric ninja pareri;Electrocasnice;recenzie;gratar electric;5,7;40;4;1;1;DA;
gratar electric pentru curte;Electrocasnice;segment;gratar electric;5,7;40;4;5;1;DA;
hota cu evacuare in spate;Electrocasnice;segment;hota;5,7;40;5;7;1;DA;
hota cu recirculare;Electrocasnice;segment;hota;5,7;40;3;3;1;DA;
hota pentru bucatarie;Electrocasnice;segment;hota;5,7;40;3;3;1;DA;
masina de cusut cu baterii;Electrocasnice;segment;masina de cusut;5,7;40;5;7;1;DA;
masina de cusut pentru tapiterie;Electrocasnice;segment;masina de cusut;5,7;40;5;7;1;DA;
masina de cusut pfaff pareri;Electrocasnice;recenzie;masina de cusut;5,7;40;5;3;1;DA;
masina de spalat rufe automata ieftina;Electrocasnice;pret;masina de spalat rufe;3;40;6;7;1;DA;
masina de spalat vase candy pareri;Electrocasnice;recenzie;masina de spalat vase;3;40;6;5;1;DA;
multicooker pentru masina;Electrocasnice;segment;multicooker;5,7;40;3;3;1;DA;
robot de bucatarie klarstein pareri;Electrocasnice;recenzie;robot de bucatarie;5,7;40;5;3;1;DA;
robot de bucatarie pentru framantat;Electrocasnice;segment;robot de bucatarie;5,7;40;5;7;1;DA;
storcator de fructe cu separator;Electrocasnice;segment;storcator de fructe;5,7;40;5;7;1;DA;
uscator de rufe cu acoperis;Electrocasnice;segment;uscator de rufe;3;40;5;7;1;DA;
uscator de rufe electric pareri;Electrocasnice;recenzie;uscator de rufe;3;40;5;3;1;DA;
uscator de rufe slim ieftin;Electrocasnice;pret;uscator de rufe;3;40;5;5;1;DA;
aparat de vidat cu furtun;Electrocasnice;segment;aparat de vidat;5,7;38;5;8;1;DA;
aparat de vidat silvercrest pareri;Electrocasnice;recenzie;aparat de vidat;5,7;38;5;4;1;DA;
aspirator robot cu spalare dyson;Electrocasnice;segment;aspirator robot;5,7;38;5;9;1;DA;
aspirator robot cu spalare pareri;Electrocasnice;segment;aspirator robot;5,7;38;5;8;1;DA;
aspirator robot pareri;Electrocasnice;recenzie;aspirator robot;5,7;38;3;0;1;DA;
aspirator robot shark pareri;Electrocasnice;recenzie;aspirator robot;5,7;38;4;2;1;DA;
aspirator vertical ieftin cu fir;Electrocasnice;pret;aspirator vertical;5,7;38;5;6;1;DA;
aspirator vertical lidl pareri;Electrocasnice;recenzie;aspirator vertical;5,7;38;4;2;1;DA;
aspirator vertical pareri;Electrocasnice;recenzie;aspirator vertical;5,7;38;3;0;1;DA;
banda pentru aparat de vidat;Electrocasnice;segment;aparat de vidat;5,7;38;5;8;1;DA;
blender cu rasnita;Electrocasnice;segment;blender;5,7;38;3;4;1;DA;
blender ieftin;Electrocasnice;pret;blender;5,7;38;2;0;1;DA;
blender pentru fructe;Electrocasnice;segment;blender;5,7;38;3;4;1;DA;
blender sau nutribullet;Electrocasnice;comparatie;blender;5,7;38;3;8;1;DA;
cel mai bun aparat de vidat carne;Electrocasnice;roundup;aparat de vidat;5,7;38;7;5;1;DA;
cel mai bun aspirator robot forum;Electrocasnice;roundup;aspirator robot;5,7;38;6;5;1;DA;
cel mai bun aspirator vertical cu mop;Electrocasnice;roundup;aspirator vertical;5,7;38;7;5;1;DA;
cel mai bun blender portabil;Electrocasnice;roundup;blender;5,7;38;5;3;1;DA;
cel mai bun espressor cafea boabe;Electrocasnice;roundup;espressor;5,7;38;6;5;1;DA;
cel mai bun espressor manual;Electrocasnice;roundup;espressor;5,7;38;5;3;1;DA;
cel mai bun fier de calcat 2026;Electrocasnice;roundup;fier de calcat;5,7;38;7;5;1;DA;
cel mai bun frigider 2026;Electrocasnice;roundup;frigider;3;38;5;3;1;DA;
cel mai bun multicooker pareri;Electrocasnice;roundup;multicooker;5,7;38;5;3;1;DA;
cel mai bun robot de bucatarie forum;Electrocasnice;roundup;robot de bucatarie;5,7;38;7;5;1;DA;
cel mai bun storcator de fructe cu melc;Electrocasnice;roundup;storcator de fructe;5,7;38;8;5;1;DA;
cel mai bun uscator de rufe forum;Electrocasnice;roundup;uscator de rufe;3;38;7;5;1;DA;
cele mai bune blendere profesionale;Electrocasnice;roundup;blender;5,7;38;5;3;1;DA;
cele mai bune frigidere 2026;Electrocasnice;roundup;frigider;3;38;5;3;1;DA;
corp cuptor incorporabil ieftin;Electrocasnice;pret;cuptor incorporabil;5,7;38;4;4;1;DA;
cuptor incorporabil cu usa retractabila;Electrocasnice;segment;cuptor incorporabil;5,7;38;5;8;1;DA;
cuptor incorporabil pareri;Electrocasnice;recenzie;cuptor incorporabil;5,7;38;3;0;1;DA;
cuptor incorporabil teka pareri;Electrocasnice;recenzie;cuptor incorporabil;5,7;38;4;2;1;DA;
espressor cu paduri;Electrocasnice;segment;espressor;5,7;38;3;4;1;DA;
espressor ieftin;Electrocasnice;pret;espressor;5,7;38;2;0;1;DA;
espressor ieftin cafea;Electrocasnice;pret;espressor;5,7;38;3;2;1;DA;
espressor ieftin cu capsule;Electrocasnice;pret;espressor;5,7;38;4;4;1;DA;
fier de calcat cu aburi ieftin;Electrocasnice;pret;fier de calcat;5,7;38;6;9;1;DA;
fier de calcat mai ieftin;Electrocasnice;pret;fier de calcat;5,7;38;5;6;1;DA;
fier de calcat pentru vacanta;Electrocasnice;segment;fier de calcat;5,7;38;5;9;1;DA;
fier de calcat vertical ieftin si bun;Electrocasnice;pret;fier de calcat;5,7;38;7;8;1;DA;
fier de calcat zass pareri;Electrocasnice;recenzie;fier de calcat;5,7;38;5;4;1;DA;
frigider cu dozator de apa;Electrocasnice;segment;frigider;3;38;5;8;1;DA;
frigider ieftin;Electrocasnice;pret;frigider;3;38;2;0;1;DA;
frigider pentru prajituri;Electrocasnice;segment;frigider;3;38;3;4;1;DA;
friteuza cu aer cald flanco;Electrocasnice;segment;friteuza cu aer;5,7;38;5;8;1;DA;
gratar electric pareri;Electrocasnice;recenzie;gratar electric;5,7;38;3;0;1;DA;
hota cu evacuare laterala;Electrocasnice;segment;hota;5,7;38;4;6;1;DA;
hota cu filtru;Electrocasnice;segment;hota;5,7;38;3;4;1;DA;
hota cu recirculare fara burlan;Electrocasnice;segment;hota;5,7;38;5;9;1;DA;
hota fara evacuare;Electrocasnice;segment;hota;5,7;38;3;4;1;DA;
hota ieftina;Electrocasnice;pret;hota;5,7;38;2;0;1;DA;
hota pentru bucatarie open space;Electrocasnice;segment;hota;5,7;38;5;8;1;DA;
hota pentru rulota;Electrocasnice;segment;hota;5,7;38;3;4;1;DA;
masina de cusut cu brat;Electrocasnice;segment;masina de cusut;5,7;38;5;8;1;DA;
masina de cusut minerva pareri;Electrocasnice;recenzie;masina de cusut;5,7;38;5;4;1;DA;
masina de spalat rufe haier pareri;Electrocasnice;recenzie;masina de spalat rufe;3;38;6;6;1;DA;
masina de spalat rufe mai ieftina;Electrocasnice;pret;masina de spalat rufe;3;38;6;9;1;DA;
masina de spalat rufe verticala ieftina;Electrocasnice;pret;masina de spalat rufe;3;38;6;8;1;DA;
multicooker ieftin;Electrocasnice;pret;multicooker;5,7;38;2;0;1;DA;
plita electrica cu inductie pareri;Electrocasnice;segment;plita inductie;5,7;38;5;9;1;DA;
plita inductie aeg pareri;Electrocasnice;recenzie;plita inductie;5,7;38;4;2;1;DA;
plita inductie pareri;Electrocasnice;recenzie;plita inductie;5,7;38;3;0;1;DA;
plita si cuptor incorporabil ieftin;Electrocasnice;pret;cuptor incorporabil;5,7;38;5;6;1;DA;
robot de bucatarie lidl pareri;Electrocasnice;recenzie;robot de bucatarie;5,7;38;5;4;1;DA;
robot de bucatarie pentru bebelusi;Electrocasnice;segment;robot de bucatarie;5,7;38;5;9;1;DA;
robot de bucatarie pentru zarzavat;Electrocasnice;segment;robot de bucatarie;5,7;38;5;8;1;DA;
storcator de fructe cu pulpa;Electrocasnice;segment;storcator de fructe;5,7;38;5;8;1;DA;
uscator de rufe cu evacuare;Electrocasnice;segment;uscator de rufe;3;38;5;9;1;DA;
uscator de rufe pentru calorifer;Electrocasnice;segment;uscator de rufe;3;38;5;9;1;DA;
uscator de rufe pentru usa;Electrocasnice;segment;uscator de rufe;3;38;5;8;1;DA;
frigider cu congelator;Electrocasnice;segment;frigider;3;37;3;4,5;1;DA;
aparat de vidat victronic pareri;Electrocasnice;recenzie;aparat de vidat;5,7;36;5;5;1;DA;
aspirator robot lidl pareri;Electrocasnice;recenzie;aspirator robot;5,7;36;4;3;1;DA;
blender pentru gheata;Electrocasnice;segment;blender;5,7;36;3;5;1;DA;
cel mai bun aparat de vidat umed uscat;Electrocasnice;roundup;aparat de vidat;5,7;36;8;6;1;DA;
cel mai bun aspirator vertical 2026;Electrocasnice;roundup;aspirator vertical;5,7;36;6;6;1;DA;
cel mai bun aspirator vertical pentru covoare;Electrocasnice;roundup;aspirator vertical;5,7;36;7;6;1;DA;
cel mai bun blender pentru bebelusi;Electrocasnice;roundup;blender;5,7;36;6;6;1;DA;
cel mai bun espressor portabil;Electrocasnice;roundup;espressor;5,7;36;5;4;1;DA;
cel mai bun frigider auto;Electrocasnice;roundup;frigider;3;36;5;4;1;DA;
cel mai bun gratar electric de interior;Electrocasnice;roundup;gratar electric;5,7;36;7;6;1;DA;
cel mai bun multicooker sub presiune;Electrocasnice;roundup;multicooker;5,7;36;6;6;1;DA;
cel mai bun robot de bucatarie 2025;Electrocasnice;roundup;robot de bucatarie;5,7;36;7;6;1;DA;
cel mai bun uscator de rufe slim;Electrocasnice;roundup;uscator de rufe;3;36;7;6;1;DA;
espressor cafea ieftin si bun;Electrocasnice;pret;espressor;5,7;36;5;7;1;DA;
espressor pentru masina;Electrocasnice;segment;espressor;5,7;36;3;5;1;DA;
fier de calcat lidl pareri;Electrocasnice;recenzie;fier de calcat;5,7;36;5;5;1;DA;
frigider cu televizor;Electrocasnice;segment;frigider;3;36;3;5;1;DA;
frigider pentru cosmetice;Electrocasnice;segment;frigider;3;36;3;5;1;DA;
gratar electric bun pareri;Electrocasnice;recenzie;gratar electric;5,7;36;4;3;1;DA;
gratar electric george foreman pareri;Electrocasnice;recenzie;gratar electric;5,7;36;5;5;1;DA;
gratar electric pentru interior;Electrocasnice;segment;gratar electric;5,7;36;4;7;1;DA;
hota pentru baie;Electrocasnice;segment;hota;5,7;36;3;5;1;DA;
hota pentru insula bucatarie;Electrocasnice;segment;hota;5,7;36;4;7;1;DA;
masina de cusut brother pareri;Electrocasnice;recenzie;masina de cusut;5,7;36;5;5;1;DA;
masina de spalat rufe samus pareri;Electrocasnice;recenzie;masina de spalat rufe;3;36;6;7;1;DA;
multicooker pareri forum;Electrocasnice;recenzie;multicooker;5,7;36;3;1;1;DA;
pastile masina spalat vase ieftine;Electrocasnice;pret;masina de spalat vase;3;36;5;7;1;DA;
plita inductie cu stecher;Electrocasnice;segment;plita inductie;5,7;36;4;7;1;DA;
plita inductie ikea pareri;Electrocasnice;recenzie;plita inductie;5,7;36;4;3;1;DA;
retete pentru multicooker;Electrocasnice;segment;multicooker;5,7;36;3;5;1;DA;
retete pentru multicooker novio;Electrocasnice;segment;multicooker;5,7;36;4;7;1;DA;
robot de bucatarie biovita pareri;Electrocasnice;recenzie;robot de bucatarie;5,7;36;5;5;1;DA;
uscator de rufe samus pareri;Electrocasnice;recenzie;uscator de rufe;3;36;5;5;1;DA;
aparat de vidat biovita pareri;Electrocasnice;recenzie;aparat de vidat;5,7;34;5;6;1;DA;
aspirator robot emerio pareri;Electrocasnice;recenzie;aspirator robot;5,7;34;4;4;1;DA;
aspirator robot pentru covor;Electrocasnice;segment;aspirator robot;5,7;34;4;9;1;DA;
aspirator robot pentru scari;Electrocasnice;segment;aspirator robot;5,7;34;4;8;1;DA;
aspirator vertical bun pareri;Electrocasnice;recenzie;aspirator vertical;5,7;34;4;4;1;DA;
blender cu pahar;Electrocasnice;segment;blender;5,7;34;3;6;1;DA;
blender ieftin auchan;Electrocasnice;pret;blender;5,7;34;3;4;1;DA;
blender pareri;Electrocasnice;recenzie;blender;5,7;34;2;0;1;DA;
blender pentru carne;Electrocasnice;segment;blender;5,7;34;3;6;1;DA;
blender pentru fructe congelate;Electrocasnice;segment;blender;5,7;34;4;9;1;DA;
cel mai bun aparat de vidat 2025;Electrocasnice;roundup;aparat de vidat;5,7;34;7;7;1;DA;
cel mai bun aspirator robot pentru covoare;Electrocasnice;roundup;aspirator robot;5,7;34;7;7;1;DA;
cel mai bun blender profesional;Electrocasnice;roundup;blender;5,7;34;5;5;1;DA;
cel mai bun blender vertical de mana;Electrocasnice;roundup;blender;5,7;34;7;7;1;DA;
cel mai bun cuptor electric incorporabil forum;Electrocasnice;roundup;cuptor incorporabil;5,7;34;7;7;1;DA;
cel mai bun fier de calcat vertical forum;Electrocasnice;roundup;fier de calcat;5,7;34;8;7;1;DA;
cel mai bun frigider cu congelator;Electrocasnice;roundup;frigider;3;34;6;7;1;DA;
cel mai bun multicooker 2026;Electrocasnice;roundup;multicooker;5,7;34;5;5;1;DA;
cel mai bun uscator de rufe electric;Electrocasnice;roundup;uscator de rufe;3;34;7;7;1;DA;
cele mai bune blendere portabile;Electrocasnice;roundup;blender;5,7;34;5;5;1;DA;
cele mai bune frigidere auto;Electrocasnice;roundup;frigider;3;34;5;5;1;DA;
cuptor incorporabil aeg pareri;Electrocasnice;recenzie;cuptor incorporabil;5,7;34;4;4;1;DA;
detergent masina spalat vase ieftin;Electrocasnice;pret;masina de spalat vase;3;34;5;8;1;DA;
espressor cu boabe;Electrocasnice;segment;espressor;5,7;34;3;6;1;DA;
espressor pareri;Electrocasnice;recenzie;espressor;5,7;34;2;0;1;DA;
espressor pentru acasa;Electrocasnice;segment;espressor;5,7;34;3;6;1;DA;
espressor pentru capsule nespresso;Electrocasnice;segment;espressor;5,7;34;4;8;1;DA;
fier de calcat hausberg pareri;Electrocasnice;recenzie;fier de calcat;5,7;34;5;6;1;DA;
frigider cu congelator mic;Electrocasnice;segment;frigider;3;34;4;9;1;DA;
frigider pareri;Electrocasnice;recenzie;frigider;3;34;2;0;1;DA;
frigider pentru sticle;Electrocasnice;segment;frigider;3;34;3;6;1;DA;
gratar electric cu afumatoare;Electrocasnice;segment;gratar electric;5,7;34;4;8;1;DA;
gratar electric pentru exterior;Electrocasnice;segment;gratar electric;5,7;34;4;8;1;DA;
gratar electric pentru gradina;Electrocasnice;segment;gratar electric;5,7;34;4;9;1;DA;
hota pareri;Electrocasnice;recenzie;hota;5,7;34;2;0;1;DA;
hota pentru bebelusi;Electrocasnice;segment;hota;5,7;34;3;6;1;DA;
masina de cusut portabila pareri;Electrocasnice;recenzie;masina de cusut;5,7;34;5;6;1;DA;
masina de spalat rufe sharp pareri;Electrocasnice;recenzie;masina de spalat rufe;3;34;6;9;1;DA;
masina de spalat vase ikea pareri;Electrocasnice;recenzie;masina de spalat vase;3;34;6;9;1;DA;
masina de spalat vase teka pareri;Electrocasnice;recenzie;masina de spalat vase;3;34;6;8;1;DA;
multicooker pareri;Electrocasnice;recenzie;multicooker;5,7;34;2;0;1;DA;
plita inductie cu cuptor;Electrocasnice;segment;plita inductie;5,7;34;4;9;1;DA;
plita inductie klarstein pareri;Electrocasnice;recenzie;plita inductie;5,7;34;4;4;1;DA;
robot de bucatarie ruhhy pareri;Electrocasnice;recenzie;robot de bucatarie;5,7;34;5;6;1;DA;
top 10 cele mai bune blendere;Electrocasnice;roundup;blender;5,7;34;6;7;1;DA;
top cel mai bun gratar electric;Electrocasnice;roundup;gratar electric;5,7;34;6;7;1;DA;
aspirator vertical eureka pareri;Electrocasnice;recenzie;aspirator vertical;5,7;32;4;5;1;DA;
aspirator vertical mai ieftin;Electrocasnice;pret;aspirator vertical;5,7;32;4;7;1;DA;
blender cu acumulator;Electrocasnice;segment;blender;5,7;32;3;7;1;DA;
blender pentru inghetata;Electrocasnice;segment;blender;5,7;32;3;7;1;DA;
blender portabil pareri;Electrocasnice;recenzie;blender;5,7;32;3;3;1;DA;
blender vertical ieftin;Electrocasnice;pret;blender;5,7;32;3;5;1;DA;
cel mai bun aspirator robot 2025;Electrocasnice;roundup;aspirator robot;5,7;32;6;9;1;DA;
cel mai bun cuptor electric incorporabil 2025;Electrocasnice;roundup;cuptor incorporabil;5,7;32;7;9;1;DA;
cel mai bun espressor cu capsule;Electrocasnice;roundup;espressor;5,7;32;6;9;1;DA;
cel mai bun espressor manual pentru acasa;Electrocasnice;roundup;espressor;5,7;32;7;8;1;DA;
cel mai bun fier de calcat profesional;Electrocasnice;roundup;fier de calcat;5,7;32;7;9;1;DA;
cel mai bun frigider cu 2 usi;Electrocasnice;roundup;frigider;3;32;7;9;1;DA;
cel mai bun frigider incorporabil;Electrocasnice;roundup;frigider;3;32;5;6;1;DA;
cel mai bun multicooker cu air fryer;Electrocasnice;roundup;multicooker;5,7;32;7;8;1;DA;
cel mai bun robot de bucatarie pareri;Electrocasnice;roundup;robot de bucatarie;5,7;32;7;8;1;DA;
cel mai bun uscator de rufe 2025;Electrocasnice;roundup;uscator de rufe;3;32;7;8;1;DA;
cele mai bune frigidere clasa a;Electrocasnice;roundup;frigider;3;32;6;9;1;DA;
cele mai bune frigidere side by side;Electrocasnice;roundup;frigider;3;32;7;8;1;DA;
cuptor incorporabil hausberg pareri;Electrocasnice;recenzie;cuptor incorporabil;5,7;32;4;5;1;DA;
espressor automat ieftin;Electrocasnice;pret;espressor;5,7;32;3;5;1;DA;
espressor pentru cafea;Electrocasnice;segment;espressor;5,7;32;3;7;1;DA;
frigider pentru camion;Electrocasnice;segment;frigider;3;32;3;7;1;DA;
hota bucatarie ieftina;Electrocasnice;pret;hota;5,7;32;3;5;1;DA;
masina de cusut manuala pareri;Electrocasnice;recenzie;masina de cusut;5,7;32;5;7;1;DA;
plita inductie teka pareri;Electrocasnice;recenzie;plita inductie;5,7;32;4;5;1;DA;
robot de bucatarie silvercrest pareri;Electrocasnice;recenzie;robot de bucatarie;5,7;32;5;7;1;DA;
top cel mai bun aparat de vidat;Electrocasnice;roundup;aparat de vidat;5,7;32;7;8;1;DA;
top cele mai bune blendere;Electrocasnice;roundup;blender;5,7;32;5;6;1;DA;
uscator de rufe candy pareri;Electrocasnice;recenzie;uscator de rufe;3;32;5;7;1;DA;
aparat de vidat bergner pareri;Electrocasnice;recenzie;aparat de vidat;5,7;30;5;8;1;DA;
aparat de vidat wanty pareri;Electrocasnice;recenzie;aparat de vidat;5,7;30;5;9;1;DA;
aspirator robot miele pareri;Electrocasnice;recenzie;aspirator robot;5,7;30;4;6;1;DA;
aspirator vertical dyson ieftin;Electrocasnice;pret;aspirator vertical;5,7;30;4;8;1;DA;
aspirator vertical samus pareri;Electrocasnice;recenzie;aspirator vertical;5,7;30;4;6;1;DA;
blender cu baterie;Electrocasnice;segment;blender;5,7;30;3;8;1;DA;
blender cu incalzire;Electrocasnice;segment;blender;5,7;30;3;9;1;DA;
blender pentru legume;Electrocasnice;segment;blender;5,7;30;3;8;1;DA;
blender portabil ieftin;Electrocasnice;pret;blender;5,7;30;3;6;1;DA;
blender vertical pareri;Electrocasnice;recenzie;blender;5,7;30;3;4;1;DA;
cel mai bun espressor ieftin;Electrocasnice;roundup;espressor;5,7;30;5;7;1;DA;
cele mai bune frigidere incorporabile;Electrocasnice;roundup;frigider;3;30;5;7;1;DA;
espressor cu lapte;Electrocasnice;segment;espressor;5,7;30;3;9;1;DA;
espressor pentru camion;Electrocasnice;segment;espressor;5,7;30;3;9;1;DA;
fier de calcat adler pareri;Electrocasnice;recenzie;fier de calcat;5,7;30;5;8;1;DA;
frigider ieftin resigilat;Electrocasnice;pret;frigider;3;30;3;6;1;DA;
frigider ieftin satu mare;Electrocasnice;pret;frigider;3;30;4;8;1;DA;
frigider pentru bere;Electrocasnice;segment;frigider;3;30;3;9;1;DA;
frigider pentru sucuri;Electrocasnice;segment;frigider;3;30;3;8;1;DA;
hota incorporabila ieftina;Electrocasnice;pret;hota;5,7;30;3;6;1;DA;
masina cu paine;Electrocasnice;segment;masina de paine;5,7;30;3;8;1;DA;
masina de cusut easymaxx pareri;Electrocasnice;recenzie;masina de cusut;5,7;30;5;8;1;DA;
masina de cusut princess pareri;Electrocasnice;recenzie;masina de cusut;5,7;30;5;9;1;DA;
plita inductie grundig pareri;Electrocasnice;recenzie;plita inductie;5,7;30;4;6;1;DA;
robot de bucatarie bun pareri;Electrocasnice;recenzie;robot de bucatarie;5,7;30;5;8;1;DA;
robot de bucatarie voltz pareri;Electrocasnice;recenzie;robot de bucatarie;5,7;30;5;9;1;DA;
uscator de rufe aeg pareri;Electrocasnice;recenzie;uscator de rufe;3;30;5;8;1;DA;
uscator de rufe miele pareri;Electrocasnice;recenzie;uscator de rufe;3;30;5;9;1;DA;
adaptor plita inductie pareri;Electrocasnice;recenzie;plita inductie;5,7;28;4;7;1;DA;
blender mai ieftin;Electrocasnice;pret;blender;5,7;28;3;7;1;DA;
blender nutribullet pareri;Electrocasnice;recenzie;blender;5,7;28;3;5;1;DA;
cel mai bun blender 2025;Electrocasnice;roundup;blender;5,7;28;5;8;1;DA;
cel mai bun blender nutribullet;Electrocasnice;roundup;blender;5,7;28;5;9;1;DA;
cel mai bun multicooker ninja;Electrocasnice;roundup;multicooker;5,7;28;5;9;1;DA;
cuptor incorporabil samus pareri;Electrocasnice;recenzie;cuptor incorporabil;5,7;28;4;7;1;DA;
frigider ieftin romania;Electrocasnice;pret;frigider;3;28;3;7;1;DA;
hota telescopica ieftina;Electrocasnice;pret;hota;5,7;28;3;7;1;DA;
multicooker novio pareri forum;Electrocasnice;recenzie;multicooker;5,7;28;4;7;1;DA;
aspirator robot dyson pareri;Electrocasnice;recenzie;aspirator robot;5,7;26;4;8;1;DA;
aspirator vertical myria pareri;Electrocasnice;recenzie;aspirator vertical;5,7;26;4;8;1;DA;
blender bun pareri;Electrocasnice;recenzie;blender;5,7;26;3;6;1;DA;
blender electric ieftin;Electrocasnice;pret;blender;5,7;26;3;9;1;DA;
blender portabil nutribullet pareri;Electrocasnice;recenzie;blender;5,7;26;4;8;1;DA;
blender smoothie ieftin;Electrocasnice;pret;blender;5,7;26;3;8;1;DA;
cel mai bun blender;Electrocasnice;roundup;blender;5,7;26;4;0;1;DA;
cel mai bun hota;Electrocasnice;roundup;hota;5,7;26;4;0;1;DA;
cel mai bun multicooker;Electrocasnice;roundup;multicooker;5,7;26;4;0;1;DA;
cele mai bune blendere;Electrocasnice;roundup;blender;5,7;26;4;0;1;DA;
cele mai bune frigidere;Electrocasnice;roundup;frigider;3;26;4;0;1;DA;
cele mai bune multicookere;Electrocasnice;roundup;multicooker;5,7;26;4;0;1;DA;
cuptor incorporabil hansa pareri;Electrocasnice;recenzie;cuptor incorporabil;5,7;26;4;9;1;DA;
espressor incorporabil ieftin;Electrocasnice;pret;espressor;5,7;26;3;8;1;DA;
espressor manual ieftin;Electrocasnice;pret;espressor;5,7;26;3;9;1;DA;
frigider ieftin selgros;Electrocasnice;pret;frigider;3;26;3;9;1;DA;
hota aragaz ieftina;Electrocasnice;pret;hota;5,7;26;3;8;1;DA;
hota decorativa ieftina;Electrocasnice;pret;hota;5,7;26;3;9;1;DA;
multicooker myria pareri;Electrocasnice;recenzie;multicooker;5,7;26;3;6;1;DA;
plita inductie vortex pareri;Electrocasnice;recenzie;plita inductie;5,7;26;4;8;1;DA;
cel mai bun frigider;Electrocasnice;roundup;frigider;3;24;4;1;1;DA;
multicooker biovita pareri;Electrocasnice;recenzie;multicooker;5,7;22;3;8;1;DA;
multicooker ihunt pareri;Electrocasnice;recenzie;multicooker;5,7;22;3;9;1;DA;
cel mai bun espressor;Electrocasnice;roundup;espressor;5,7;14;4;6;1;DA;
cat consuma masina de tuns iarba;Gradina;informational;masina de tuns iarba;5,3;72;6;0;1;DA;
cat consuma o motocoasa pe benzina;Gradina;informational;motocoasa;5,3;72;6;0;1;DA;
cat consuma o pompa de piscina;Gradina;informational;piscina;6,3;72;6;0;1;DA;
cat consuma un gratar electric;Gradina;informational;gratar;6,3;72;5;0;2;DA;
cat consuma un hidrofor pe luna;Gradina;informational;hidrofor;5,3;70;6;1;1;DA;
cat consuma o drujba electrica;Gradina;informational;drujba;5,3;68;5;0;1;DA;
cat consuma un hidrofor pe ora;Gradina;informational;hidrofor;5,3;68;6;2;1;DA;
cat consuma un hidrofor pe zi;Gradina;informational;hidrofor;5,3;66;6;3;1;DA;
masina de tuns iarba sau motocoasa;Gradina;comparatie;masina de tuns iarba;5,3;66;6;0;1;DA;
motocoasa sau masina de tuns iarba;Gradina;comparatie;motocoasa;5,3;66;6;0;1;DA;
hidrofor sau pompa de gradina;Gradina;comparatie;pompa de gradina;5,3;64;5;1;2;DA;
masina de tuns iarba electrica sau pe benzina;Gradina;comparatie;masina de tuns iarba;5,3;64;8;1;1;DA;
cat consuma o drujba;Gradina;informational;drujba;5,3;62;4;1;1;DA;
cat consuma o motocoasa;Gradina;informational;motocoasa;5,3;62;4;1;1;DA;
ghiveci sau tocana de legume;Gradina;comparatie;ghiveci;6,3;62;5;0;1;DA;
gratar electric sau pe gaz;Gradina;comparatie;gratar;6,3;61;5;2,5;2;DA;
cat consuma hidroforul;Gradina;informational;hidrofor;5,3;60;3;0;1;DA;
cat curent consuma un hidrofor;Gradina;informational;hidrofor;5,3;60;5;4;1;DA;
ghiveci sau tocana de legume pentru iarna;Gradina;comparatie;ghiveci;6,3;60;7;3;1;DA;
drujba electrica sau pe benzina;Gradina;comparatie;drujba;5,3;58;5;2;1;DA;
hidrofor sau pompa submersibila;Gradina;comparatie;hidrofor;5,3;58;4;0;1;DA;
masina de tuns iarba pentru copii;Gradina;segment;masina de tuns iarba;5,3;58;6;0;1;DA;
motosapa electrica sau pe benzina;Gradina;comparatie;motosapa;5,3;58;5;2;1;DA;
foarfeca de gradina pentru taiat crengi pomi grunman;Gradina;segment;foarfeca de gradina;5,3;56;8;1;1;DA;
hidrofor sau pompa submersibila forum;Gradina;comparatie;hidrofor;5,3;56;5;3;1;DA;
masina de tuns iarba cu acumulator;Gradina;segment;masina de tuns iarba;5,3;56;6;1;1;DA;
masina de tuns iarba pentru spatii inguste;Gradina;segment;masina de tuns iarba;5,3;56;7;1;1;DA;
motosapa pe curele sau pinioane;Gradina;comparatie;motosapa;5,3;56;5;3;1;DA;
motosapa sau motocultor forum;Gradina;comparatie;motosapa;5,3;56;4;1;1;DA;
set mobilier de gradina cu umbrela;Gradina;segment;mobilier de gradina;6,3;56;6;1;1;DA;
casuta de gradina cu podea;Gradina;segment;casuta de gradina;6,3;54;5;0;1;DA;
casuta de gradina pentru copii;Gradina;segment;casuta de gradina;6,3;54;5;0;1;DA;
casuta de gradina pentru copii din lemn;Gradina;segment;casuta de gradina;6,3;54;7;2;1;DA;
drujba sau motofierastrau;Gradina;comparatie;drujba;5,3;54;3;0;1;DA;
foarfeca de gradina pentru iarba;Gradina;segment;foarfeca de gradina;5,3;54;5;0;1;DA;
foarfeca de gradina pentru taiat crengi pomi;Gradina;segment;foarfeca de gradina;5,3;54;7;2;1;DA;
gratar sau gratar;Gradina;comparatie;gratar;6,3;54;3;0;1;DA;
hidrofor sau pompa cu presostat;Gradina;comparatie;hidrofor;5,3;54;5;4;1;DA;
masina de tuns iarba cu autopropulsie;Gradina;segment;masina de tuns iarba;5,3;54;6;2;1;DA;
masina de tuns iarba pentru teren denivelat;Gradina;segment;masina de tuns iarba;5,3;54;7;2;1;DA;
mobilier de gradina cu umbrela;Gradina;segment;mobilier de gradina;6,3;54;5;0;1;DA;
mobilier de gradina pentru copii;Gradina;segment;mobilier de gradina;6,3;54;5;0;1;DA;
motocoasa electrica sau pe benzina;Gradina;comparatie;motocoasa;5,3;54;5;4;1;DA;
motocoasa in 2 sau 4 timpi pareri;Gradina;comparatie;motocoasa;5,3;54;7;6;1;DA;
motosapa sau motocultor;Gradina;comparatie;motosapa;5,3;54;3;0;1;DA;
piscina sau piscina;Gradina;comparatie;piscina;6,3;54;3;0;1;DA;
pompa de apa pentru gradina;Gradina;segment;pompa de gradina;5,3;54;5;0;1;DA;
pompa de gradina cu panou solar;Gradina;segment;pompa de gradina;5,3;54;6;2;1;DA;
pompa pentru sistem de irigatii;Gradina;segment;sistem de irigatii;5,3;54;5;0;1;DA;
set mobilier de gradina cu perne vidaxl;Gradina;segment;mobilier de gradina;6,3;54;7;2;1;DA;
foarfeca de gradina cu acumulator;Gradina;segment;foarfeca de gradina;5,3;53;5;0,5;1;DA;
gratar electric sau airfryer;Gradina;comparatie;gratar;6,3;53;4;4,5;2;DA;
casuta de gradina cu terasa;Gradina;segment;casuta de gradina;6,3;52;5;1;1;DA;
casuta de gradina cu tobogan si leagan;Gradina;segment;casuta de gradina;6,3;52;7;3;1;DA;
casuta de gradina pentru scule;Gradina;segment;casuta de gradina;6,3;52;5;1;1;DA;
cutit pentru masina de tuns iarba;Gradina;segment;masina de tuns iarba;5,3;52;6;3;1;DA;
ghiveci sau ghiveciuri;Gradina;comparatie;ghiveci;6,3;52;3;1;1;DA;
gratar sau plita;Gradina;comparatie;gratar;6,3;52;3;1;1;DA;
hidrofor sau pompa;Gradina;comparatie;hidrofor;5,3;52;3;1;1;DA;
masina de tuns iarba cu telecomanda;Gradina;segment;masina de tuns iarba;5,3;52;6;3;1;DA;
masina de tuns iarba ieftina si buna;Gradina;pret;masina de tuns iarba;5,3;52;7;1;1;DA;
motocoasa 4 timpi sau 2 timpi;Gradina;comparatie;motocoasa;5,3;52;6;7;1;DA;
motocoasa sau motocositoare;Gradina;comparatie;motocoasa;5,3;52;3;1;1;DA;
piscina sau bazin;Gradina;comparatie;piscina;6,3;52;3;1;1;DA;
pompa de apa manuala pentru gradina;Gradina;segment;pompa de gradina;5,3;52;6;3;1;DA;
pompa de gradina cu presostat;Gradina;segment;pompa de gradina;5,3;52;5;1;1;DA;
pompa de stropit pentru gradina;Gradina;segment;pompa de gradina;5,3;52;5;1;1;DA;
set mobilier de gradina cu perne;Gradina;segment;mobilier de gradina;6,3;52;6;3;1;DA;
umbrela de gradina cu led;Gradina;segment;umbrela de gradina;6,3;52;5;1;1;DA;
umbrela de soare pentru gradina;Gradina;segment;umbrela de gradina;6,3;52;5;1;1;DA;
casuta de gradina cu tobogan;Gradina;segment;casuta de gradina;6,3;50;5;2;1;DA;
foarfeca de gradina pentru taiat crengi;Gradina;segment;foarfeca de gradina;5,3;50;6;4;1;DA;
ghiveci sau ghivece;Gradina;comparatie;ghiveci;6,3;50;3;2;1;DA;
hidrofor sau pompa de apa;Gradina;comparatie;hidrofor;5,3;50;5;6;1;DA;
lama pentru masina de tuns iarba;Gradina;segment;masina de tuns iarba;5,3;50;6;4;1;DA;
masina de tuns iarba cu benzina;Gradina;segment;masina de tuns iarba;5,3;50;6;4;1;DA;
masina de tuns iarba electrica ieftina;Gradina;pret;masina de tuns iarba;5,3;50;6;2;1;DA;
masina de tuns iarba ieftina;Gradina;pret;masina de tuns iarba;5,3;50;5;0;1;DA;
mobilier pentru gradina si terasa;Gradina;segment;mobilier de gradina;6,3;50;5;2;1;DA;
motocoasa sau trimmer;Gradina;comparatie;motocoasa;5,3;50;3;2;1;DA;
piscina cu cadru metalic;Gradina;segment;piscina;6,3;50;4;0;1;DA;
piscina pana in 100 ron;Gradina;pret;piscina;6,3;50;5;0;1;DA;
pompa de gradina cu acumulator;Gradina;segment;pompa de gradina;5,3;50;5;2;1;DA;
pompa de gradina cu presostat electronic;Gradina;segment;pompa de gradina;5,3;50;6;4;1;DA;
umbrela de gradina cu franjuri;Gradina;segment;umbrela de gradina;6,3;50;5;2;1;DA;
umbrela de gradina cu suport;Gradina;segment;umbrela de gradina;6,3;50;5;2;1;DA;
umbrela gradina pentru masa;Gradina;segment;umbrela de gradina;6,3;50;4;0;1;DA;
masina de tuns iarba cu acumulator parkside;Gradina;segment;masina de tuns iarba;5,3;49;7;4,5;1;DA;
trimmer gradina cu acumulator;Gradina;segment;trimmer gradina;5,3;49;4;0,5;1;DA;
casuta de gradina copii ieftina;Gradina;pret;casuta de gradina;6,3;48;5;1;1;DA;
casuta de gradina cu montaj inclus;Gradina;segment;casuta de gradina;6,3;48;6;5;1;DA;
casuta de gradina pentru depozitare;Gradina;segment;casuta de gradina;6,3;48;5;3;1;DA;
cel mai bun ghiveci de legume;Gradina;roundup;ghiveci;6,3;48;6;0;1;DA;
cel mai bun gratar electric;Gradina;roundup;gratar;6,3;48;5;0;2;DA;
cel mai bun masina de tuns iarba;Gradina;roundup;masina de tuns iarba;5,3;48;7;0;1;DA;
cel mai ieftin mobilier de gradina;Gradina;pret;mobilier de gradina;6,3;48;6;3;1;DA;
cele mai bune gratare pe gaz;Gradina;roundup;gratar;6,3;48;6;0;1;DA;
cele mai bune hoteluri cu piscina din romania;Gradina;roundup;piscina;6,3;48;8;0;1;DA;
cele mai bune lanturi de drujba;Gradina;roundup;drujba;5,3;48;6;0;1;DA;
cele mai bune motocoasa pe benzina;Gradina;roundup;motocoasa;5,3;48;6;0;1;DA;
cos pentru masina de tuns iarba;Gradina;segment;masina de tuns iarba;5,3;48;6;5;1;DA;
drujba cu acumulator parkside;Gradina;segment;drujba;5,3;48;4;1;1;DA;
drujba pentru gard viu;Gradina;segment;drujba;5,3;48;4;1;1;DA;
foarfeca de gradina cu acumulator lidl;Gradina;segment;foarfeca de gradina;5,3;48;6;5;1;DA;
foarfeca de gradina cu acumulator parkside;Gradina;segment;foarfeca de gradina;5,3;48;6;5;1;DA;
ghiveci de legume cu orez;Gradina;segment;ghiveci;6,3;48;5;3;1;DA;
gratar sau disc;Gradina;comparatie;gratar;6,3;48;3;3;1;DA;
husa pentru umbrela de gradina;Gradina;segment;umbrela de gradina;6,3;48;5;3;1;DA;
masina de tuns iarba benzina ieftina;Gradina;pret;masina de tuns iarba;5,3;48;6;3;1;DA;
masina de tuns iarba cu acumulator leroy merlin;Gradina;segment;masina de tuns iarba;5,3;48;8;5;1;DA;
masina de tuns iarba manuala pareri;Gradina;recenzie;masina de tuns iarba;5,3;48;6;1;1;DA;
motocoasa 2t sau 4t;Gradina;comparatie;motocoasa;5,3;48;4;5;1;DA;
motocoasa pentru iarba mare;Gradina;segment;motocoasa;5,3;48;4;1;1;DA;
pompa de gradina cu autoamorsare;Gradina;segment;pompa de gradina;5,3;48;5;3;1;DA;
set mobilier de gradina ieftin;Gradina;pret;mobilier de gradina;6,3;48;5;1;1;DA;
sistem de irigatii cu aspersoare;Gradina;segment;sistem de irigatii;5,3;48;5;3;1;DA;
umbrela de gradina cu manivela;Gradina;segment;umbrela de gradina;6,3;48;5;3;1;DA;
casuta de gradina cu geamuri;Gradina;segment;casuta de gradina;6,3;46;5;4;1;DA;
casuta de gradina pentru biciclete;Gradina;segment;casuta de gradina;6,3;46;5;4;1;DA;
cel mai bun gratar electric de gradina;Gradina;roundup;gratar;6,3;46;7;3;2;DA;
cel mai bun gratar pe gaz;Gradina;roundup;gratar;6,3;46;6;1;1;DA;
cele mai bune aspiratoare de piscina;Gradina;roundup;piscina;6,3;46;6;1;1;DA;
cele mai bune gratare pe carbuni;Gradina;roundup;gratar;6,3;46;6;1;1;DA;
cele mai bune lame de drujba;Gradina;roundup;drujba;5,3;46;6;1;1;DA;
curea pentru masina de tuns iarba;Gradina;segment;masina de tuns iarba;5,3;46;6;6;1;DA;
drujba cu acumulator parkside lidl;Gradina;segment;drujba;5,3;46;5;4;1;DA;
drujba pentru crengi;Gradina;segment;drujba;5,3;46;3;0;1;DA;
drujba pentru o mana;Gradina;segment;drujba;5,3;46;4;2;1;DA;
ghiveci cu picior;Gradina;segment;ghiveci;6,3;46;3;0;1;DA;
ghiveci pentru flori;Gradina;segment;ghiveci;6,3;46;3;0;1;DA;
ghiveci pentru flori mari md;Gradina;segment;ghiveci;6,3;46;5;4;1;DA;
gratar cu plita;Gradina;segment;gratar;6,3;46;3;0;1;DA;
gratar cu plita rotund;Gradina;segment;gratar;6,3;46;4;2;1;DA;
gratar inox sau fier;Gradina;comparatie;gratar;6,3;46;4;6;1;DA;
gratar pentru aragaz;Gradina;segment;gratar;6,3;46;3;0;1;DA;
hidrofor cu pompa submersibila;Gradina;segment;hidrofor;5,3;46;4;2;1;DA;
hidrofor pentru fantana;Gradina;segment;hidrofor;5,3;46;3;0;1;DA;
masca pentru pompa de gradina;Gradina;segment;pompa de gradina;5,3;46;5;4;1;DA;
masina de tuns iarba cu fir;Gradina;segment;masina de tuns iarba;5,3;46;6;6;1;DA;
masina de tuns iarba pareri;Gradina;recenzie;masina de tuns iarba;5,3;46;5;0;1;DA;
masina de tuns iarba wolfson pareri;Gradina;recenzie;masina de tuns iarba;5,3;46;6;2;1;DA;
motocoasa cu fir sau disc;Gradina;comparatie;motocoasa;5,3;46;5;8;1;DA;
motocoasa pentru femei;Gradina;segment;motocoasa;5,3;46;3;0;1;DA;
motosapa pentru motocoasa;Gradina;segment;motosapa;5,3;46;3;0;1;DA;
piscina cu pompa de filtrare;Gradina;segment;piscina;6,3;46;5;4;1;DA;
piscina pentru copii;Gradina;segment;piscina;6,3;46;3;0;1;DA;
piscina pentru copii cu tobogan;Gradina;segment;piscina;6,3;46;5;4;1;DA;
pompa de udat gradina cu acumulator;Gradina;segment;pompa de gradina;5,3;46;6;6;1;DA;
suport pentru umbrela de gradina;Gradina;segment;umbrela de gradina;6,3;46;5;4;1;DA;
trimmer pentru gradina;Gradina;segment;trimmer gradina;5,3;46;3;0;1;DA;
umbrela de gradina cu brat;Gradina;segment;umbrela de gradina;6,3;46;5;4;1;DA;
umbrela de gradina ieftina;Gradina;pret;umbrela de gradina;6,3;46;4;0;1;DA;
cablu pentru masina de tuns iarba;Gradina;segment;masina de tuns iarba;5,3;44;6;7;1;DA;
casuta de gradina pentru lemne;Gradina;segment;casuta de gradina;6,3;44;5;5;1;DA;
cel mai bun ascutitor lant drujba;Gradina;roundup;drujba;5,3;44;6;2;1;DA;
cel mai bun ghiveci de legume pentru iarna;Gradina;roundup;ghiveci;6,3;44;8;2;1;DA;
cel mai bun gratar de gradina;Gradina;roundup;gratar;6,3;44;6;2;1;DA;
cel mai bun hidrofor cu ejector;Gradina;roundup;hidrofor;5,3;44;6;2;1;DA;
cel mai bun robot piscina;Gradina;roundup;piscina;6,3;44;5;0;1;DA;
cele mai bune hoteluri cu piscina interioara;Gradina;roundup;piscina;6,3;44;7;2;1;DA;
cele mai bune pompe hidrofor;Gradina;roundup;hidrofor;5,3;44;5;0;1;DA;
drujba ieftina si buna;Gradina;pret;drujba;5,3;44;4;1;1;DA;
foarfeca de gradina cu maner telescopic;Gradina;segment;foarfeca de gradina;5,3;44;6;7;1;DA;
foarfeca de gradina pentru crengi;Gradina;segment;foarfeca de gradina;5,3;44;5;5;1;DA;
ghiveci cu flori artificiale;Gradina;segment;ghiveci;6,3;44;4;3;1;DA;
ghiveci pentru flori exterior;Gradina;segment;ghiveci;6,3;44;4;3;1;DA;
ghiveci pentru orhidee;Gradina;segment;ghiveci;6,3;44;3;1;1;DA;
gratar cu capac;Gradina;segment;gratar;6,3;44;3;1;1;DA;
gratar fonta sau inox;Gradina;comparatie;gratar;6,3;44;4;7;1;DA;
gratar ieftin si bun;Gradina;pret;gratar;6,3;44;4;1;1;DA;
gratar pentru peste;Gradina;segment;gratar;6,3;44;3;1;1;DA;
hidrofor cu ejector;Gradina;segment;hidrofor;5,3;44;3;1;1;DA;
hidrofor cu presostat electronic;Gradina;segment;hidrofor;5,3;44;4;3;1;DA;
hidrofor fonta sau inox;Gradina;comparatie;hidrofor;5,3;44;4;7;1;DA;
hidrofor ieftin si bun;Gradina;pret;hidrofor;5,3;44;4;1;1;DA;
hidrofor pentru apa;Gradina;segment;hidrofor;5,3;44;3;1;1;DA;
hidrofor sau presostat;Gradina;comparatie;hidrofor;5,3;44;3;5;1;DA;
masina de tuns iarba bronto pareri;Gradina;recenzie;masina de tuns iarba;5,3;44;6;3;1;DA;
masina de tuns iarba cu tractiune;Gradina;segment;masina de tuns iarba;5,3;44;6;7;1;DA;
mobilier pentru gradina;Gradina;segment;mobilier de gradina;6,3;44;3;1;1;DA;
motocoasa ieftina si buna;Gradina;pret;motocoasa;5,3;44;4;1;1;DA;
motosapa cu remorca;Gradina;segment;motosapa;5,3;44;3;1;1;DA;
motosapa pentru vie;Gradina;segment;motosapa;5,3;44;3;1;1;DA;
panza pentru umbrela de gradina;Gradina;segment;umbrela de gradina;6,3;44;5;5;1;DA;
piscina ieftina si mare;Gradina;pret;piscina;6,3;44;4;1;1;DA;
piscina pentru caini;Gradina;segment;piscina;6,3;44;3;1;1;DA;
piscina sau piscina dex;Gradina;comparatie;piscina;6,3;44;4;7;1;DA;
pompa de gradina cu filtru;Gradina;segment;pompa de gradina;5,3;44;5;5;1;DA;
pompa de stropit gradina cu acumulator;Gradina;segment;pompa de gradina;5,3;44;6;7;1;DA;
umbrela de gradina cu masa;Gradina;segment;umbrela de gradina;6,3;44;5;5;1;DA;
drujba cu acumulator;Gradina;segment;drujba;5,3;43;3;1,5;1;DA;
casuta de gradina cu baie;Gradina;segment;casuta de gradina;6,3;42;5;6;1;DA;
casuta de gradina pentru pisici;Gradina;segment;casuta de gradina;6,3;42;5;6;1;DA;
cel mai bun aspirator piscina;Gradina;roundup;piscina;6,3;42;5;1;1;DA;
cel mai bun clor pentru piscina;Gradina;roundup;piscina;6,3;42;6;3;1;DA;
cel mai bun ghiveci pentru orhidee;Gradina;roundup;ghiveci;6,3;42;6;3;1;DA;
cel mai bun gratar electric fara fum;Gradina;roundup;gratar;6,3;42;7;5;2;DA;
cel mai bun hidrofor forum;Gradina;roundup;hidrofor;5,3;42;5;1;1;DA;
cel mai bun hidrofor pentru casa;Gradina;roundup;hidrofor;5,3;42;6;3;1;DA;
cel mai bun lant drujba;Gradina;roundup;drujba;5,3;42;5;1;1;DA;
cel mai bun tambur motocoasa;Gradina;roundup;motocoasa;5,3;42;5;1;1;DA;
cel mai bun ulei pentru. drujba;Gradina;roundup;drujba;5,3;42;6;3;1;DA;
cele mai bune cazari cu piscina;Gradina;roundup;piscina;6,3;42;6;3;1;DA;
cele mai bune discuri motocoasa;Gradina;roundup;motocoasa;5,3;42;5;1;1;DA;
cele mai bune gratare de gradina;Gradina;roundup;gratar;6,3;42;6;3;1;DA;
drujba cu acumulator leroy merlin;Gradina;segment;drujba;5,3;42;5;6;1;DA;
ghiveci cu agatatoare;Gradina;segment;ghiveci;6,3;42;3;2;1;DA;
ghiveci cu picior inalt;Gradina;segment;ghiveci;6,3;42;4;4;1;DA;
ghiveci pentru rosii;Gradina;segment;ghiveci;6,3;42;3;2;1;DA;
gratar gaz sau carbuni;Gradina;comparatie;gratar;6,3;42;4;9;1;DA;
gratar pentru frigarui;Gradina;segment;gratar;6,3;42;3;2;1;DA;
hidrofor pentru casa;Gradina;segment;hidrofor;5,3;42;3;2;1;DA;
masina de tuns iarba cu acumulator ieftina;Gradina;pret;masina de tuns iarba;5,3;42;7;6;1;DA;
masina de tuns iarba cu baterie;Gradina;segment;masina de tuns iarba;5,3;42;6;9;1;DA;
masina de tuns iarba hecht pareri;Gradina;recenzie;masina de tuns iarba;5,3;42;6;4;1;DA;
mobilier gradina cu depozitare;Gradina;segment;mobilier de gradina;6,3;42;4;4;1;DA;
mobilier gradina cu spatiu depozitare;Gradina;segment;mobilier de gradina;6,3;42;5;6;1;DA;
mobilier gradina ieftin online;Gradina;pret;mobilier de gradina;6,3;42;4;2;1;DA;
mobilier pentru gradina md;Gradina;segment;mobilier de gradina;6,3;42;4;4;1;DA;
motocoasa cu roti;Gradina;segment;motocoasa;5,3;42;3;2;1;DA;
motocoasa ieftina pe benzina;Gradina;pret;motocoasa;5,3;42;4;2;1;DA;
motocoasa ieftina si buna forum;Gradina;pret;motocoasa;5,3;42;5;4;1;DA;
motocoasa pentru motocultor;Gradina;segment;motocoasa;5,3;42;3;2;1;DA;
motor pentru masina de tuns iarba;Gradina;segment;masina de tuns iarba;5,3;42;6;9;1;DA;
motosapa pentru cositoare;Gradina;segment;motosapa;5,3;42;3;2;1;DA;
perne pentru mobilier de gradina;Gradina;segment;mobilier de gradina;6,3;42;5;6;1;DA;
piscina cu tobogan;Gradina;segment;piscina;6,3;42;3;2;1;DA;
piscina pentru bronzat;Gradina;segment;piscina;6,3;42;3;2;1;DA;
pompa de udat gradina cu panou solar;Gradina;segment;pompa de gradina;5,3;42;7;8;1;DA;
pompa pentru gradina;Gradina;segment;pompa de gradina;5,3;42;3;2;1;DA;
prelata pentru umbrela de gradina;Gradina;segment;umbrela de gradina;6,3;42;5;6;1;DA;
roti pentru masina de tuns iarba;Gradina;segment;masina de tuns iarba;5,3;42;6;8;1;DA;
umbrela de gradina cu picior;Gradina;segment;umbrela de gradina;6,3;42;5;6;1;DA;
umbrela gradina cu masa si scaune;Gradina;segment;umbrela de gradina;6,3;42;6;9;1;DA;
umbrela mare de gradina cu suport;Gradina;segment;umbrela de gradina;6,3;42;6;8;1;DA;
umbrela pentru gradina;Gradina;segment;umbrela de gradina;6,3;42;3;2;1;DA;
mobilier de gradina ieftin;Gradina;pret;mobilier de gradina;6,3;41;4;2,5;1;DA;
motocoasa cu acumulator;Gradina;segment;motocoasa;5,3;41;3;2,5;1;DA;
casuta de gradina cu leagan;Gradina;segment;casuta de gradina;6,3;40;5;7;1;DA;
cea mai ieftina masina de tuns iarba;Gradina;pret;masina de tuns iarba;5,3;40;7;7;1;DA;
cel mai bun filtru pentru piscina;Gradina;roundup;piscina;6,3;40;6;4;1;DA;
cel mai bun fir motocoasa;Gradina;roundup;motocoasa;5,3;40;5;2;1;DA;
cel mai bun gratar electric profesional;Gradina;roundup;gratar;6,3;40;6;6;2;DA;
cel mai bun gratar pe carbuni;Gradina;roundup;gratar;6,3;40;6;4;1;DA;
cel mai bun hidrofor de adancime;Gradina;roundup;hidrofor;5,3;40;6;4;1;DA;
cel mai bun incalzitor piscina;Gradina;roundup;piscina;6,3;40;5;2;1;DA;
cel mai bun ulei de amestec drujba;Gradina;roundup;drujba;5,3;40;7;4;1;DA;
cele mai bune cazari la munte cu piscina;Gradina;roundup;piscina;6,3;40;8;4;1;DA;
cele mai bune gratare electrice;Gradina;roundup;gratar;6,3;40;5;2;1;DA;
drujba pentru beton;Gradina;segment;drujba;5,3;40;3;3;1;DA;
drujba pentru taiat beton;Gradina;segment;drujba;5,3;40;4;5;1;DA;
flori ghiveci ieftine;Gradina;pret;ghiveci;6,3;40;3;1;1;DA;
ghiveci cu carne de porc;Gradina;segment;ghiveci;6,3;40;5;7;1;DA;
gratar ieftin brico depot;Gradina;pret;gratar;6,3;40;4;3;1;DA;
gratar pentru balcon;Gradina;segment;gratar;6,3;40;3;3;1;DA;
greutati pentru umbrela de gradina;Gradina;segment;umbrela de gradina;6,3;40;5;7;1;DA;
hidrofor cu vas de expansiune;Gradina;segment;hidrofor;5,3;40;5;7;1;DA;
hidrofor ieftin leroy merlin;Gradina;pret;hidrofor;5,3;40;4;3;1;DA;
hidrofor pentru irigatii;Gradina;segment;hidrofor;5,3;40;3;3;1;DA;
hidrofor pentru udat gradina;Gradina;segment;hidrofor;5,3;40;4;5;1;DA;
huse pentru mobilier de gradina;Gradina;segment;mobilier de gradina;6,3;40;5;7;1;DA;
masina de tuns iarba grunman pareri;Gradina;recenzie;masina de tuns iarba;5,3;40;6;5;1;DA;
mobilier gradina cu canapea;Gradina;segment;mobilier de gradina;6,3;40;4;5;1;DA;
mobilier gradina cu masa inalta;Gradina;segment;mobilier de gradina;6,3;40;5;7;1;DA;
mobilier pentru gradina jysk;Gradina;segment;mobilier de gradina;6,3;40;4;5;1;DA;
motocoasa cu acumulator parkside;Gradina;segment;motocoasa;5,3;40;4;5;1;DA;
motocoasa pentru gazon;Gradina;segment;motocoasa;5,3;40;3;3;1;DA;
motosapa benzina ieftina;Gradina;pret;motosapa;5,3;40;3;1;1;DA;
motosapa cu acumulator parkside;Gradina;segment;motosapa;5,3;40;4;5;1;DA;
motosapa cu cositoare;Gradina;segment;motosapa;5,3;40;3;3;1;DA;
motosapa pentru solar;Gradina;segment;motosapa;5,3;40;3;3;1;DA;
piscina cu bile;Gradina;segment;piscina;6,3;40;3;3;1;DA;
piscina pentru curte;Gradina;segment;piscina;6,3;40;3;3;1;DA;
umbrela de gradina cu leduri;Gradina;segment;umbrela de gradina;6,3;40;5;7;1;DA;
gratar electric ieftin;Gradina;pret;gratar;6,3;39;3;3,5;2;DA;
casuta de gradina cu foisor;Gradina;segment;casuta de gradina;6,3;38;5;9;1;DA;
casuta de gradina cu montaj;Gradina;segment;casuta de gradina;6,3;38;5;8;1;DA;
casuta de gradina ieftina;Gradina;pret;casuta de gradina;6,3;38;4;4;1;DA;
casuta de plastic pentru gradina;Gradina;segment;casuta de gradina;6,3;38;5;8;1;DA;
cel mai bun hidrofor pentru fantana;Gradina;roundup;hidrofor;5,3;38;6;5;1;DA;
cel mai bun mosor motocoasa;Gradina;roundup;motocoasa;5,3;38;5;3;1;DA;
cel mai bun robot de curatat piscina;Gradina;roundup;piscina;6,3;38;7;5;1;DA;
cel mai bun ulei pentru lant drujba;Gradina;roundup;drujba;5,3;38;7;5;1;DA;
cele mai bune gratare electrice profesionale;Gradina;roundup;gratar;6,3;38;6;5;1;DA;
drujba electrica cu acumulator;Gradina;segment;drujba;5,3;38;4;6;1;DA;
drujba ieftina;Gradina;pret;drujba;5,3;38;2;0;1;DA;
drujba pentru copii;Gradina;segment;drujba;5,3;38;3;4;1;DA;
ghiveci ieftin;Gradina;pret;ghiveci;6,3;38;2;0;1;DA;
ghiveci mare ieftin;Gradina;pret;ghiveci;6,3;38;3;2;1;DA;
gratar cu afumatoare;Gradina;segment;gratar;6,3;38;3;4;1;DA;
gratar ieftin;Gradina;pret;gratar;6,3;38;2;0;1;DA;
gratar ieftin leroy merlin;Gradina;pret;gratar;6,3;38;4;4;1;DA;
gratar pentru aragaz cu apa;Gradina;segment;gratar;6,3;38;5;9;1;DA;
gratar pentru frigarui md;Gradina;segment;gratar;6,3;38;4;6;1;DA;
gratar pentru plita cu inductie;Gradina;segment;gratar;6,3;38;5;8;1;DA;
gratar pentru pui;Gradina;segment;gratar;6,3;38;3;4;1;DA;
hidrofor cu injector;Gradina;segment;hidrofor;5,3;38;3;4;1;DA;
hidrofor cu panou solar;Gradina;segment;hidrofor;5,3;38;4;6;1;DA;
hidrofor ieftin;Gradina;pret;hidrofor;5,3;38;2;0;1;DA;
hidrofor pentru masina de spalat;Gradina;segment;hidrofor;5,3;38;5;8;1;DA;
hidrofor sau hidrofor;Gradina;comparatie;hidrofor;5,3;38;3;8;1;DA;
masina de tuns iarba parkside pareri;Gradina;recenzie;masina de tuns iarba;5,3;38;6;6;1;DA;
mobilier gradina cu lada depozitare;Gradina;segment;mobilier de gradina;6,3;38;5;9;1;DA;
mobilier gradina cu masa mare;Gradina;segment;mobilier de gradina;6,3;38;5;8;1;DA;
motocoasa cu lama;Gradina;segment;motocoasa;5,3;38;3;4;1;DA;
motocoasa ieftina;Gradina;pret;motocoasa;5,3;38;2;0;1;DA;
motocoasa pentru lucerna;Gradina;segment;motocoasa;5,3;38;3;4;1;DA;
motosapa cu acumulator;Gradina;segment;motosapa;5,3;38;3;4;1;DA;
motosapa cu plug;Gradina;segment;motosapa;5,3;38;3;4;1;DA;
motosapa ieftina;Gradina;pret;motosapa;5,3;38;2;0;1;DA;
motosapa pentru porumb;Gradina;segment;motosapa;5,3;38;3;4;1;DA;
pareri drujba cu acumulator;Gradina;segment;drujba;5,3;38;4;6;1;DA;
piscina ieftina;Gradina;pret;piscina;6,3;38;2;0;1;DA;
piscina ieftina bucuresti;Gradina;pret;piscina;6,3;38;3;2;1;DA;
prescontrol sau hidrofor;Gradina;comparatie;hidrofor;5,3;38;3;9;1;DA;
remorca motosapa ieftina;Gradina;pret;motosapa;5,3;38;3;2;1;DA;
cel mai bun cap motocoasa;Gradina;roundup;motocoasa;5,3;36;5;4;1;DA;
drujba cu 2 acumulatori;Gradina;segment;drujba;5,3;36;4;7;1;DA;
drujba pentru taiat caramida;Gradina;segment;drujba;5,3;36;4;7;1;DA;
ghiveci ceramica ieftin;Gradina;pret;ghiveci;6,3;36;3;3;1;DA;
ghiveci cu legume;Gradina;segment;ghiveci;6,3;36;3;5;1;DA;
ghiveci pentru bonsai;Gradina;segment;ghiveci;6,3;36;3;5;1;DA;
gratar cu butelie;Gradina;segment;gratar;6,3;36;3;5;1;DA;
gratar pentru cuptor;Gradina;segment;gratar;6,3;36;3;5;1;DA;
hidrofor wasserkonig pareri;Gradina;recenzie;hidrofor;5,3;36;3;1;1;DA;
masina de tuns iarba fuxtec pareri;Gradina;recenzie;masina de tuns iarba;5,3;36;6;7;1;DA;
motocoasa cu disc rotativ;Gradina;segment;motocoasa;5,3;36;4;7;1;DA;
motocoasa pentru copii;Gradina;segment;motocoasa;5,3;36;3;5;1;DA;
motosapa cu freza tractata;Gradina;segment;motosapa;5,3;36;4;7;1;DA;
motosapa electrica ieftina;Gradina;pret;motosapa;5,3;36;3;3;1;DA;
motosapa pentru copii;Gradina;segment;motosapa;5,3;36;3;5;1;DA;
piscina cu acoperis;Gradina;segment;piscina;6,3;36;3;5;1;DA;
piscina ieftina mare;Gradina;pret;piscina;6,3;36;3;3;1;DA;
piscina pentru adulti;Gradina;segment;piscina;6,3;36;3;5;1;DA;
top cele mai bune gratare pe gaz;Gradina;roundup;gratar;6,3;36;7;6;1;DA;
cel mai bun disc motocoasa;Gradina;roundup;motocoasa;5,3;34;5;5;1;DA;
cel mai bun gratar pentru aragaz;Gradina;roundup;gratar;6,3;34;6;7;1;DA;
cele mai bune ciuperci la gratar;Gradina;roundup;gratar;6,3;34;6;7;1;DA;
drujba cu acumulator ruris;Gradina;segment;drujba;5,3;34;4;8;1;DA;
drujba pareri;Gradina;recenzie;drujba;5,3;34;2;0;1;DA;
drujba pentru bca;Gradina;segment;drujba;5,3;34;3;6;1;DA;
drujba pentru sapat santuri;Gradina;segment;drujba;5,3;34;4;9;1;DA;
ghiveci cu flori;Gradina;segment;ghiveci;6,3;34;3;6;1;DA;
ghiveci pentru balustrada;Gradina;segment;ghiveci;6,3;34;3;6;1;DA;
ghiveci pentru flori metro;Gradina;segment;ghiveci;6,3;34;4;9;1;DA;
gratar cu carbuni;Gradina;segment;gratar;6,3;34;3;6;1;DA;
hidrofor pareri;Gradina;recenzie;hidrofor;5,3;34;2;0;1;DA;
hidrofor pentru baie;Gradina;segment;hidrofor;5,3;34;3;6;1;DA;
hidrofor ruris pareri;Gradina;recenzie;hidrofor;5,3;34;3;2;1;DA;
masina de tuns iarba mesterino pareri;Gradina;recenzie;masina de tuns iarba;5,3;34;6;8;1;DA;
masina de tuns iarba ruris pareri;Gradina;recenzie;masina de tuns iarba;5,3;34;6;9;1;DA;
motocoasa cu fir;Gradina;segment;motocoasa;5,3;34;3;6;1;DA;
motocoasa electrica cu acumulator;Gradina;segment;motocoasa;5,3;34;4;8;1;DA;
motocoasa pareri;Gradina;recenzie;motocoasa;5,3;34;2;0;1;DA;
motocoasa pentru fan;Gradina;segment;motocoasa;5,3;34;3;6;1;DA;
motocoasa pentru motocultor ruris;Gradina;segment;motocoasa;5,3;34;4;8;1;DA;
motosapa pareri;Gradina;recenzie;motosapa;5,3;34;2;0;1;DA;
motosapa pentru gradina;Gradina;segment;motosapa;5,3;34;3;6;1;DA;
motosapa ruris ieftina;Gradina;pret;motosapa;5,3;34;3;4;1;DA;
pareri motocoasa cu acumulator;Gradina;segment;motocoasa;5,3;34;4;9;1;DA;
piscina cu bile copii;Gradina;segment;piscina;6,3;34;4;8;1;DA;
piscina cu cadru;Gradina;segment;piscina;6,3;34;3;6;1;DA;
piscina ieftina copii;Gradina;pret;piscina;6,3;34;3;4;1;DA;
piscina pareri;Gradina;recenzie;piscina;6,3;34;2;0;1;DA;
piscina pentru bronzat pepco;Gradina;segment;piscina;6,3;34;4;8;1;DA;
piscina pentru rate;Gradina;segment;piscina;6,3;34;3;6;1;DA;
plante ghiveci ieftine;Gradina;pret;ghiveci;6,3;34;3;4;1;DA;
pompa gradina cu presiune;Gradina;segment;pompa de gradina;5,3;34;4;9;1;DA;
vand hidrofor ieftin;Gradina;pret;hidrofor;5,3;34;3;4;1;DA;
aspirator piscina pareri;Gradina;recenzie;piscina;6,3;32;3;3;1;DA;
cel mai bun gratar bucuresti;Gradina;roundup;gratar;6,3;32;5;6;1;DA;
cel mai bun ham motocoasa;Gradina;roundup;motocoasa;5,3;32;5;6;1;DA;
cele mai bune coaste la gratar;Gradina;roundup;gratar;6,3;32;6;8;1;DA;
cele mai bune legume la gratar;Gradina;roundup;gratar;6,3;32;6;9;1;DA;
foarfeca pentru gradina;Gradina;segment;foarfeca de gradina;5,3;32;3;7;1;DA;
ghiveci pentru capsuni;Gradina;segment;ghiveci;6,3;32;3;7;1;DA;
ghiveci plastic ieftin;Gradina;pret;ghiveci;6,3;32;3;5;1;DA;
gratar cu rotisor;Gradina;segment;gratar;6,3;32;3;7;1;DA;
gratar gradina ieftin;Gradina;pret;gratar;6,3;32;3;5;1;DA;
gratar pentru gradina;Gradina;segment;gratar;6,3;32;3;7;1;DA;
hidrofor mai ieftin;Gradina;pret;hidrofor;5,3;32;3;5;1;DA;
hidrofor metabo pareri;Gradina;recenzie;hidrofor;5,3;32;3;3;1;DA;
hidrofor pentru gradina;Gradina;segment;hidrofor;5,3;32;3;7;1;DA;
motocoasa electrica ieftina;Gradina;pret;motocoasa;5,3;32;3;5;1;DA;
motocoasa pentru buruieni;Gradina;segment;motocoasa;5,3;32;3;7;1;DA;
motor motosapa ieftin;Gradina;pret;motosapa;5,3;32;3;5;1;DA;
motosapa pentru santuri;Gradina;segment;motosapa;5,3;32;3;7;1;DA;
piscina cu topogan;Gradina;segment;piscina;6,3;32;3;7;1;DA;
piscina pentru bebelusi;Gradina;segment;piscina;6,3;32;3;7;1;DA;
casuta pentru gradina;Gradina;segment;casuta de gradina;6,3;30;3;9;1;DA;
cel mai bun autocut motocoasa;Gradina;roundup;motocoasa;5,3;30;5;7;1;DA;
cel mai bun hidrofor electronic;Gradina;roundup;hidrofor;5,3;30;5;7;1;DA;
drujba pentru stangaci;Gradina;segment;drujba;5,3;30;3;8;1;DA;
ghiveci cu dovlecel;Gradina;segment;ghiveci;6,3;30;3;9;1;DA;
ghiveci cu orez;Gradina;segment;ghiveci;6,3;30;3;8;1;DA;
ghiveci pentru maslin;Gradina;segment;ghiveci;6,3;30;3;8;1;DA;
ghiveci suspendat ieftin;Gradina;pret;ghiveci;6,3;30;3;6;1;DA;
gratar cu disc;Gradina;segment;gratar;6,3;30;3;9;1;DA;
gratar cu gaz;Gradina;segment;gratar;6,3;30;3;8;1;DA;
gratar tenneker pareri;Gradina;recenzie;gratar;6,3;30;3;4;1;DA;
hidrofor cel mai ieftin;Gradina;pret;hidrofor;5,3;30;4;9;1;DA;
hidrofor cu inverter;Gradina;segment;hidrofor;5,3;30;3;9;1;DA;
hidrofor cu presostat;Gradina;segment;hidrofor;5,3;30;3;8;1;DA;
hidrofor heber pareri;Gradina;recenzie;hidrofor;5,3;30;3;4;1;DA;
hidrofor pentru puturi;Gradina;segment;hidrofor;5,3;30;3;9;1;DA;
motocoasa cu baterie;Gradina;segment;motocoasa;5,3;30;3;9;1;DA;
motocoasa pentru iarba;Gradina;segment;motocoasa;5,3;30;3;9;1;DA;
motosapa cu baterie;Gradina;segment;motosapa;5,3;30;3;8;1;DA;
motosapa cu freza;Gradina;segment;motosapa;5,3;30;3;9;1;DA;
motosapa evotools pareri;Gradina;recenzie;motosapa;5,3;30;3;4;1;DA;
motosapa pentru arat;Gradina;segment;motosapa;5,3;30;3;9;1;DA;
motosapa pentru randuri;Gradina;segment;motosapa;5,3;30;3;8;1;DA;
oferta hidrofor ieftin;Gradina;pret;hidrofor;5,3;30;3;6;1;DA;
piscina cu scara;Gradina;segment;piscina;6,3;30;3;9;1;DA;
piscina ieftina cluj;Gradina;pret;piscina;6,3;30;3;6;1;DA;
robot piscina pareri;Gradina;recenzie;piscina;6,3;30;3;4;1;DA;
cel mai bun hidrofor 2025;Gradina;roundup;hidrofor;5,3;28;5;8;1;DA;
cel mai bun presostat hidrofor;Gradina;roundup;hidrofor;5,3;28;5;9;1;DA;
ghiveci inalt ieftin;Gradina;pret;ghiveci;6,3;28;3;7;1;DA;
gratar enders pareri;Gradina;recenzie;gratar;6,3;28;3;5;1;DA;
hidrofor pedrollo pareri;Gradina;recenzie;hidrofor;5,3;28;3;5;1;DA;
motor motocoasa ieftin;Gradina;pret;motocoasa;5,3;28;3;7;1;DA;
motosapa hecht pareri;Gradina;recenzie;motosapa;5,3;28;3;5;1;DA;
piscina tortuga pareri;Gradina;recenzie;piscina;6,3;28;3;5;1;DA;
pompa hidrofor ieftina;Gradina;pret;hidrofor;5,3;28;3;7;1;DA;
caramida gratar ieftina;Gradina;pret;gratar;6,3;26;3;8;1;DA;
cel mai bun drujba;Gradina;roundup;drujba;5,3;26;4;0;1;DA;
cel mai bun hidrofor;Gradina;roundup;hidrofor;5,3;26;4;0;1;DA;
cel mai bun motocoasa;Gradina;roundup;motocoasa;5,3;26;4;0;1;DA;
cel mai bun motosapa;Gradina;roundup;motosapa;5,3;26;4;0;1;DA;
disc motocoasa ieftin;Gradina;pret;motocoasa;5,3;26;3;9;1;DA;
ghiveci decorativ ieftin;Gradina;pret;ghiveci;6,3;26;3;9;1;DA;
gratar gaz ieftin;Gradina;pret;gratar;6,3;26;3;9;1;DA;
gratar peleti pareri;Gradina;recenzie;gratar;6,3;26;3;6;1;DA;
hidrofor apa ieftin;Gradina;pret;hidrofor;5,3;26;3;8;1;DA;
hidrofor electronic pareri;Gradina;recenzie;hidrofor;5,3;26;3;6;1;DA;
lavanda ghiveci ieftina;Gradina;pret;ghiveci;6,3;26;3;8;1;DA;
motosapa parkside pareri;Gradina;recenzie;motosapa;5,3;26;3;6;1;DA;
piese motocoasa ieftine;Gradina;pret;motocoasa;5,3;26;3;8;1;DA;
piscina bestway pareri;Gradina;recenzie;piscina;6,3;26;3;6;1;DA;
piscina ieftina iasi;Gradina;pret;piscina;6,3;26;3;8;1;DA;
piscina ieftina ploiesti;Gradina;pret;piscina;6,3;26;3;9;1;DA;
cel mai bun ghiveci;Gradina;roundup;ghiveci;6,3;24;4;1;1;DA;
gratar ninja pareri;Gradina;recenzie;gratar;6,3;24;3;7;1;DA;
hidrofor grundfos pareri;Gradina;recenzie;hidrofor;5,3;24;3;7;1;DA;
incalzitor piscina pareri;Gradina;recenzie;piscina;6,3;24;3;7;1;DA;
motosapa kamrad pareri;Gradina;recenzie;motosapa;5,3;24;3;7;1;DA;
gratar gradina pareri;Gradina;recenzie;gratar;6,3;22;3;9;1;DA;
gratar inox pareri;Gradina;recenzie;gratar;6,3;22;3;8;1;DA;
hidrofor saer pareri;Gradina;recenzie;hidrofor;5,3;22;3;9;1;DA;
hidrofor wilo pareri;Gradina;recenzie;hidrofor;5,3;22;3;8;1;DA;
motosapa verdina pareri;Gradina;recenzie;motosapa;5,3;22;3;9;1;DA;
motosapa wolfson pareri;Gradina;recenzie;motosapa;5,3;22;3;8;1;DA;
piscina gonflabila pareri;Gradina;recenzie;piscina;6,3;22;3;8;1;DA;
piscina supraterana pareri;Gradina;recenzie;piscina;6,3;22;3;9;1;DA;
cel mai bun gratar;Gradina;roundup;gratar;6,3;20;4;3;1;DA;
cele mai bune gratare;Gradina;roundup;gratar;6,3;18;4;4;1;DA;
cat consuma o lustra cu led;Iluminat;informational;lustra;9,1;72;6;0;1;DA;
cat consuma un bec led pe luna;Iluminat;informational;bec led;9,1;72;7;0;1;DA;
cat consuma o banda led de 5m;Iluminat;informational;banda led;9,1;70;7;1;1;DA;
cat consuma un bec led pe ora;Iluminat;informational;bec led;9,1;70;7;1;1;DA;
cat consuma o banda led de 5 metri;Iluminat;informational;banda led;9,1;68;8;2;1;DA;
cat consuma un bec led pe zi;Iluminat;informational;bec led;9,1;66;7;3;1;DA;
cat curent consuma o banda led;Iluminat;informational;banda led;9,1;66;6;3;1;DA;
cat consuma banda led;Iluminat;informational;banda led;9,1;64;4;0;1;DA;
cat consuma o veioza;Iluminat;informational;veioza;9,1;64;4;0;1;DA;
cat consuma un bec led;Iluminat;informational;bec led;9,1;64;5;2;1;DA;
cat consuma un bec led de 5w;Iluminat;informational;bec led;9,1;64;7;4;1;DA;
cat consuma un prelungitor;Iluminat;informational;prelungitor;9,1;64;4;0;1;DA;
multimetru universal digital sau analogic cl 1 5;Iluminat;comparatie;multimetru;9,1;64;8;1;1;DA;
cat consuma un bec led de 10w;Iluminat;informational;bec led;9,1;62;7;5;1;DA;
cat curent consuma un bec led;Iluminat;informational;bec led;9,1;60;6;6;1;DA;
bec led cu senzor de miscare;Iluminat;segment;bec led;9,1;58;6;0;1;DA;
multimetru pentru masurare priza de pamant;Iluminat;segment;multimetru;9,1;58;6;0;1;DA;
prelungitor pentru masina de tuns iarba;Iluminat;segment;prelungitor;9,1;58;6;0;1;DA;
spot led cu senzor de miscare;Iluminat;segment;spot led;9,1;58;6;0;1;DA;
banda led cu senzor de miscare;Iluminat;segment;banda led;9,1;56;6;1;1;DA;
lampa solara de gradina cu senzor de miscare;Iluminat;segment;lampa solara de gradina;9,1;56;8;1;1;DA;
aplica de perete pentru baie;Iluminat;segment;aplica de perete;9,1;54;5;0;1;DA;
clampmetru sau multimetru;Iluminat;comparatie;multimetru;9,1;54;3;0;1;DA;
lampa de birou pentru copii;Iluminat;segment;lampa de birou;9,1;54;5;0;1;DA;
lampa de gradina cu incarcare solara;Iluminat;segment;lampa solara de gradina;9,1;54;6;2;1;DA;
lampa solara gradina cu senzor;Iluminat;segment;lampa solara de gradina;9,1;54;5;0;1;DA;
lustra sau candelabru;Iluminat;comparatie;lustra;9,1;54;3;0;1;DA;
veioza sau veioza;Iluminat;comparatie;veioza;9,1;54;3;0;1;DA;
lampa de birou cu led;Iluminat;segment;lampa de birou;9,1;53;5;0,5;1;DA;
aplica de perete pentru tablouri;Iluminat;segment;aplica de perete;9,1;52;5;1;1;DA;
lampa de birou pentru unghii;Iluminat;segment;lampa de birou;9,1;52;5;1;1;DA;
pitici de gradina cu lampa solara;Iluminat;segment;lampa solara de gradina;9,1;52;6;3;1;DA;
prelungitor cu protectie la supratensiune;Iluminat;segment;prelungitor;9,1;52;5;1;1;DA;
proiector led exterior cu panou solar;Iluminat;segment;proiector led exterior;9,1;52;6;3;1;DA;
proiector led exterior cu senzor crepuscular;Iluminat;segment;proiector led exterior;9,1;52;6;3;1;DA;
veioza sau lampa;Iluminat;comparatie;veioza;9,1;52;3;1;1;DA;
aplica de perete cu baterii;Iluminat;segment;aplica de perete;9,1;51;5;1,5;1;DA;
aplica de perete pentru hol;Iluminat;segment;aplica de perete;9,1;50;5;2;1;DA;
banda led cu baterii;Iluminat;segment;banda led;9,1;50;4;0;1;DA;
banda led cu panou solar;Iluminat;segment;banda led;9,1;50;5;2;1;DA;
banda led pentru riflaje;Iluminat;segment;banda led;9,1;50;4;0;1;DA;
bec led cu panou solar;Iluminat;segment;bec led;9,1;50;5;2;1;DA;
bec led pentru spoturi;Iluminat;segment;bec led;9,1;50;4;0;1;DA;
lampa de birou pentru scris;Iluminat;segment;lampa de birou;9,1;50;5;2;1;DA;
lampa solara pentru gradina;Iluminat;segment;lampa solara de gradina;9,1;50;4;0;1;DA;
lampadar cu picior inalt;Iluminat;segment;lampadar;9,1;50;4;0;1;DA;
lustra sau plafoniera;Iluminat;comparatie;lustra;9,1;50;3;2;1;DA;
priza inteligenta cu protectie well;Iluminat;segment;priza inteligenta;9,1;50;5;2;1;DA;
priza inteligenta cu termostat;Iluminat;segment;priza inteligenta;9,1;50;4;0;1;DA;
priza inteligenta pentru aer conditionat;Iluminat;segment;priza inteligenta;9,1;50;5;2;1;DA;
priza inteligenta pentru boiler;Iluminat;segment;priza inteligenta;9,1;50;4;0;1;DA;
proiector led exterior cu senzor;Iluminat;segment;proiector led exterior;9,1;50;5;2;1;DA;
proiector led pentru exterior;Iluminat;segment;proiector led exterior;9,1;50;4;0;1;DA;
sonerie wireless cu 2 receptoare;Iluminat;segment;sonerie wireless;9,1;50;5;2;1;DA;
sonerie wireless pentru exterior;Iluminat;segment;sonerie wireless;9,1;50;4;0;1;DA;
aplica de perete cu intrerupator pe fir;Iluminat;segment;aplica de perete;9,1;49;7;4,5;1;DA;
proiector led exterior cu senzor de miscare;Iluminat;segment;proiector led exterior;9,1;49;7;4,5;1;DA;
sonerie wireless cu camera;Iluminat;segment;sonerie wireless;9,1;49;4;0,5;1;DA;
aplica de perete cu intrerupator;Iluminat;segment;aplica de perete;9,1;48;5;3;1;DA;
aplica de perete pentru exterior;Iluminat;segment;aplica de perete;9,1;48;5;3;1;DA;
banda led pentru tavan;Iluminat;segment;banda led;9,1;48;4;1;1;DA;
bec led cu telecomanda;Iluminat;segment;bec led;9,1;48;4;1;1;DA;
bec led pentru cresterea plantelor;Iluminat;segment;bec led;9,1;48;5;3;1;DA;
bec led pentru proiector;Iluminat;segment;bec led;9,1;48;4;1;1;DA;
cel mai bun bec led h7;Iluminat;roundup;bec led;9,1;48;6;0;1;DA;
cel mai bun prelungitor cu protectie la supratensiune;Iluminat;roundup;prelungitor;9,1;48;8;0;1;DA;
lampa de birou cu baterii;Iluminat;segment;lampa de birou;9,1;48;5;3;1;DA;
lampa de birou pentru electronisti;Iluminat;segment;lampa de birou;9,1;48;5;3;1;DA;
lampa solara de gradina ieftine;Iluminat;pret;lampa solara de gradina;9,1;48;5;1;1;DA;
lustra cu ventilator pareri;Iluminat;segment;lustra;9,1;48;4;1;1;DA;
priza inteligenta cu programare;Iluminat;segment;priza inteligenta;9,1;48;4;1;1;DA;
priza inteligenta cu termostat wifi;Iluminat;segment;priza inteligenta;9,1;48;5;3;1;DA;
priza inteligenta pentru exterior;Iluminat;segment;priza inteligenta;9,1;48;4;1;1;DA;
sonerie wireless cu camera exterior;Iluminat;segment;sonerie wireless;9,1;48;5;3;1;DA;
sonerie wireless cu senzor de miscare;Iluminat;segment;sonerie wireless;9,1;48;6;5;1;DA;
sonerie wireless pentru telefon;Iluminat;segment;sonerie wireless;9,1;48;4;1;1;DA;
spot led cu baterie;Iluminat;segment;spot led;9,1;48;4;1;1;DA;
aplica de perete cu senzor de miscare;Iluminat;segment;aplica de perete;9,1;47;7;5,5;1;DA;
aplica de perete cu led;Iluminat;segment;aplica de perete;9,1;46;5;4;1;DA;
aplica de perete ieftina;Iluminat;pret;aplica de perete;9,1;46;4;0;1;DA;
aplica de perete pentru copii;Iluminat;segment;aplica de perete;9,1;46;5;4;1;DA;
banda led pentru tv;Iluminat;segment;banda led;9,1;46;4;2;1;DA;
bec led cu lupa h7;Iluminat;segment;bec led;9,1;46;5;4;1;DA;
bec led pentru frigider;Iluminat;segment;bec led;9,1;46;4;2;1;DA;
lampa de birou cu clema;Iluminat;segment;lampa de birou;9,1;46;5;4;1;DA;
lampa de birou cu incarcator wireless;Iluminat;segment;lampa de birou;9,1;46;6;6;1;DA;
lampa de birou cu lupa;Iluminat;segment;lampa de birou;9,1;46;5;4;1;DA;
lampa de birou ieftina;Iluminat;pret;lampa de birou;9,1;46;4;0;1;DA;
lampa de birou pentru manichiura;Iluminat;segment;lampa de birou;9,1;46;5;4;1;DA;
lampadar pentru citit;Iluminat;segment;lampadar;9,1;46;3;0;1;DA;
lustra pentru baie;Iluminat;segment;lustra;9,1;46;3;0;1;DA;
multimetru cu certificat etalonare;Iluminat;segment;multimetru;9,1;46;4;2;1;DA;
multimetru cu osciloscop;Iluminat;segment;multimetru;9,1;46;3;0;1;DA;
prelungitor pentru cuptor electric;Iluminat;segment;prelungitor;9,1;46;4;2;1;DA;
priza inteligenta cu monitorizare consum energie;Iluminat;segment;priza inteligenta;9,1;46;6;6;1;DA;
proiector led exterior cu senzor de lumina;Iluminat;segment;proiector led exterior;9,1;46;7;6;1;DA;
proiector led exterior cu telecomanda;Iluminat;segment;proiector led exterior;9,1;46;5;4;1;DA;
sonerie wireless cu 3 receptoare;Iluminat;segment;sonerie wireless;9,1;46;5;4;1;DA;
veioza pentru citit;Iluminat;segment;veioza;9,1;46;3;0;1;DA;
aplica de perete cu telecomanda;Iluminat;segment;aplica de perete;9,1;44;5;5;1;DA;
aplica de perete pentru citit;Iluminat;segment;aplica de perete;9,1;44;5;5;1;DA;
banda led cu incarcare solara;Iluminat;segment;banda led;9,1;44;5;5;1;DA;
banda led cu telecomanda;Iluminat;segment;banda led;9,1;44;4;3;1;DA;
banda led iluminat ieftin;Iluminat;pret;banda led;9,1;44;4;1;1;DA;
banda led pentru baie;Iluminat;segment;banda led;9,1;44;4;3;1;DA;
bec led cu ventilator;Iluminat;segment;bec led;9,1;44;4;3;1;DA;
cel mai bun multimetru digital;Iluminat;roundup;multimetru;9,1;44;5;0;1;DA;
lampa de birou pentru citit;Iluminat;segment;lampa de birou;9,1;44;5;5;1;DA;
lampadar cu rafturi;Iluminat;segment;lampadar;9,1;44;3;1;1;DA;
lampadar pentru cimitir;Iluminat;segment;lampadar;9,1;44;3;1;1;DA;
lustra pentru dormitor;Iluminat;segment;lustra;9,1;44;3;1;1;DA;
multimetru cu metrologie;Iluminat;segment;multimetru;9,1;44;3;1;1;DA;
multimetru pentru ecologie;Iluminat;segment;multimetru;9,1;44;3;1;1;DA;
prelungitor 50 m ieftin;Iluminat;pret;prelungitor;9,1;44;4;1;1;DA;
prelungitor pentru exterior;Iluminat;segment;prelungitor;9,1;44;3;1;1;DA;
priza inteligenta cu senzor de temperatura;Iluminat;segment;priza inteligenta;9,1;44;6;7;1;DA;
proiector led exterior cu baterii;Iluminat;segment;proiector led exterior;9,1;44;5;5;1;DA;
spot led iluminat ieftin;Iluminat;pret;spot led;9,1;44;4;1;1;DA;
veioza pentru copii;Iluminat;segment;veioza;9,1;44;3;1;1;DA;
lampa de birou cu acumulator;Iluminat;segment;lampa de birou;9,1;43;5;5,5;1;DA;
lustra cu ventilator;Iluminat;segment;lustra;9,1;43;3;1,5;1;DA;
veioza cu baterii;Iluminat;segment;veioza;9,1;43;3;1,5;1;DA;
aplica de perete cu 2 becuri;Iluminat;segment;aplica de perete;9,1;42;6;8;1;DA;
aplica de perete cu fir;Iluminat;segment;aplica de perete;9,1;42;5;6;1;DA;
banda led cob iluminat ieftin;Iluminat;pret;banda led;9,1;42;5;4;1;DA;
banda led cu transformator;Iluminat;segment;banda led;9,1;42;4;4;1;DA;
banda led ieftina;Iluminat;pret;banda led;9,1;42;3;0;1;DA;
banda led pentru exterior;Iluminat;segment;banda led;9,1;42;4;4;1;DA;
banda led pentru mobila bucatarie;Iluminat;segment;banda led;9,1;42;5;6;1;DA;
bec led h7 pareri;Iluminat;recenzie;bec led;9,1;42;4;0;1;DA;
bec led ieftin;Iluminat;pret;bec led;9,1;42;3;0;1;DA;
bec led pentru plante;Iluminat;segment;bec led;9,1;42;4;4;1;DA;
cel mai bun bec led;Iluminat;roundup;bec led;9,1;42;5;1;1;DA;
cel mai bun prelungitor cu protectie;Iluminat;roundup;prelungitor;9,1;42;6;3;1;DA;
lampa de birou cu ventilator livoo;Iluminat;segment;lampa de birou;9,1;42;6;9;1;DA;
lampa de perete pentru birou;Iluminat;segment;lampa de birou;9,1;42;5;6;1;DA;
lampadar cu picior;Iluminat;segment;lampadar;9,1;42;3;2;1;DA;
lampadar pentru lumanari;Iluminat;segment;lampadar;9,1;42;3;2;1;DA;
lustra cu telecomanda;Iluminat;segment;lustra;9,1;42;3;2;1;DA;
lustra pentru terasa;Iluminat;segment;lustra;9,1;42;3;2;1;DA;
multimetru bun si ieftin;Iluminat;pret;multimetru;9,1;42;4;2;1;DA;
multimetru pentru electronisti;Iluminat;segment;multimetru;9,1;42;3;2;1;DA;
prelungitor cu usb;Iluminat;segment;prelungitor;9,1;42;3;2;1;DA;
priza inteligenta cu contor;Iluminat;segment;priza inteligenta;9,1;42;4;4;1;DA;
priza inteligenta ieftina;Iluminat;pret;priza inteligenta;9,1;42;3;0;1;DA;
profil banda led ieftin;Iluminat;pret;banda led;9,1;42;4;2;1;DA;
sonerie wireless cu baterii;Iluminat;segment;sonerie wireless;9,1;42;4;4;1;DA;
spot led ieftin;Iluminat;pret;spot led;9,1;42;3;0;1;DA;
veioza cu picior;Iluminat;segment;veioza;9,1;42;3;2;1;DA;
veioza pentru bebelusi;Iluminat;segment;veioza;9,1;42;3;2;1;DA;
aplica de perete cu priza;Iluminat;segment;aplica de perete;9,1;40;5;7;1;DA;
aplica de perete fara fir;Iluminat;segment;aplica de perete;9,1;40;5;7;1;DA;
banda led pentru bucatarie;Iluminat;segment;banda led;9,1;40;4;5;1;DA;
banda led rgb ieftina;Iluminat;pret;banda led;9,1;40;4;3;1;DA;
bec led cu baterii;Iluminat;segment;bec led;9,1;40;4;5;1;DA;
bec led pentru lanterna;Iluminat;segment;bec led;9,1;40;4;5;1;DA;
cel mai bun multimetru forum;Iluminat;roundup;multimetru;9,1;40;5;2;1;DA;
cel mai bun prelungitor electric;Iluminat;roundup;prelungitor;9,1;40;5;2;1;DA;
lampa de birou cu ventilator;Iluminat;segment;lampa de birou;9,1;40;5;7;1;DA;
lampadar cu masuta;Iluminat;segment;lampadar;9,1;40;3;3;1;DA;
lampadar pentru living;Iluminat;segment;lampadar;9,1;40;3;3;1;DA;
lampadar podea ieftin;Iluminat;pret;lampadar;9,1;40;3;1;1;DA;
lustra cu ventilator brico depot;Iluminat;segment;lustra;9,1;40;5;7;1;DA;
lustra pentru foisor;Iluminat;segment;lustra;9,1;40;3;3;1;DA;
multimetru cu termoviziune;Iluminat;segment;multimetru;9,1;40;3;3;1;DA;
multimetru digital ieftin;Iluminat;pret;multimetru;9,1;40;3;1;1;DA;
multimetru digital pentru elevi;Iluminat;segment;multimetru;9,1;40;4;5;1;DA;
multimetru pentru condensatori;Iluminat;segment;multimetru;9,1;40;3;3;1;DA;
prelungitor cu impamantare;Iluminat;segment;prelungitor;9,1;40;3;3;1;DA;
prelungitor pentru aer conditionat;Iluminat;segment;prelungitor;9,1;40;4;5;1;DA;
prelungitor pentru masina de spalat;Iluminat;segment;prelungitor;9,1;40;5;7;1;DA;
prelungitor pentru robinet;Iluminat;segment;prelungitor;9,1;40;3;3;1;DA;
priza inteligenta cu telecomanda;Iluminat;segment;priza inteligenta;9,1;40;4;5;1;DA;
sonerie wireless cu 2 butoane;Iluminat;segment;sonerie wireless;9,1;40;5;7;1;DA;
veioza cu picior inalt;Iluminat;segment;veioza;9,1;40;4;5;1;DA;
veioza cu sare;Iluminat;segment;veioza;9,1;40;3;3;1;DA;
veioza dormitor ieftina;Iluminat;pret;veioza;9,1;40;3;1;1;DA;
veioza pentru unghii;Iluminat;segment;veioza;9,1;40;3;3;1;DA;
prelungitor cu protectie;Iluminat;segment;prelungitor;9,1;39;3;3,5;1;DA;
aplica de perete cu cristale;Iluminat;segment;aplica de perete;9,1;38;5;9;1;DA;
banda led cu senzor;Iluminat;segment;banda led;9,1;38;4;6;1;DA;
banda led pareri;Iluminat;recenzie;banda led;9,1;38;3;0;1;DA;
banda led rgb iluminat ieftin;Iluminat;pret;banda led;9,1;38;5;6;1;DA;
bec led cu acumulator;Iluminat;segment;bec led;9,1;38;4;6;1;DA;
bec led cu senzor crepuscular;Iluminat;segment;bec led;9,1;38;5;9;1;DA;
bec led pentru hota;Iluminat;segment;bec led;9,1;38;4;6;1;DA;
lampa de birou cu clips;Iluminat;segment;lampa de birou;9,1;38;5;8;1;DA;
lampadar cu pene;Iluminat;segment;lampadar;9,1;38;3;4;1;DA;
lampadar ieftin;Iluminat;pret;lampadar;9,1;38;2;0;1;DA;
lampadar living ieftin;Iluminat;pret;lampadar;9,1;38;3;2;1;DA;
lampadar pentru exterior;Iluminat;segment;lampadar;9,1;38;3;4;1;DA;
lustra cu led;Iluminat;segment;lustra;9,1;38;3;4;1;DA;
lustra ieftina;Iluminat;pret;lustra;9,1;38;2;0;1;DA;
lustra led ieftina;Iluminat;pret;lustra;9,1;38;3;2;1;DA;
lustra led pareri;Iluminat;recenzie;lustra;9,1;38;3;0;1;DA;
lustra pentru hol;Iluminat;segment;lustra;9,1;38;3;4;1;DA;
multimetru ieftin;Iluminat;pret;multimetru;9,1;38;2;0;1;DA;
multimetru parkside pareri;Iluminat;recenzie;multimetru;9,1;38;3;0;1;DA;
multimetru pentru baterii;Iluminat;segment;multimetru;9,1;38;3;4;1;DA;
prelungitor cu intrerupator;Iluminat;segment;prelungitor;9,1;38;3;4;1;DA;
prelungitor cu stecher plat;Iluminat;segment;prelungitor;9,1;38;4;6;1;DA;
prelungitor ieftin;Iluminat;pret;prelungitor;9,1;38;2;0;1;DA;
prelungitor pentru carota;Iluminat;segment;prelungitor;9,1;38;3;4;1;DA;
priza inteligenta pareri;Iluminat;recenzie;priza inteligenta;9,1;38;3;0;1;DA;
proiector led exterior cu stativ;Iluminat;segment;proiector led exterior;9,1;38;5;8;1;DA;
sonerie wireless cu camera video;Iluminat;segment;sonerie wireless;9,1;38;5;8;1;DA;
sonerie wireless cu interfon;Iluminat;segment;sonerie wireless;9,1;38;4;6;1;DA;
suport pentru lampa de birou;Iluminat;segment;lampa de birou;9,1;38;5;8;1;DA;
veioza cu telecomanda;Iluminat;segment;veioza;9,1;38;3;4;1;DA;
veioza ieftina;Iluminat;pret;veioza;9,1;38;2;0;1;DA;
veioza pentru noptiera;Iluminat;segment;veioza;9,1;38;3;4;1;DA;
banda led exterior iluminat ieftin;Iluminat;pret;banda led;9,1;36;5;7;1;DA;
banda led pentru oglinda;Iluminat;segment;banda led;9,1;36;4;7;1;DA;
bec led cu filament;Iluminat;segment;bec led;9,1;36;4;7;1;DA;
bec led pentru exterior;Iluminat;segment;bec led;9,1;36;4;7;1;DA;
lampadar auriu ieftin;Iluminat;pret;lampadar;9,1;36;3;3;1;DA;
lampadar pentru dormitor;Iluminat;segment;lampadar;9,1;36;3;5;1;DA;
lustra dormitor ieftina;Iluminat;pret;lustra;9,1;36;3;3;1;DA;
lustra pentru bucatarie;Iluminat;segment;lustra;9,1;36;3;5;1;DA;
multimetru digital pareri;Iluminat;recenzie;multimetru;9,1;36;3;1;1;DA;
prelungitor cu tambur;Iluminat;segment;prelungitor;9,1;36;3;5;1;DA;
veioza cu touch;Iluminat;segment;veioza;9,1;36;3;5;1;DA;
veioza pentru carte;Iluminat;segment;veioza;9,1;36;3;5;1;DA;
aplica pentru perete;Iluminat;segment;aplica de perete;9,1;34;3;6;1;DA;
banda led cu acumulator;Iluminat;segment;banda led;9,1;34;4;8;1;DA;
banda led cu usb;Iluminat;segment;banda led;9,1;34;4;9;1;DA;
banda led pentru masina;Iluminat;segment;banda led;9,1;34;4;9;1;DA;
banda led pentru scari;Iluminat;segment;banda led;9,1;34;4;8;1;DA;
bec led pentru baie;Iluminat;segment;bec led;9,1;34;4;9;1;DA;
bec led pentru lustra;Iluminat;segment;bec led;9,1;34;4;8;1;DA;
cabluri pentru multimetru;Iluminat;segment;multimetru;9,1;34;3;6;1;DA;
iluminat ieftin lampadar;Iluminat;pret;lampadar;9,1;34;3;4;1;DA;
lampadar pentru birou;Iluminat;segment;lampadar;9,1;34;3;6;1;DA;
lustra cu globuri;Iluminat;segment;lustra;9,1;34;3;6;1;DA;
lustra cu ventilator hornbach;Iluminat;segment;lustra;9,1;34;4;9;1;DA;
lustra iluminat ieftin;Iluminat;pret;lustra;9,1;34;3;4;1;DA;
lustra led cu telecomanda;Iluminat;segment;lustra;9,1;34;4;8;1;DA;
lustra pentru living;Iluminat;segment;lustra;9,1;34;3;6;1;DA;
multimetru cu camera termica;Iluminat;segment;multimetru;9,1;34;4;9;1;DA;
multimetru cu capacimetru;Iluminat;segment;multimetru;9,1;34;3;6;1;DA;
prelungitor cu 6 prize;Iluminat;segment;prelungitor;9,1;34;4;9;1;DA;
prelungitor pentru bricheta auto;Iluminat;segment;prelungitor;9,1;34;4;9;1;DA;
prelungitor pentru trafalet;Iluminat;segment;prelungitor;9,1;34;3;6;1;DA;
priza inteligenta cu aplicatie;Iluminat;segment;priza inteligenta;9,1;34;4;9;1;DA;
priza inteligenta cu wifi;Iluminat;segment;priza inteligenta;9,1;34;4;8;1;DA;
proiector cu led exterior;Iluminat;segment;proiector led exterior;9,1;34;4;9;1;DA;
veioza cu led;Iluminat;segment;veioza;9,1;34;3;6;1;DA;
veioza cu senzor atingere;Iluminat;segment;veioza;9,1;34;4;9;1;DA;
veioza pentru birou;Iluminat;segment;veioza;9,1;34;3;6;1;DA;
cablu pentru multimetru;Iluminat;segment;multimetru;9,1;32;3;7;1;DA;
lampa pentru birou;Iluminat;segment;lampa de birou;9,1;32;3;7;1;DA;
lampadar cu telecomanda;Iluminat;segment;lampadar;9,1;32;3;7;1;DA;
lampadar pentru copii;Iluminat;segment;lampadar;9,1;32;3;7;1;DA;
lustra living ieftina;Iluminat;pret;lustra;9,1;32;3;5;1;DA;
lustra pentru copii;Iluminat;segment;lustra;9,1;32;3;7;1;DA;
multimetru cu cleste;Iluminat;segment;multimetru;9,1;32;3;7;1;DA;
prelungitor cu siguranta;Iluminat;segment;prelungitor;9,1;32;3;7;1;DA;
veioza cu acumulator;Iluminat;segment;veioza;9,1;32;3;7;1;DA;
veioza pentru priza;Iluminat;segment;veioza;9,1;32;3;7;1;DA;
abajur pentru lampadar;Iluminat;segment;lampadar;9,1;30;3;8;1;DA;
baza pentru lampadar;Iluminat;segment;lampadar;9,1;30;3;9;1;DA;
clesti pentru multimetru;Iluminat;segment;multimetru;9,1;30;3;9;1;DA;
fire pentru multimetru;Iluminat;segment;multimetru;9,1;30;3;8;1;DA;
lampadar cu abajur;Iluminat;segment;lampadar;9,1;30;3;9;1;DA;
lampadar cu baterii;Iluminat;segment;lampadar;9,1;30;3;8;1;DA;
lustra bucatarie ieftina;Iluminat;pret;lustra;9,1;30;3;6;1;DA;
lustra cu cristale;Iluminat;segment;lustra;9,1;30;3;8;1;DA;
lustra pentru balcon;Iluminat;segment;lustra;9,1;30;3;9;1;DA;
lustra pentru scari;Iluminat;segment;lustra;9,1;30;3;8;1;DA;
multimetru cu autoscalare;Iluminat;segment;multimetru;9,1;30;3;8;1;DA;
prelungitor pentru birou;Iluminat;segment;prelungitor;9,1;30;3;8;1;DA;
veioza cu abajur;Iluminat;segment;veioza;9,1;30;3;8;1;DA;
veioza pentru dormitor;Iluminat;segment;veioza;9,1;30;3;8;1;DA;
veioza pentru sticla;Iluminat;segment;veioza;9,1;30;3;9;1;DA;
lustra aurie ieftina;Iluminat;pret;lustra;9,1;28;3;7;1;DA;
lustra moderna ieftina;Iluminat;pret;lustra;9,1;26;3;8;1;DA;
lustra tavan ieftina;Iluminat;pret;lustra;9,1;26;3;9;1;DA;
cel mai bun multimetru;Iluminat;roundup;multimetru;9,1;24;4;1;1;DA;
cel mai bun prelungitor;Iluminat;roundup;prelungitor;9,1;24;4;1;1;DA;
cat consuma un purificator de aer;Incalzire;informational;purificator de aer;4,8;72;6;0;1;DA;
cat consuma aer conditionat pe caldura;Incalzire;informational;aer conditionat;4,8;70;6;1;1;DA;
cat consuma pompa de caldura aer apa;Incalzire;informational;pompa de caldura;5,8;70;7;1;1;DA;
cat consuma un calorifer electric pe ulei;Incalzire;informational;calorifer electric;4,8;70;7;1;1;DA;
cat curent consuma un purificator de aer;Incalzire;informational;purificator de aer;4,8;70;7;1;1;DA;
cat consuma o centrala termica electrica;Incalzire;informational;centrala termica;5,8;68;6;2;1;DA;
cat consuma pompa de caldura;Incalzire;informational;pompa de caldura;5,8;68;5;0;1;DA;
cat consuma pompa de caldura iarna;Incalzire;informational;pompa de caldura;5,8;68;6;2;1;DA;
cat consuma un calorifer electric pe luna;Incalzire;informational;calorifer electric;4,8;68;7;2;1;DA;
cat consuma un convector electric;Incalzire;informational;convector electric;4,8;68;5;0;1;DA;
cat consuma un convector electric pe zi;Incalzire;informational;convector electric;4,8;68;7;2;1;DA;
cat consuma un dezumidificator pe ora;Incalzire;informational;dezumidificator;4,8;68;6;2;1;DA;
cat consuma o centrala termica pe gaz;Incalzire;informational;centrala termica;5,8;66;7;3;1;DA;
cat consuma un aer conditionat pe zi;Incalzire;informational;aer conditionat;4,8;66;7;3;1;DA;
cat consuma un dezumidificator alecoair;Incalzire;informational;dezumidificator;4,8;66;5;1;1;DA;
cat curent consuma un umidificator;Incalzire;informational;umidificator;4,8;66;5;1;1;DA;
convector electric sau calorifer pe ulei;Incalzire;comparatie;convector electric;4,8;66;6;0;1;DA;
pompa de caldura sau centrala pe gaz;Incalzire;comparatie;pompa de caldura;5,8;66;7;0;1;DA;
aer conditionat sau pompa de caldura;Incalzire;comparatie;aer conditionat;4,8;64;6;1;1;DA;
cat consuma aer conditionat;Incalzire;informational;aer conditionat;4,8;64;4;0;1;DA;
cat consuma boilerul electric;Incalzire;informational;boiler;5,8;64;4;0;1;DA;
cat consuma calorifer electric;Incalzire;informational;calorifer electric;4,8;64;4;0;1;DA;
cat consuma centrala termica;Incalzire;informational;centrala termica;5,8;64;4;0;1;DA;
cat consuma o aeroterma pe ora;Incalzire;informational;aeroterma;4,8;64;6;4;1;DA;
cat consuma o centrala termica pe gpl;Incalzire;informational;centrala termica;5,8;64;7;4;1;DA;
cat consuma o pompa de caldura aer aer;Incalzire;informational;pompa de caldura;5,8;64;8;4;1;DA;
cat consuma un aer conditionat de 9000 btu;Incalzire;informational;aer conditionat;4,8;64;8;4;1;DA;
cat consuma un boiler electric de 30l;Incalzire;informational;boiler;5,8;64;7;4;1;DA;
cat consuma un dezumidificator;Incalzire;informational;dezumidificator;4,8;64;4;0;1;DA;
cat consuma un dezumidificator pe zi;Incalzire;informational;dezumidificator;4,8;64;6;4;1;DA;
cat consuma un umidificator;Incalzire;informational;umidificator;4,8;64;4;0;1;DA;
pompa de caldura sau centrala pe peleti;Incalzire;comparatie;pompa de caldura;5,8;64;7;1;1;DA;
umidificator sau purificator de aer;Incalzire;comparatie;purificator de aer;4,8;63;5;1,5;2;DA;
cat consuma o pompa de caldura pe zi;Incalzire;informational;pompa de caldura;5,8;62;8;5;1;DA;
cat consuma un aer conditionat pe ora;Incalzire;informational;aer conditionat;4,8;62;7;5;1;DA;
cat consuma un calorifer electric pe ora;Incalzire;informational;calorifer electric;4,8;62;7;5;1;DA;
cat consuma un dezumidificator turbionaire;Incalzire;informational;dezumidificator;4,8;62;5;3;1;DA;
cat gpl consuma o centrala termica;Incalzire;informational;centrala termica;5,8;62;6;5;1;DA;
pompa de caldura sau centrala electrica;Incalzire;comparatie;pompa de caldura;5,8;62;6;2;1;DA;
cat consuma aeroterma;Incalzire;informational;aeroterma;4,8;60;3;0;1;DA;
cat consuma un boiler de 80 l;Incalzire;informational;boiler;5,8;60;7;6;1;DA;
cat consuma un calorifer electric pe zi;Incalzire;informational;calorifer electric;4,8;60;7;6;1;DA;
cat curent consuma o centrala termica pe gaz;Incalzire;informational;centrala termica;5,8;60;8;6;1;DA;
cat curent consuma pompa de caldura;Incalzire;informational;pompa de caldura;5,8;60;6;6;1;DA;
pompa de caldura sau centrala pe lemne;Incalzire;comparatie;pompa de caldura;5,8;60;7;3;1;DA;
aer conditionat sau ventilator;Incalzire;comparatie;aer conditionat;4,8;58;4;0;1;DA;
aeroterma sau calorifer electric;Incalzire;comparatie;aeroterma;4,8;58;4;0;1;DA;
calorifer electric sau convector;Incalzire;comparatie;calorifer electric;4,8;58;4;0;1;DA;
calorifer electric sau panou radiant;Incalzire;comparatie;calorifer electric;4,8;58;5;2;1;DA;
cat consuma o aeroterma electrica;Incalzire;informational;aeroterma;4,8;58;5;5;1;DA;
cat consuma o pompa de caldura pe luna;Incalzire;informational;pompa de caldura;5,8;58;8;7;1;DA;
cat consuma un aer conditionat inverter;Incalzire;informational;aer conditionat;4,8;58;6;7;1;DA;
cat curent consuma o centrala termica;Incalzire;informational;centrala termica;5,8;58;6;7;1;DA;
convector electric sau panou radiant;Incalzire;comparatie;convector electric;4,8;58;5;2;1;DA;
dezumidificator sau aer conditionat;Incalzire;comparatie;dezumidificator;4,8;58;4;0;1;DA;
panouri solare sau fotovoltaice;Incalzire;comparatie;panouri solare;5,8;58;4;0;1;DA;
pompa de caldura sau aer conditionat;Incalzire;comparatie;pompa de caldura;5,8;58;6;4;1;DA;
purificator aer sau dezumidificator;Incalzire;comparatie;purificator de aer;4,8;58;4;0;1;DA;
umidificator sau dezumidificator pentru bebelusi;Incalzire;comparatie;dezumidificator;4,8;58;5;4;2;DA;
purificator de aer cu filtru hepa;Incalzire;segment;purificator de aer;4,8;57;6;0,5;1;DA;
aeroterma sau calorifer pe ulei;Incalzire;comparatie;aeroterma;4,8;56;5;3;1;DA;
calorifer electric sau aer conditionat;Incalzire;comparatie;calorifer electric;4,8;56;5;3;1;DA;
calorifer electric sau aeroterma;Incalzire;comparatie;calorifer electric;4,8;56;4;1;1;DA;
cat consuma o aeroterma mica;Incalzire;informational;aeroterma;4,8;56;5;6;1;DA;
cat consuma o pompa de caldura pe ora;Incalzire;informational;pompa de caldura;5,8;56;8;8;1;DA;
cat consuma o pompa de caldura sol apa;Incalzire;informational;pompa de caldura;5,8;56;8;9;1;DA;
cat consuma un aer conditionat de 12000 btu;Incalzire;informational;aer conditionat;4,8;56;8;8;1;DA;
cat consuma un aer conditionat iarna;Incalzire;informational;aer conditionat;4,8;56;6;9;1;DA;
cat consuma un boiler de 50 litri;Incalzire;informational;boiler;5,8;56;7;8;1;DA;
cat consuma un boiler electric de 100 litri;Incalzire;informational;boiler;5,8;56;8;9;1;DA;
cat curent consuma un calorifer electric;Incalzire;informational;calorifer electric;4,8;56;6;9;1;DA;
centrala termica pentru incalzire in pardoseala;Incalzire;segment;centrala termica;5,8;56;6;1;1;DA;
convector electric sau aer conditionat;Incalzire;comparatie;convector electric;4,8;56;5;3;1;DA;
convector electric sau aeroterma;Incalzire;comparatie;convector electric;4,8;56;4;1;1;DA;
pompa de caldura sau centrala pe gaz forum;Incalzire;comparatie;pompa de caldura;5,8;56;8;5;1;DA;
purificator de aer cu filtru hepa carbon activ;Incalzire;segment;purificator de aer;4,8;56;8;1;1;DA;
baterie de bucatarie cu 3 cai;Incalzire;segment;baterie de bucatarie;5,8;55;6;1,5;1;DA;
aer conditionat sau clima;Incalzire;comparatie;aer conditionat;4,8;54;4;2;1;DA;
baterie bucatarie pentru filtru apa;Incalzire;segment;baterie de bucatarie;5,8;54;5;0;1;DA;
boiler cu pompa de caldura;Incalzire;segment;boiler;5,8;54;5;0;1;DA;
boiler pentru centrala pe lemne;Incalzire;segment;boiler;5,8;54;5;0;1;DA;
cabina de dus cu sauna;Incalzire;segment;cabina de dus;5,8;54;5;0;1;DA;
cabina de dus pentru curte;Incalzire;segment;cabina de dus;5,8;54;5;0;1;DA;
cabina de dus pentru persoane cu dizabilitati;Incalzire;segment;cabina de dus;5,8;54;7;2;1;DA;
calorifer electric cu ulei sau fara;Incalzire;comparatie;calorifer electric;4,8;54;6;6;1;DA;
centrala termica cu boiler incorporat;Incalzire;segment;centrala termica;5,8;54;5;0;1;DA;
centrala termica pentru 50 mp;Incalzire;segment;centrala termica;5,8;54;5;0;1;DA;
chiuveta sau chiuveta dex;Incalzire;comparatie;chiuveta;5,8;54;4;2;1;DA;
chiuveta sau ghiuveta;Incalzire;comparatie;chiuveta;5,8;54;3;0;1;DA;
convector electric sau calorifer electric;Incalzire;comparatie;convector electric;4,8;54;5;4;1;DA;
pompa de caldura cu boiler incorporat;Incalzire;segment;pompa de caldura;5,8;54;6;2;1;DA;
pompa de caldura pentru piscina;Incalzire;segment;pompa de caldura;5,8;54;5;0;1;DA;
pompa de caldura split sau monobloc;Incalzire;comparatie;pompa de caldura;5,8;54;6;6;1;DA;
purificator de aer pentru animale;Incalzire;segment;purificator de aer;4,8;54;5;0;1;DA;
umidificator sau dezumidificator;Incalzire;comparatie;umidificator;4,8;54;3;0;1;DA;
aer conditionat cu montaj inclus;Incalzire;segment;aer conditionat;4,8;52;5;1;1;DA;
aeroterma sau convector;Incalzire;comparatie;aeroterma;4,8;52;3;1;1;DA;
cabina de dus cu cada;Incalzire;segment;cabina de dus;5,8;52;5;1;1;DA;
cabina de dus cu cada inalta;Incalzire;segment;cabina de dus;5,8;52;6;3;1;DA;
cabina de dus pentru gradina;Incalzire;segment;cabina de dus;5,8;52;5;1;1;DA;
calorifer electric cu ulei sau aeroterma;Incalzire;comparatie;calorifer electric;4,8;52;6;7;1;DA;
calorifer electric sau cu ulei;Incalzire;comparatie;calorifer electric;4,8;52;5;5;1;DA;
centrala termica cu pompa de caldura;Incalzire;segment;centrala termica;5,8;52;6;3;1;DA;
chiuveta sau chiuveta;Incalzire;comparatie;chiuveta;5,8;52;3;1;1;DA;
convector electric sau radiator electric;Incalzire;comparatie;convector electric;4,8;52;5;5;1;DA;
dezumidificator sau umidificator;Incalzire;comparatie;dezumidificator;4,8;52;3;1;1;DA;
pareri boiler cu pompa de caldura;Incalzire;segment;boiler;5,8;52;6;3;1;DA;
pompa de caldura cu calorifere;Incalzire;segment;pompa de caldura;5,8;52;5;1;1;DA;
pompa de caldura monofazata sau trifazata;Incalzire;comparatie;pompa de caldura;5,8;52;6;7;1;DA;
pompa de caldura pentru 100 mp;Incalzire;segment;pompa de caldura;5,8;52;6;3;1;DA;
pompa de caldura pentru apartament;Incalzire;segment;pompa de caldura;5,8;52;5;1;1;DA;
purificator de aer pentru camera;Incalzire;segment;purificator de aer;4,8;52;5;1;1;DA;
umidificator sau purificator;Incalzire;comparatie;umidificator;4,8;52;3;1;1;DA;
aer conditionat cu montaj inclus flanco;Incalzire;segment;aer conditionat;4,8;50;6;4;1;DA;
aer conditionat pentru masina;Incalzire;segment;aer conditionat;4,8;50;4;0;1;DA;
aeroterma sau convector electric;Incalzire;comparatie;aeroterma;4,8;50;4;4;1;DA;
aeroterma sau radiator;Incalzire;comparatie;aeroterma;4,8;50;3;2;1;DA;
baterie de bucatarie cu dus extractibil;Incalzire;segment;baterie de bucatarie;5,8;50;6;4;1;DA;
baterie de chiuveta pentru bucatarie;Incalzire;segment;baterie de bucatarie;5,8;50;5;2;1;DA;
boiler cu 2 serpentine 200 l;Incalzire;segment;boiler;5,8;50;6;4;1;DA;
calorifer electric pentru baie;Incalzire;segment;calorifer electric;4,8;50;4;0;1;DA;
calorifer electric sau radiator;Incalzire;comparatie;calorifer electric;4,8;50;4;4;1;DA;
cat consuma un boiler;Incalzire;informational;boiler;5,8;50;4;7;1;DA;
centrala termica cu boiler incorporat 32 kw;Incalzire;segment;centrala termica;5,8;50;7;4;1;DA;
centrala termica pentru 150 mp;Incalzire;segment;centrala termica;5,8;50;5;2;1;DA;
chiuveta cu masca baie;Incalzire;segment;chiuveta;5,8;50;4;0;1;DA;
convector electric cu termostat;Incalzire;segment;convector electric;4,8;50;4;0;1;DA;
convector electric pentru baie;Incalzire;segment;convector electric;4,8;50;4;0;1;DA;
dezumidificator sau purificator;Incalzire;comparatie;dezumidificator;4,8;50;3;2;1;DA;
panouri solare cu baterie de stocare;Incalzire;segment;panouri solare;5,8;50;6;4;1;DA;
panouri solare cu baterii;Incalzire;segment;panouri solare;5,8;50;4;0;1;DA;
panouri solare ieftine si xenoane recenzii;Incalzire;pret;panouri solare;5,8;50;6;2;1;DA;
pompa de caldura aer apa ieftina;Incalzire;pret;pompa de caldura;5,8;50;6;2;1;DA;
pompa de caldura cu panouri fotovoltaice;Incalzire;segment;pompa de caldura;5,8;50;6;4;1;DA;
pompa de caldura pentru 200 mp;Incalzire;segment;pompa de caldura;5,8;50;6;4;1;DA;
pompa de caldura pentru calorifere;Incalzire;segment;pompa de caldura;5,8;50;5;2;1;DA;
purificator de aer cu ozon;Incalzire;segment;purificator de aer;4,8;50;5;2;1;DA;
purificator de aer pentru praf;Incalzire;segment;purificator de aer;4,8;50;5;2;1;DA;
umidificator cu aer rece;Incalzire;segment;umidificator;4,8;50;4;0;1;DA;
uscator cu pompa de caldura sau condensare;Incalzire;comparatie;pompa de caldura;5,8;50;7;8;1;DA;
uscator rufe pompa de caldura sau condensare;Incalzire;comparatie;pompa de caldura;5,8;50;7;9;1;DA;
baterie de bucatarie cu dus;Incalzire;segment;baterie de bucatarie;5,8;49;5;2,5;1;DA;
calorifer electric cu ulei;Incalzire;segment;calorifer electric;4,8;49;4;0,5;1;DA;
cel mai bun boiler cu pompa de caldura;Incalzire;roundup;boiler;5,8;49;8;1,5;2;DA;
aer conditionat cu 2 splitere;Incalzire;segment;aer conditionat;4,8;48;5;3;1;DA;
aer conditionat ieftin si bun;Incalzire;pret;aer conditionat;4,8;48;5;1;1;DA;
aer conditionat pentru rulota;Incalzire;segment;aer conditionat;4,8;48;4;1;1;DA;
aeroterma cu aer rece;Incalzire;segment;aeroterma;4,8;48;4;1;1;DA;
aeroterma sau aer conditionat;Incalzire;comparatie;aeroterma;4,8;48;4;5;1;DA;
baterie bucatarie pentru filtru;Incalzire;segment;baterie de bucatarie;5,8;48;4;1;1;DA;
baterie de perete pentru bucatarie;Incalzire;segment;baterie de bucatarie;5,8;48;5;3;1;DA;
baterie pentru bucatarie cu pipa flexibila;Incalzire;segment;baterie de bucatarie;5,8;48;6;5;1;DA;
boiler pentru pompa de caldura;Incalzire;segment;boiler;5,8;48;5;3;1;DA;
cabina de dus pentru rulota;Incalzire;segment;cabina de dus;5,8;48;5;3;1;DA;
calorifer electric ieftin si bun;Incalzire;pret;calorifer electric;4,8;48;5;1;1;DA;
calorifer electric pentru perete;Incalzire;segment;calorifer electric;4,8;48;4;1;1;DA;
cel mai bun centrala termica pe gaz;Incalzire;roundup;centrala termica;5,8;48;7;0;1;DA;
cel mai bun convector electric de perete;Incalzire;roundup;convector electric;4,8;48;7;0;1;DA;
cel mai bun invertor panouri solare;Incalzire;roundup;panouri solare;5,8;48;6;0;1;DA;
cel mai bun material pentru chiuveta bucatarie;Incalzire;roundup;chiuveta;5,8;48;7;0;1;DA;
cel mai bun purificator de aer;Incalzire;roundup;purificator de aer;4,8;48;6;0;1;DA;
cel mai bun silicon pentru cabina de dus;Incalzire;roundup;cabina de dus;5,8;48;8;0;1;DA;
cele mai bune centrala termica pe gaz;Incalzire;roundup;centrala termica;5,8;48;7;0;1;DA;
cele mai bune pompa de caldura;Incalzire;roundup;pompa de caldura;5,8;48;6;0;1;DA;
centrala termica cu condensare;Incalzire;segment;centrala termica;5,8;48;4;1;1;DA;
centrala termica ieftina si buna;Incalzire;pret;centrala termica;5,8;48;5;1;1;DA;
centrala termica pentru 80 mp;Incalzire;segment;centrala termica;5,8;48;5;3;1;DA;
chiuveta granit sau compozit;Incalzire;comparatie;chiuveta;5,8;48;4;5;1;DA;
chiuveta pentru masina de spalat;Incalzire;segment;chiuveta;5,8;48;5;3;1;DA;
chiuveta sau lavoar;Incalzire;comparatie;chiuveta;5,8;48;3;3;1;DA;
convector electric cu ventilator;Incalzire;segment;convector electric;4,8;48;4;1;1;DA;
convector electric de perete pentru baie;Incalzire;segment;convector electric;4,8;48;6;5;1;DA;
convector electric pentru racire;Incalzire;segment;convector electric;4,8;48;4;1;1;DA;
panouri solare pentru apa calda presurizate;Incalzire;segment;panouri solare;5,8;48;6;5;1;DA;
panouri solare pentru curent;Incalzire;segment;panouri solare;5,8;48;4;1;1;DA;
pompa de caldura cu montaj inclus;Incalzire;segment;pompa de caldura;5,8;48;6;5;1;DA;
pompa de caldura cu ventiloconvectoare;Incalzire;segment;pompa de caldura;5,8;48;5;3;1;DA;
pompa de caldura monobloc ieftina;Incalzire;pret;pompa de caldura;5,8;48;5;1;1;DA;
pompa de caldura pentru 300 mp;Incalzire;segment;pompa de caldura;5,8;48;6;5;1;DA;
purificator aer ieftin si bun;Incalzire;pret;purificator de aer;4,8;48;5;1;1;DA;
purificator de aer cu dezumidificator;Incalzire;segment;purificator de aer;4,8;48;5;3;1;DA;
purificator de aer cu functie de racire;Incalzire;segment;purificator de aer;4,8;48;7;5;1;DA;
purificator de aer pentru alergici;Incalzire;segment;purificator de aer;4,8;48;5;3;1;DA;
uscator de rufe cu pompa de caldura ieftin;Incalzire;pret;pompa de caldura;5,8;48;8;5;2;DA;
cabina de dus cu hidromasaj;Incalzire;segment;cabina de dus;5,8;47;5;3,5;1;DA;
aer conditionat cu kit de instalare;Incalzire;segment;aer conditionat;4,8;46;6;6;1;DA;
aer conditionat ieftin 9000 btu;Incalzire;pret;aer conditionat;4,8;46;5;2;1;DA;
aer conditionat pentru 100 mp;Incalzire;segment;aer conditionat;4,8;46;5;4;1;DA;
aer conditionat pentru camera;Incalzire;segment;aer conditionat;4,8;46;4;2;1;DA;
aeroterma cu panou solar;Incalzire;segment;aeroterma;4,8;46;4;2;1;DA;
aeroterma cu termostat;Incalzire;segment;aeroterma;4,8;46;3;0;1;DA;
aeroterma pentru masina;Incalzire;segment;aeroterma;4,8;46;3;0;1;DA;
baterie chiuveta bucatarie pentru apa filtrata;Incalzire;segment;baterie de bucatarie;5,8;46;6;6;1;DA;
boiler cu 2 serpentine;Incalzire;segment;boiler;5,8;46;4;2;1;DA;
boiler pentru centrala pe peleti;Incalzire;segment;boiler;5,8;46;5;4;1;DA;
cabina de dus cu cadita joasa;Incalzire;segment;cabina de dus;5,8;46;6;6;1;DA;
cabina de dus cu scaun;Incalzire;segment;cabina de dus;5,8;46;5;4;1;DA;
cabina de dus ieftina;Incalzire;pret;cabina de dus;5,8;46;4;0;1;DA;
cabina de dus pentru afara;Incalzire;segment;cabina de dus;5,8;46;5;4;1;DA;
calorifer electric cu ulei ieftin;Incalzire;pret;calorifer electric;4,8;46;5;2;1;DA;
calorifer electric cu ulei pareri;Incalzire;segment;calorifer electric;4,8;46;5;4;1;DA;
calorifer electric de perete pentru baie;Incalzire;segment;calorifer electric;4,8;46;6;6;1;DA;
calorifer electric pentru prosoape;Incalzire;segment;calorifer electric;4,8;46;4;2;1;DA;
cea mai ieftina pompa de caldura;Incalzire;pret;pompa de caldura;5,8;46;6;4;1;DA;
cel mai bun aer conditionat portabil;Incalzire;roundup;aer conditionat;4,8;46;6;1;1;DA;
cel mai bun boiler electric 80 l;Incalzire;roundup;boiler;5,8;46;7;1;1;DA;
cel mai bun calorifer electric cu ulei;Incalzire;roundup;calorifer electric;4,8;46;7;1;1;DA;
cel mai bun dezumidificator si purificator;Incalzire;roundup;dezumidificator;4,8;46;6;1;1;DA;
cel mai bun filtru apa chiuveta;Incalzire;roundup;chiuveta;5,8;46;6;1;1;DA;
cel mai bun purificator de aer pentru apartament;Incalzire;roundup;purificator de aer;4,8;46;8;1;1;DA;
cel mai bun sistem de panouri solare;Incalzire;roundup;panouri solare;5,8;46;7;1;1;DA;
cel mai bun termostat centrala termica;Incalzire;roundup;centrala termica;5,8;46;6;1;1;DA;
cel mai bun umidificator si purificator;Incalzire;roundup;umidificator;4,8;46;6;1;1;DA;
cele mai bune aer conditionat portabil;Incalzire;roundup;aer conditionat;4,8;46;6;1;1;DA;
cele mai bune baterii chiuveta bucatarie;Incalzire;roundup;chiuveta;5,8;46;6;1;1;DA;
cele mai bune panouri solare presurizate;Incalzire;roundup;panouri solare;5,8;46;6;1;1;DA;
centrala termica pe gaz pentru casa 200 mp;Incalzire;segment;centrala termica;5,8;46;8;6;1;DA;
centrala termica pentru 300 mp;Incalzire;segment;centrala termica;5,8;46;5;4;1;DA;
chiuveta cu dulap baie;Incalzire;segment;chiuveta;5,8;46;4;2;1;DA;
chiuveta pentru exterior;Incalzire;segment;chiuveta;5,8;46;3;0;1;DA;
chiuveta sau qveta;Incalzire;comparatie;chiuveta;5,8;46;3;4;1;DA;
convector electric cu termostat ambient;Incalzire;segment;convector electric;4,8;46;5;4;1;DA;
convector electric cu wifi;Incalzire;segment;convector electric;4,8;46;4;2;1;DA;
convector electric pentru incalzire;Incalzire;segment;convector electric;4,8;46;4;2;1;DA;
corect chiuveta sau ghiuveta;Incalzire;comparatie;chiuveta;5,8;46;4;6;1;DA;
dezumidificator cu functie de racire;Incalzire;segment;dezumidificator;4,8;46;5;4;1;DA;
dezumidificator cu pastile;Incalzire;segment;dezumidificator;4,8;46;3;0;1;DA;
dezumidificator pentru beci;Incalzire;segment;dezumidificator;4,8;46;3;0;1;DA;
dezumidificator sau dezumidificator;Incalzire;comparatie;dezumidificator;4,8;46;3;4;1;DA;
panouri solare cu antigel;Incalzire;segment;panouri solare;5,8;46;4;2;1;DA;
panouri solare pentru rulote;Incalzire;segment;panouri solare;5,8;46;4;2;1;DA;
pompa de caldura cu aer conditionat;Incalzire;segment;pompa de caldura;5,8;46;6;6;1;DA;
pompa de caldura ieftina;Incalzire;pret;pompa de caldura;5,8;46;4;0;1;DA;
pompa de caldura pentru 140 mp;Incalzire;segment;pompa de caldura;5,8;46;6;6;1;DA;
purificator de aer cu sare;Incalzire;segment;purificator de aer;4,8;46;5;4;1;DA;
purificator de aer hama basic pareri;Incalzire;recenzie;purificator de aer;4,8;46;6;2;1;DA;
purificator de aer ieftin;Incalzire;pret;purificator de aer;4,8;46;4;0;1;DA;
purificator de aer pentru bebelusi;Incalzire;segment;purificator de aer;4,8;46;5;4;1;DA;
umidificator cu uleiuri esentiale;Incalzire;segment;umidificator;4,8;46;4;2;1;DA;
umidificator cu ultrasunete sau evaporare;Incalzire;comparatie;umidificator;4,8;46;5;8;1;DA;
umidificator evaporare sau ultrasunete;Incalzire;comparatie;umidificator;4,8;46;4;6;1;DA;
umidificator pentru incubator;Incalzire;segment;umidificator;4,8;46;3;0;1;DA;
umidificator sau difuzor;Incalzire;comparatie;umidificator;4,8;46;3;4;1;DA;
baterie de bucatarie cu senzor;Incalzire;segment;baterie de bucatarie;5,8;45;5;4,5;1;DA;
cabina de dus cu cadita;Incalzire;segment;cabina de dus;5,8;45;5;4,5;1;DA;
panouri solare pentru apa calda;Incalzire;segment;panouri solare;5,8;45;5;4,5;1;DA;
aer conditionat cu kit inclus;Incalzire;segment;aer conditionat;4,8;44;5;5;1;DA;
aer conditionat ieftin 18000 btu;Incalzire;pret;aer conditionat;4,8;44;5;3;1;DA;
aer conditionat pentru 2 camere;Incalzire;segment;aer conditionat;4,8;44;5;5;1;DA;
aer conditionat pentru casa;Incalzire;segment;aer conditionat;4,8;44;4;3;1;DA;
aeroterma cu apa rece;Incalzire;segment;aeroterma;4,8;44;4;3;1;DA;
aeroterma ieftina si buna;Incalzire;pret;aeroterma;4,8;44;4;1;1;DA;
aeroterma pentru cort;Incalzire;segment;aeroterma;4,8;44;3;1;1;DA;
baterie chiuveta bucatarie ieftina;Incalzire;pret;baterie de bucatarie;5,8;44;4;1;1;DA;
baterie de bucatarie cu incalzire;Incalzire;segment;baterie de bucatarie;5,8;44;5;5;1;DA;
baterie de bucatarie cu pipa flexibila;Incalzire;segment;baterie de bucatarie;5,8;44;6;7;1;DA;
boiler cu panou solar;Incalzire;segment;boiler;5,8;44;4;3;1;DA;
boiler cu serpentina;Incalzire;segment;boiler;5,8;44;3;1;1;DA;
boiler cu serpentina 100 litri;Incalzire;segment;boiler;5,8;44;5;5;1;DA;
boiler electric ieftin si bun;Incalzire;pret;boiler;5,8;44;5;3;1;DA;
boiler pentru baie;Incalzire;segment;boiler;5,8;44;3;1;1;DA;
boiler sau centrala;Incalzire;comparatie;boiler;5,8;44;3;5;1;DA;
cabina de dus mai ieftina;Incalzire;pret;cabina de dus;5,8;44;5;3;1;DA;
cabina de dus pentru mansarda;Incalzire;segment;cabina de dus;5,8;44;5;5;1;DA;
calorifer electric cu termostat pentru baie;Incalzire;segment;calorifer electric;4,8;44;6;7;1;DA;
calorifer electric pentru uscat rufe;Incalzire;segment;calorifer electric;4,8;44;5;5;1;DA;
cel mai bun aer conditionat;Incalzire;roundup;aer conditionat;4,8;44;5;0;1;DA;
cel mai bun aer conditionat 18000 btu;Incalzire;roundup;aer conditionat;4,8;44;7;2;1;DA;
cel mai bun boiler electric;Incalzire;roundup;boiler;5,8;44;5;0;1;DA;
cel mai bun calorifer electric;Incalzire;roundup;calorifer electric;4,8;44;5;0;1;DA;
cel mai bun calorifer electric forum;Incalzire;roundup;calorifer electric;4,8;44;6;2;1;DA;
cel mai bun convector electric de podea;Incalzire;roundup;convector electric;4,8;44;7;2;1;DA;
cel mai bun dezumidificator de camera;Incalzire;roundup;dezumidificator;4,8;44;6;2;1;DA;
cel mai bun purificator de aer pentru alergii;Incalzire;roundup;purificator de aer;4,8;44;8;2;1;DA;
cel mai bun umidificator pentru bebelusi;Incalzire;roundup;umidificator;4,8;44;6;2;1;DA;
cel mai bun ups centrala termica;Incalzire;roundup;centrala termica;5,8;44;6;2;1;DA;
cele mai bune aer conditionat;Incalzire;roundup;aer conditionat;4,8;44;5;0;1;DA;
cele mai bune aer conditionat 2025;Incalzire;roundup;aer conditionat;4,8;44;6;2;1;DA;
cele mai bune baterii chiuveta baie;Incalzire;roundup;chiuveta;5,8;44;6;2;1;DA;
cele mai bune boilere electrice;Incalzire;roundup;boiler;5,8;44;5;0;1;DA;
cele mai bune boilere pe lemne;Incalzire;roundup;boiler;5,8;44;6;2;1;DA;
cele mai bune chiuveta bucatarie;Incalzire;roundup;chiuveta;5,8;44;5;0;1;DA;
cele mai bune panouri solare;Incalzire;roundup;panouri solare;5,8;44;5;0;1;DA;
cele mai bune panouri solare pentru apa calda;Incalzire;roundup;panouri solare;5,8;44;8;2;1;DA;
centrala termica cu cel mai bun randament;Incalzire;segment;centrala termica;5,8;44;7;7;1;DA;
centrala termica cu montaj inclus bucuresti;Incalzire;segment;centrala termica;5,8;44;6;7;1;DA;
centrala termica cu tiraj fortat;Incalzire;segment;centrala termica;5,8;44;5;5;1;DA;
centrala termica pentru 70 mp;Incalzire;segment;centrala termica;5,8;44;5;5;1;DA;
chiuveta cu masca bucatarie;Incalzire;segment;chiuveta;5,8;44;4;3;1;DA;
chiuveta cu picior;Incalzire;segment;chiuveta;5,8;44;3;1;1;DA;
chiuveta pentru copii;Incalzire;segment;chiuveta;5,8;44;3;1;1;DA;
chiuveta quartz sau granit;Incalzire;comparatie;chiuveta;5,8;44;4;7;1;DA;
convector electric cu inverter;Incalzire;segment;convector electric;4,8;44;4;3;1;DA;
convector electric pentru perete;Incalzire;segment;convector electric;4,8;44;4;3;1;DA;
dezumidificator cu purificator;Incalzire;segment;dezumidificator;4,8;44;3;1;1;DA;
dezumidificator cu purificator aer;Incalzire;segment;dezumidificator;4,8;44;4;3;1;DA;
dezumidificator ieftin si bun;Incalzire;pret;dezumidificator;4,8;44;4;1;1;DA;
dezumidificator pentru baie;Incalzire;segment;dezumidificator;4,8;44;3;1;1;DA;
panouri solare cu microinvertor;Incalzire;segment;panouri solare;5,8;44;4;3;1;DA;
panouri solare cu tuburi vidate;Incalzire;segment;panouri solare;5,8;44;5;5;1;DA;
panouri solare ieftine fotovoltaic;Incalzire;pret;panouri solare;5,8;44;4;1;1;DA;
panouri solare pentru casa;Incalzire;segment;panouri solare;5,8;44;4;3;1;DA;
pompa de caldura pentru 250 mp;Incalzire;segment;pompa de caldura;5,8;44;6;7;1;DA;
pompa de caldura termocasa pareri;Incalzire;recenzie;pompa de caldura;5,8;44;5;1;1;DA;
purificator de aer pentru apartament;Incalzire;segment;purificator de aer;4,8;44;5;5;1;DA;
umidificator camera sau dezumidificator;Incalzire;comparatie;umidificator;4,8;44;4;7;1;DA;
umidificator cu ultrasunete;Incalzire;segment;umidificator;4,8;44;3;1;1;DA;
umidificator ieftin si bun;Incalzire;pret;umidificator;4,8;44;4;1;1;DA;
umidificator pentru mucegai;Incalzire;segment;umidificator;4,8;44;3;1;1;DA;
baterie de bucatarie cu furtun;Incalzire;segment;baterie de bucatarie;5,8;43;5;5,5;1;DA;
aer conditionat ieftin;Incalzire;pret;aer conditionat;4,8;42;3;0;1;DA;
aer conditionat pentru o camera;Incalzire;segment;aer conditionat;4,8;42;5;6;1;DA;
aer conditionat portabil fara furtun evacuare;Incalzire;segment;aer conditionat;4,8;42;6;9;1;DA;
aeroterma pentru aer rece;Incalzire;segment;aeroterma;4,8;42;4;4;1;DA;
aeroterma pentru solar;Incalzire;segment;aeroterma;4,8;42;3;2;1;DA;
aeroterma sau calorifer;Incalzire;comparatie;aeroterma;4,8;42;3;6;1;DA;
baterie bucatarie cu dus extractibil grohe;Incalzire;segment;baterie de bucatarie;5,8;42;6;9;1;DA;
baterie bucatarie ieftina;Incalzire;pret;baterie de bucatarie;5,8;42;3;0;1;DA;
baterie de bucatarie cu filtru;Incalzire;segment;baterie de bucatarie;5,8;42;5;6;1;DA;
cabina de dus completa ieftina;Incalzire;pret;cabina de dus;5,8;42;5;4;1;DA;
cabina de dus pareri;Incalzire;recenzie;cabina de dus;5,8;42;4;0;1;DA;
cabina de dus pentru cada;Incalzire;segment;cabina de dus;5,8;42;5;6;1;DA;
calorifer electric cu samota;Incalzire;segment;calorifer electric;4,8;42;4;4;1;DA;
calorifer electric cu termostat;Incalzire;segment;calorifer electric;4,8;42;4;4;1;DA;
calorifer electric cu ulei pentru baie;Incalzire;segment;calorifer electric;4,8;42;6;8;1;DA;
calorifer electric cu ulei tesy;Incalzire;segment;calorifer electric;4,8;42;5;6;1;DA;
calorifer electric ieftin;Incalzire;pret;calorifer electric;4,8;42;3;0;1;DA;
calorifer electric pentru masina;Incalzire;segment;calorifer electric;4,8;42;4;4;1;DA;
cel mai bun aer conditionat 24000 btu;Incalzire;roundup;aer conditionat;4,8;42;7;3;1;DA;
cel mai bun convector electric;Incalzire;roundup;convector electric;4,8;42;5;1;1;DA;
cel mai bun filtru anticalcar centrala termica;Incalzire;roundup;centrala termica;5,8;42;7;3;1;DA;
cel mai bun purificator de aer 2025;Incalzire;roundup;purificator de aer;4,8;42;7;3;1;DA;
cel mai bun umidificator de camera;Incalzire;roundup;umidificator;4,8;42;6;3;1;DA;
cele mai bune aer conditionat 12000 btu;Incalzire;roundup;aer conditionat;4,8;42;7;3;1;DA;
cele mai bune panouri solare nepresurizate;Incalzire;roundup;panouri solare;5,8;42;6;3;1;DA;
centrala termica cu plita pe lemne;Incalzire;segment;centrala termica;5,8;42;6;8;1;DA;
centrala termica cu tiraj natural;Incalzire;segment;centrala termica;5,8;42;5;6;1;DA;
centrala termica gaz ieftina;Incalzire;pret;centrala termica;5,8;42;4;2;1;DA;
centrala termica ieftina;Incalzire;pret;centrala termica;5,8;42;3;0;1;DA;
centrala termica pe lemne ieftina;Incalzire;pret;centrala termica;5,8;42;5;4;1;DA;
chiuveta bucatarie sau ghiuveta;Incalzire;comparatie;chiuveta;5,8;42;4;9;1;DA;
chiuveta cu picior baie;Incalzire;segment;chiuveta;5,8;42;4;4;1;DA;
chiuveta inox sau compozit;Incalzire;comparatie;chiuveta;5,8;42;4;8;1;DA;
chiuveta pentru blat;Incalzire;segment;chiuveta;5,8;42;3;2;1;DA;
convector electric de perete pareri;Incalzire;recenzie;convector electric;4,8;42;5;2;1;DA;
convector electric ieftin;Incalzire;pret;convector electric;4,8;42;3;0;1;DA;
convector electric pentru caldura;Incalzire;segment;convector electric;4,8;42;4;4;1;DA;
dezumidificator cu compresor;Incalzire;segment;dezumidificator;4,8;42;3;2;1;DA;
dezumidificator pentru mucegai;Incalzire;segment;dezumidificator;4,8;42;3;2;1;DA;
panouri solare ieftine;Incalzire;pret;panouri solare;5,8;42;3;0;1;DA;
panouri solare ieftine si xenoane;Incalzire;pret;panouri solare;5,8;42;5;4;1;DA;
panouri solare pentru camere de supraveghere;Incalzire;segment;panouri solare;5,8;42;6;8;1;DA;
pompa de caldura ariston pareri;Incalzire;recenzie;pompa de caldura;5,8;42;5;2;1;DA;
pompa de caldura pareri;Incalzire;recenzie;pompa de caldura;5,8;42;4;0;1;DA;
pompa de caldura pentru 180 mp;Incalzire;segment;pompa de caldura;5,8;42;6;9;1;DA;
pompa de caldura pentru apa calda;Incalzire;segment;pompa de caldura;5,8;42;6;8;1;DA;
purificator de aer cu carbon activ;Incalzire;segment;purificator de aer;4,8;42;6;8;1;DA;
purificator de aer cu umidificator;Incalzire;segment;purificator de aer;4,8;42;5;6;1;DA;
purificator de aer pareri;Incalzire;recenzie;purificator de aer;4,8;42;4;0;1;DA;
purificator de aer pentru masina;Incalzire;segment;purificator de aer;4,8;42;5;6;1;DA;
umidificator pentru plante;Incalzire;segment;umidificator;4,8;42;3;2;1;DA;
aer conditionat pareri forum;Incalzire;recenzie;aer conditionat;4,8;40;4;1;1;DA;
aer conditionat pentru camera mica;Incalzire;segment;aer conditionat;4,8;40;5;7;1;DA;
boiler pentru panou solar;Incalzire;segment;boiler;5,8;40;4;5;1;DA;
cabina de dus cea mai ieftina;Incalzire;pret;cabina de dus;5,8;40;6;7;1;DA;
cabina de dus cu rigola;Incalzire;segment;cabina de dus;5,8;40;5;7;1;DA;
cabina dus ieftina cu cadita;Incalzire;pret;cabina de dus;5,8;40;5;5;1;DA;
calorifer electric bun pareri;Incalzire;recenzie;calorifer electric;4,8;40;4;1;1;DA;
calorifer electric cu panou solar;Incalzire;segment;calorifer electric;4,8;40;5;7;1;DA;
calorifer electric cu ventilator;Incalzire;segment;calorifer electric;4,8;40;4;5;1;DA;
cel mai bun aer conditionat pentru incalzire;Incalzire;roundup;aer conditionat;4,8;40;7;4;1;DA;
cel mai bun boiler termoelectric;Incalzire;roundup;boiler;5,8;40;5;2;1;DA;
cel mai bun dezumidificator pentru apartament;Incalzire;roundup;dezumidificator;4,8;40;6;4;1;DA;
cel mai bun purificator de aer pentru copii;Incalzire;roundup;purificator de aer;4,8;40;8;4;1;DA;
cel mai bun umidificator de aer;Incalzire;roundup;umidificator;4,8;40;6;4;1;DA;
cel mai bun ups pentru centrala termica;Incalzire;roundup;centrala termica;5,8;40;7;4;1;DA;
cele mai bune aparate aer conditionat cu inverter;Incalzire;roundup;aer conditionat;4,8;40;8;4;1;DA;
cele mai bune boilere cu serpentina;Incalzire;roundup;boiler;5,8;40;6;4;1;DA;
cele mai bune filtre de apa sub chiuveta;Incalzire;roundup;chiuveta;5,8;40;8;4;1;DA;
cele mai bune panouri solare presurizate forum;Incalzire;roundup;panouri solare;5,8;40;7;4;1;DA;
centrala termica motan pareri;Incalzire;recenzie;centrala termica;5,8;40;4;1;1;DA;
chiuveta ieftina bucatarie;Incalzire;pret;chiuveta;5,8;40;3;1;1;DA;
convector electric ballu pareri;Incalzire;recenzie;convector electric;4,8;40;4;1;1;DA;
convector electric cu telecomanda;Incalzire;segment;convector electric;4,8;40;4;5;1;DA;
dezumidificator cu aer conditionat;Incalzire;segment;dezumidificator;4,8;40;4;5;1;DA;
dezumidificator pentru camera;Incalzire;segment;dezumidificator;4,8;40;3;3;1;DA;
panouri solare pareri forum;Incalzire;recenzie;panouri solare;5,8;40;4;1;1;DA;
pompa de caldura cu puffer;Incalzire;segment;pompa de caldura;5,8;40;5;7;1;DA;
pompa de caldura hibrida pareri;Incalzire;recenzie;pompa de caldura;5,8;40;5;3;1;DA;
purificator aer pareri forum;Incalzire;recenzie;purificator de aer;4,8;40;4;1;1;DA;
purificator de aer cu racire;Incalzire;segment;purificator de aer;4,8;40;5;7;1;DA;
purificator de aer pentru casa;Incalzire;segment;purificator de aer;4,8;40;5;7;1;DA;
umidificator cu abur rece;Incalzire;segment;umidificator;4,8;40;4;5;1;DA;
umidificator cu purificator;Incalzire;segment;umidificator;4,8;40;3;3;1;DA;
umidificator de aer ieftin;Incalzire;pret;umidificator;4,8;40;4;3;1;DA;
umidificator pentru umezeala;Incalzire;segment;umidificator;4,8;40;3;3;1;DA;
ups centrala termica ieftin;Incalzire;pret;centrala termica;5,8;40;4;3;1;DA;
aer conditionat ieftin cu montaj inclus;Incalzire;pret;aer conditionat;4,8;38;6;9;1;DA;
aer conditionat pareri;Incalzire;recenzie;aer conditionat;4,8;38;3;0;1;DA;
aer conditionat pareri 2025;Incalzire;recenzie;aer conditionat;4,8;38;4;2;1;DA;
aer conditionat portabil cu freon;Incalzire;segment;aer conditionat;4,8;38;5;8;1;DA;
aeroterma aer cald ieftina;Incalzire;pret;aeroterma;4,8;38;4;4;1;DA;
aeroterma cu acumulator;Incalzire;segment;aeroterma;4,8;38;3;4;1;DA;
aeroterma electrica ieftina;Incalzire;pret;aeroterma;4,8;38;3;2;1;DA;
aeroterma ieftina;Incalzire;pret;aeroterma;4,8;38;2;0;1;DA;
baterie bucatarie cu 2 robineti;Incalzire;segment;baterie de bucatarie;5,8;38;5;8;1;DA;
baterie pentru bucatarie;Incalzire;segment;baterie de bucatarie;5,8;38;3;4;1;DA;
baterie pentru cantar de bucatarie;Incalzire;segment;baterie de bucatarie;5,8;38;5;9;1;DA;
boiler cu serpentina 200 litri;Incalzire;segment;boiler;5,8;38;5;8;1;DA;
boiler electric ieftin;Incalzire;pret;boiler;5,8;38;3;2;1;DA;
boiler ieftin;Incalzire;pret;boiler;5,8;38;2;0;1;DA;
boiler pentru baie pe lemne;Incalzire;segment;boiler;5,8;38;5;8;1;DA;
cabina de dus cu cada ieftina;Incalzire;pret;cabina de dus;5,8;38;6;8;1;DA;
cabina de dus cu pereti;Incalzire;segment;cabina de dus;5,8;38;5;8;1;DA;
cabina de dus cu vana;Incalzire;segment;cabina de dus;5,8;38;5;9;1;DA;
cabina de sticla pentru dus;Incalzire;segment;cabina de dus;5,8;38;5;8;1;DA;
calorifer electric cu ulei carrefour;Incalzire;segment;calorifer electric;4,8;38;5;9;1;DA;
calorifer electric hausberg pareri;Incalzire;recenzie;calorifer electric;4,8;38;4;2;1;DA;
calorifer electric pareri;Incalzire;recenzie;calorifer electric;4,8;38;3;0;1;DA;
cel mai bun aer conditionat 12000 btu;Incalzire;roundup;aer conditionat;4,8;38;7;5;1;DA;
cel mai bun boiler electric 50l;Incalzire;roundup;boiler;5,8;38;6;5;1;DA;
cel mai bun dezumidificator forum;Incalzire;roundup;dezumidificator;4,8;38;5;3;1;DA;
cel mai bun purificator de aer buhnici;Incalzire;roundup;purificator de aer;4,8;38;7;5;1;DA;
cel mai bun purificator de aer pareri;Incalzire;roundup;purificator de aer;4,8;38;7;5;1;DA;
cele mai bune baterii chiuveta;Incalzire;roundup;chiuveta;5,8;38;5;3;1;DA;
cele mai bune boilere termoelectrice;Incalzire;roundup;boiler;5,8;38;5;3;1;DA;
cele mai bune marci aer conditionat;Incalzire;roundup;aer conditionat;4,8;38;6;5;1;DA;
cele mai bune panouri solare rulota;Incalzire;roundup;panouri solare;5,8;38;6;5;1;DA;
centrala termica beretta pareri;Incalzire;recenzie;centrala termica;5,8;38;4;2;1;DA;
centrala termica cu montaj inclus;Incalzire;segment;centrala termica;5,8;38;5;9;1;DA;
centrala termica pareri;Incalzire;recenzie;centrala termica;5,8;38;3;0;1;DA;
chiuveta baie cu masca;Incalzire;segment;chiuveta;5,8;38;4;6;1;DA;
chiuveta ieftina;Incalzire;pret;chiuveta;5,8;38;2;0;1;DA;
chiuveta ieftina baie;Incalzire;pret;chiuveta;5,8;38;3;2;1;DA;
chiuveta pentru baie;Incalzire;segment;chiuveta;5,8;38;3;4;1;DA;
chiuveta pentru masca bucatarie;Incalzire;segment;chiuveta;5,8;38;4;6;1;DA;
chiuveta pentru spalat pe cap;Incalzire;segment;chiuveta;5,8;38;5;8;1;DA;
convector electric cu infrarosu;Incalzire;segment;convector electric;4,8;38;4;6;1;DA;
convector electric cu termostat digital;Incalzire;segment;convector electric;4,8;38;5;8;1;DA;
convector electric pareri;Incalzire;recenzie;convector electric;4,8;38;3;0;1;DA;
dezumidificator camera ieftin;Incalzire;pret;dezumidificator;4,8;38;3;2;1;DA;
dezumidificator cu filtru hepa;Incalzire;segment;dezumidificator;4,8;38;4;6;1;DA;
dezumidificator ieftin;Incalzire;pret;dezumidificator;4,8;38;2;0;1;DA;
dezumidificator pentru dulap;Incalzire;segment;dezumidificator;4,8;38;3;4;1;DA;
panouri solare cu becuri;Incalzire;segment;panouri solare;5,8;38;4;6;1;DA;
panouri solare jinko pareri;Incalzire;recenzie;panouri solare;5,8;38;4;2;1;DA;
panouri solare pareri;Incalzire;recenzie;panouri solare;5,8;38;3;0;1;DA;
panouri solare pentru balcon;Incalzire;segment;panouri solare;5,8;38;4;6;1;DA;
panouri solare pentru gard;Incalzire;segment;panouri solare;5,8;38;4;6;1;DA;
pompa de caldura cu boiler;Incalzire;segment;pompa de caldura;5,8;38;5;8;1;DA;
pompa de caldura cu recuperare;Incalzire;segment;pompa de caldura;5,8;38;5;9;1;DA;
pompa de caldura fornello pareri;Incalzire;recenzie;pompa de caldura;5,8;38;5;4;1;DA;
purificator aer pentru fum tigara;Incalzire;segment;purificator de aer;4,8;38;5;9;1;DA;
purificator de aer cu apa;Incalzire;segment;purificator de aer;4,8;38;5;9;1;DA;
purificator de aer pentru mucegai;Incalzire;segment;purificator de aer;4,8;38;5;8;1;DA;
umidificator camera ieftin;Incalzire;pret;umidificator;4,8;38;3;2;1;DA;
umidificator cu higrometru;Incalzire;segment;umidificator;4,8;38;3;4;1;DA;
umidificator cu senzor de umiditate;Incalzire;segment;umidificator;4,8;38;5;9;1;DA;
umidificator ieftin;Incalzire;pret;umidificator;4,8;38;2;0;1;DA;
umidificator pentru beci;Incalzire;segment;umidificator;4,8;38;3;4;1;DA;
aer conditionat cu apa;Incalzire;segment;aer conditionat;4,8;36;4;7;1;DA;
aer conditionat ieftin cu montaj;Incalzire;pret;aer conditionat;4,8;36;5;7;1;DA;
aer conditionat pareri 2024;Incalzire;recenzie;aer conditionat;4,8;36;4;3;1;DA;
aeroterma cu freon;Incalzire;segment;aeroterma;4,8;36;3;5;1;DA;
aeroterma mica ieftina;Incalzire;pret;aeroterma;4,8;36;3;3;1;DA;
aeroterma pentru baie;Incalzire;segment;aeroterma;4,8;36;3;5;1;DA;
cabina dus pentru batrani;Incalzire;segment;cabina de dus;5,8;36;4;7;1;DA;
calorifer electric albatros pareri;Incalzire;recenzie;calorifer electric;4,8;36;4;3;1;DA;
cel mai bun boiler pe lemne;Incalzire;roundup;boiler;5,8;36;6;6;1;DA;
cel mai bun purificator de aer pentru praf;Incalzire;roundup;purificator de aer;4,8;36;8;6;1;DA;
cel mai bun umidificator pentru copii;Incalzire;roundup;umidificator;4,8;36;6;6;1;DA;
cele mai bune boilere cu 2 serpentine;Incalzire;roundup;boiler;5,8;36;7;6;1;DA;
cele mai bune firme aer conditionat;Incalzire;roundup;aer conditionat;4,8;36;6;6;1;DA;
cele mai bune panouri solare forum;Incalzire;roundup;panouri solare;5,8;36;6;6;1;DA;
centrala termica buderus pareri;Incalzire;recenzie;centrala termica;5,8;36;4;3;1;DA;
chiuveta cu 2 cuve;Incalzire;segment;chiuveta;5,8;36;4;7;1;DA;
chiuveta pentru afara;Incalzire;segment;chiuveta;5,8;36;3;5;1;DA;
convector electric cu ulei;Incalzire;segment;convector electric;4,8;36;4;7;1;DA;
dezumidificator electric ieftin;Incalzire;pret;dezumidificator;4,8;36;3;3;1;DA;
dezumidificator pareri forum;Incalzire;recenzie;dezumidificator;4,8;36;3;1;1;DA;
dezumidificator pentru pivnita;Incalzire;segment;dezumidificator;4,8;36;3;5;1;DA;
dezumidificator pentru uscat rufe;Incalzire;segment;dezumidificator;4,8;36;4;7;1;DA;
panouri solare cu acumulator;Incalzire;segment;panouri solare;5,8;36;4;7;1;DA;
panouri solare eon pareri;Incalzire;recenzie;panouri solare;5,8;36;4;3;1;DA;
panouri solare mai ieftine;Incalzire;pret;panouri solare;5,8;36;4;5;1;DA;
panouri solare pentru piscina;Incalzire;segment;panouri solare;5,8;36;4;7;1;DA;
pompa de caldura clivet pareri;Incalzire;recenzie;pompa de caldura;5,8;36;5;5;1;DA;
umidificator pentru trabucuri;Incalzire;segment;umidificator;4,8;36;3;5;1;DA;
aer conditionat cu inverter;Incalzire;segment;aer conditionat;4,8;34;4;9;1;DA;
aer conditionat cu montaj;Incalzire;segment;aer conditionat;4,8;34;4;8;1;DA;
aer conditionat ieftin 12000 btu;Incalzire;pret;aer conditionat;4,8;34;5;8;1;DA;
aer conditionat paxton pareri;Incalzire;recenzie;aer conditionat;4,8;34;4;4;1;DA;
aer conditionat pentru cort;Incalzire;segment;aer conditionat;4,8;34;4;9;1;DA;
aer conditionat pentru dormitor;Incalzire;segment;aer conditionat;4,8;34;4;8;1;DA;
aeroterma ceramica pareri;Incalzire;recenzie;aeroterma;4,8;34;3;2;1;DA;
aeroterma cu apa;Incalzire;segment;aeroterma;4,8;34;3;6;1;DA;
aeroterma cu apa calda;Incalzire;segment;aeroterma;4,8;34;4;8;1;DA;
aeroterma pareri;Incalzire;recenzie;aeroterma;4,8;34;2;0;1;DA;
aeroterma pentru caldura;Incalzire;segment;aeroterma;4,8;34;3;6;1;DA;
boiler lemne ieftin;Incalzire;pret;boiler;5,8;34;3;4;1;DA;
boiler pareri;Incalzire;recenzie;boiler;5,8;34;2;0;1;DA;
boiler pentru bucatarie;Incalzire;segment;boiler;5,8;34;3;6;1;DA;
calorifer electric cu wifi;Incalzire;segment;calorifer electric;4,8;34;4;8;1;DA;
cel mai bun aer conditionat 2026;Incalzire;roundup;aer conditionat;4,8;34;6;7;1;DA;
cel mai bun boiler electric 30 litri;Incalzire;roundup;boiler;5,8;34;7;7;1;DA;
cel mai bun dezumidificator 2025;Incalzire;roundup;dezumidificator;4,8;34;5;5;1;DA;
cel mai bun umidificator forum;Incalzire;roundup;umidificator;4,8;34;5;5;1;DA;
cele mai bune boilere solare;Incalzire;roundup;boiler;5,8;34;5;5;1;DA;
cele mai bune panouri solare apa calda presurizate;Incalzire;roundup;panouri solare;5,8;34;8;7;1;DA;
centrala termica baxi pareri;Incalzire;recenzie;centrala termica;5,8;34;4;4;1;DA;
chiuveta cu baterie bucatarie;Incalzire;segment;chiuveta;5,8;34;4;9;1;DA;
chiuveta cu masca;Incalzire;segment;chiuveta;5,8;34;3;6;1;DA;
chiuveta ieftina inox;Incalzire;pret;chiuveta;5,8;34;3;4;1;DA;
chiuveta pentru baie mica;Incalzire;segment;chiuveta;5,8;34;4;9;1;DA;
convector electric cu racire;Incalzire;segment;convector electric;4,8;34;4;9;1;DA;
dezumidificator cu aer rece;Incalzire;segment;dezumidificator;4,8;34;4;9;1;DA;
dezumidificator pareri;Incalzire;recenzie;dezumidificator;4,8;34;2;0;1;DA;
dezumidificator pentru masina;Incalzire;segment;dezumidificator;4,8;34;3;6;1;DA;
fornello panouri solare pareri;Incalzire;recenzie;panouri solare;5,8;34;4;4;1;DA;
panouri solare apa calda ieftine;Incalzire;pret;panouri solare;5,8;34;5;9;1;DA;
panouri solare cu bec;Incalzire;segment;panouri solare;5,8;34;4;8;1;DA;
panouri solare cu glicol;Incalzire;segment;panouri solare;5,8;34;4;9;1;DA;
panouri solare pentru pensionari;Incalzire;segment;panouri solare;5,8;34;4;9;1;DA;
panouri solare presurizate ieftine;Incalzire;pret;panouri solare;5,8;34;4;6;1;DA;
pompa de caldura chofu pareri;Incalzire;recenzie;pompa de caldura;5,8;34;5;6;1;DA;
top cele mai bune aer conditionat;Incalzire;roundup;aer conditionat;4,8;34;6;7;1;DA;
top cele mai bune boilere electrice;Incalzire;roundup;boiler;5,8;34;6;7;1;DA;
umidificator cu arome;Incalzire;segment;umidificator;4,8;34;3;6;1;DA;
umidificator dyson pareri;Incalzire;recenzie;umidificator;4,8;34;3;2;1;DA;
umidificator pareri;Incalzire;recenzie;umidificator;4,8;34;2;0;1;DA;
umidificator pentru camera;Incalzire;segment;umidificator;4,8;34;3;6;1;DA;
umidificator pentru camera bebelusului;Incalzire;segment;umidificator;4,8;34;4;9;1;DA;
aer conditionat yamato pareri;Incalzire;recenzie;aer conditionat;4,8;32;4;5;1;DA;
aeroterma cu baterii;Incalzire;segment;aeroterma;4,8;32;3;7;1;DA;
aeroterma pentru camera;Incalzire;segment;aeroterma;4,8;32;3;7;1;DA;
aeroterma tronic pareri;Incalzire;recenzie;aeroterma;4,8;32;3;3;1;DA;
boiler pentru centrala;Incalzire;segment;boiler;5,8;32;3;7;1;DA;
boiler termoelectric ieftin;Incalzire;pret;boiler;5,8;32;3;5;1;DA;
cel mai bun aer conditionat fara unitate externa;Incalzire;roundup;aer conditionat;4,8;32;8;8;1;DA;
cel mai bun aer conditionat inverter;Incalzire;roundup;aer conditionat;4,8;32;6;9;1;DA;
cel mai bun boiler electric forum;Incalzire;roundup;boiler;5,8;32;6;8;1;DA;
cel mai bun boiler pe lemne si electric;Incalzire;roundup;boiler;5,8;32;8;9;1;DA;
cel mai bun dezumidificator de aer;Incalzire;roundup;dezumidificator;4,8;32;6;9;1;DA;
cel mai bun dezumidificator profesional;Incalzire;roundup;dezumidificator;4,8;32;5;6;1;DA;
cel mai bun purificator de aer 2024;Incalzire;roundup;purificator de aer;4,8;32;7;9;1;DA;
cel mai bun purificator de aer dyson;Incalzire;roundup;purificator de aer;4,8;32;7;8;1;DA;
cele mai bune aparate aer conditionat 2025;Incalzire;roundup;aer conditionat;4,8;32;7;8;1;DA;
cele mai bune centrale termice cu boiler incorporat;Incalzire;roundup;boiler;5,8;32;8;9;1;DA;
cele mai bune invertoare aer conditionat;Incalzire;roundup;aer conditionat;4,8;32;6;9;1;DA;
cele mai bune marci de boilere electrice;Incalzire;roundup;boiler;5,8;32;7;8;1;DA;
cele mai bune panouri solare 2025;Incalzire;roundup;panouri solare;5,8;32;6;9;1;DA;
cele mai bune panouri solare 2026;Incalzire;roundup;panouri solare;5,8;32;6;8;1;DA;
centrala termica eon pareri;Incalzire;recenzie;centrala termica;5,8;32;4;5;1;DA;
chiuveta pentru bucatarie;Incalzire;segment;chiuveta;5,8;32;3;7;1;DA;
dezumidificator cu absorbtie;Incalzire;segment;dezumidificator;4,8;32;3;7;1;DA;
dezumidificator mai ieftin;Incalzire;pret;dezumidificator;4,8;32;3;5;1;DA;
kit panouri solare ieftine;Incalzire;pret;panouri solare;5,8;32;4;7;1;DA;
masca chiuveta ieftina;Incalzire;pret;chiuveta;5,8;32;3;5;1;DA;
panouri solare longi pareri;Incalzire;recenzie;panouri solare;5,8;32;4;5;1;DA;
pompa de caldura ferroli pareri;Incalzire;recenzie;pompa de caldura;5,8;32;5;7;1;DA;
umidificator camera pareri;Incalzire;recenzie;umidificator;4,8;32;3;3;1;DA;
umidificator cu sare;Incalzire;segment;umidificator;4,8;32;3;7;1;DA;
umidificator pentru calorifer;Incalzire;segment;umidificator;4,8;32;3;7;1;DA;
aer conditionat portabil pareri;Incalzire;recenzie;aer conditionat;4,8;30;4;6;1;DA;
aeroterma cu ventilator;Incalzire;segment;aeroterma;4,8;30;3;9;1;DA;
aeroterma pentru calorifer;Incalzire;segment;aeroterma;4,8;30;3;9;1;DA;
aeroterma pentru sera;Incalzire;segment;aeroterma;4,8;30;3;8;1;DA;
aeroterma perete pareri;Incalzire;recenzie;aeroterma;4,8;30;3;4;1;DA;
baterie chiuveta ieftina;Incalzire;pret;chiuveta;5,8;30;3;6;1;DA;
baterii panouri solare ieftine;Incalzire;pret;panouri solare;5,8;30;4;8;1;DA;
boiler electric 50l ieftin;Incalzire;pret;boiler;5,8;30;4;9;1;DA;
boiler solar ieftin;Incalzire;pret;boiler;5,8;30;3;6;1;DA;
centrala termica vaillant pareri;Incalzire;recenzie;centrala termica;5,8;30;4;6;1;DA;
chiuveta cu dulap;Incalzire;segment;chiuveta;5,8;30;3;8;1;DA;
dezumidificator cu ionizare;Incalzire;segment;dezumidificator;4,8;30;3;8;1;DA;
dezumidificator mucegai pareri;Incalzire;recenzie;dezumidificator;4,8;30;3;4;1;DA;
dezumidificator pentru apartament;Incalzire;segment;dezumidificator;4,8;30;3;9;1;DA;
dezumidificator pentru casa;Incalzire;segment;dezumidificator;4,8;30;3;8;1;DA;
panouri solare aiko pareri;Incalzire;recenzie;panouri solare;5,8;30;4;6;1;DA;
pompa de caldura vaillant pareri;Incalzire;recenzie;pompa de caldura;5,8;30;5;8;1;DA;
umidificator biovita pareri;Incalzire;recenzie;umidificator;4,8;30;3;4;1;DA;
umidificator cu evaporare;Incalzire;segment;umidificator;4,8;30;3;8;1;DA;
umidificator pentru bebelusi;Incalzire;segment;umidificator;4,8;30;3;8;1;DA;
aer conditionat eon pareri;Incalzire;recenzie;aer conditionat;4,8;28;4;7;1;DA;
aeroterma auto 12v pareri;Incalzire;recenzie;aeroterma;4,8;28;4;7;1;DA;
aeroterma paxton pareri;Incalzire;recenzie;aeroterma;4,8;28;3;5;1;DA;
boiler mic ieftin;Incalzire;pret;boiler;5,8;28;3;7;1;DA;
cel mai bun dezumidificator alecoair;Incalzire;roundup;dezumidificator;4,8;28;5;8;1;DA;
centrala termica electrica pareri;Incalzire;recenzie;centrala termica;5,8;28;4;7;1;DA;
chiuveta paxton pareri;Incalzire;recenzie;chiuveta;5,8;28;3;5;1;DA;
dezumidificator ceresit pareri;Incalzire;recenzie;dezumidificator;4,8;28;3;5;1;DA;
panouri solare westech pareri;Incalzire;recenzie;panouri solare;5,8;28;4;7;1;DA;
umidificator bebelusi pareri;Incalzire;recenzie;umidificator;4,8;28;3;5;1;DA;
aeroterma electrica pareri;Incalzire;recenzie;aeroterma;4,8;26;3;6;1;DA;
aeroterma pe motorina pareri;Incalzire;recenzie;aeroterma;4,8;26;4;9;1;DA;
aeroterma silvercrest lidl pareri;Incalzire;recenzie;aeroterma;4,8;26;4;8;1;DA;
boiler mai ieftin;Incalzire;pret;boiler;5,8;26;3;8;1;DA;
boiler paxton pareri;Incalzire;recenzie;boiler;5,8;26;3;6;1;DA;
cel mai bun dezumidificator;Incalzire;roundup;dezumidificator;4,8;26;4;0;1;DA;
cel mai bun umidificator;Incalzire;roundup;umidificator;4,8;26;4;0;1;DA;
cele mai bune dezumidificator;Incalzire;roundup;dezumidificator;4,8;26;4;0;1;DA;
centrala termica fondital pareri;Incalzire;recenzie;centrala termica;5,8;26;4;9;1;DA;
centrala termica hoval pareri;Incalzire;recenzie;centrala termica;5,8;26;4;8;1;DA;
chiuveta alveus pareri;Incalzire;recenzie;chiuveta;5,8;26;3;6;1;DA;
chiuveta granit ieftina;Incalzire;pret;chiuveta;5,8;26;3;9;1;DA;
dezumidificator ruhhy pareri;Incalzire;recenzie;dezumidificator;4,8;26;3;6;1;DA;
panouri solare nepresurizate pareri;Incalzire;recenzie;panouri solare;5,8;26;4;9;1;DA;
panouri solare presurizate pareri;Incalzire;recenzie;panouri solare;5,8;26;4;8;1;DA;
umidificator bun pareri;Incalzire;recenzie;umidificator;4,8;26;3;6;1;DA;
boiler fornello pareri;Incalzire;recenzie;boiler;5,8;24;3;7;1;DA;
cele mai bune boilere;Incalzire;roundup;boiler;5,8;24;4;1;1;DA;
chiuveta primagran pareri;Incalzire;recenzie;chiuveta;5,8;24;3;7;1;DA;
dezumidificator camera pareri;Incalzire;recenzie;dezumidificator;4,8;24;3;7;1;DA;
umidificator laica pareri;Incalzire;recenzie;umidificator;4,8;24;3;7;1;DA;
boiler eldom pareri;Incalzire;recenzie;boiler;5,8;22;3;9;1;DA;
boiler termoelectric pareri;Incalzire;recenzie;boiler;5,8;22;3;8;1;DA;
chiuveta ferro pareri;Incalzire;recenzie;chiuveta;5,8;22;3;9;1;DA;
chiuveta smart pareri;Incalzire;recenzie;chiuveta;5,8;22;3;8;1;DA;
dezumidificator bun pareri;Incalzire;recenzie;dezumidificator;4,8;22;3;8;1;DA;
dezumidificator klarstein pareri;Incalzire;recenzie;dezumidificator;4,8;22;3;9;1;DA;
umidificator lidl pareri;Incalzire;recenzie;umidificator;4,8;22;3;8;1;DA;
cel mai bun boiler;Incalzire;roundup;boiler;5,8;18;4;4;1;DA;
cat consuma un uscator de par;Ingrijire;informational;uscator de par;6,7;72;6;0;1;DA;
aparat de masaj facial cu ultrasunete sau fototerapie;Ingrijire;comparatie;aparat de masaj;6,7;66;8;0;1;DA;
periuta de dinti electrica sau manuala;Ingrijire;comparatie;periuta de dinti electrica;6,7;66;6;0;1;DA;
dus bucal inainte sau dupa periaj;Ingrijire;comparatie;dus bucal;6,7;62;6;2;1;DA;
dus bucal sau irigator bucal;Ingrijire;comparatie;dus bucal;6,7;62;5;0;1;DA;
uscator de par sau feon;Ingrijire;comparatie;uscator de par;6,7;62;5;0;1;DA;
dus bucal sau ata dentara;Ingrijire;comparatie;dus bucal;6,7;60;5;1;1;DA;
aparat de tuns cu baterii aa;Ingrijire;segment;aparat de tuns;6,7;58;6;0;1;DA;
crema cu protectie solara cu oxid de zinc;Ingrijire;segment;crema cu protectie solara;8,4;58;8;0;1;DA;
crema de fata cu spf 50;Ingrijire;segment;crema de fata;6,8;58;6;0;1;DA;
crema de fata pentru pete pigmentare;Ingrijire;segment;crema de fata;6,8;58;6;0;1;DA;
perie rotativa sau placa;Ingrijire;comparatie;perie rotativa;6,7;58;4;0;1;DA;
periuta de dinti electrica cu dus bucal;Ingrijire;segment;periuta de dinti electrica;6,7;58;7;0;1;DA;
periuta de dinti electrica pentru copii;Ingrijire;segment;periuta de dinti electrica;6,7;58;6;0;1;DA;
uscator de par pentru par cret;Ingrijire;segment;uscator de par;6,7;58;6;0;1;DA;
aparat de ras cu o lama;Ingrijire;segment;aparat de ras;6,7;56;6;1;1;DA;
crema cu protectie solara pentru copii;Ingrijire;segment;crema cu protectie solara;8,4;56;6;1;1;DA;
crema cu protectie solara pentru fata;Ingrijire;segment;crema cu protectie solara;8,4;56;6;1;1;DA;
crema de fata pentru pete maronii;Ingrijire;segment;crema de fata;6,8;56;6;1;1;DA;
perie rotativa sau fixa;Ingrijire;comparatie;perie rotativa;6,7;56;4;1;1;DA;
periuta de dinti electrica cu stitch;Ingrijire;segment;periuta de dinti electrica;6,7;56;6;1;1;DA;
periuta de dinti electrica pentru aparat dentar;Ingrijire;segment;periuta de dinti electrica;6,7;56;7;1;1;DA;
placa de indreptat parul cu aburi;Ingrijire;segment;placa de indreptat parul;6,7;56;6;1;1;DA;
uscator de par cu perie rotativa;Ingrijire;segment;uscator de par;6,7;56;6;1;1;DA;
aparat de masaj cu infrarosu;Ingrijire;segment;aparat de masaj;6,7;54;5;0;1;DA;
aparat de masaj pentru picioare;Ingrijire;segment;aparat de masaj;6,7;54;5;0;1;DA;
aparat de masaj pentru spondiloza cervicala;Ingrijire;segment;aparat de masaj;6,7;54;6;2;1;DA;
aparat de ras cu lama;Ingrijire;segment;aparat de ras;6,7;54;5;0;1;DA;
aparat de ras pentru femei;Ingrijire;segment;aparat de ras;6,7;54;5;0;1;DA;
aparat de ras pentru zona intima;Ingrijire;segment;aparat de ras;6,7;54;6;2;1;DA;
aparat de tuns pentru caini;Ingrijire;segment;aparat de tuns;6,7;54;5;0;1;DA;
crema cu protectie solara pentru ten sensibil;Ingrijire;segment;crema cu protectie solara;8,4;54;7;2;1;DA;
crema de fata ieftina si buna;Ingrijire;pret;crema de fata;6,8;54;6;0;1;DA;
epilator sau depilator;Ingrijire;comparatie;epilator;6,7;54;3;0;1;DA;
pareri sampon johnson baby este bun pentru adulti;Ingrijire;segment;sampon;8,4;54;8;2;1;DA;
parfum barbati pana in 100 lei;Ingrijire;pret;parfum barbati;5,6;54;6;0;1;DA;
parfum dama cu miros de tamaie;Ingrijire;segment;parfum dama;5,6;54;6;2;1;DA;
perie rotativa sau ondulator;Ingrijire;comparatie;perie rotativa;6,7;54;4;2;1;DA;
periuta de dinti electrica cu senzor de presiune;Ingrijire;segment;periuta de dinti electrica;6,7;54;8;2;1;DA;
placa de indreptat parul cu aer;Ingrijire;segment;placa de indreptat parul;6,7;54;6;2;1;DA;
aparat de masaj cu vacuum;Ingrijire;segment;aparat de masaj;6,7;52;5;1;1;DA;
aparat de masaj pentru gat;Ingrijire;segment;aparat de masaj;6,7;52;5;1;1;DA;
aparat de ras cu lama clasica;Ingrijire;segment;aparat de ras;6,7;52;6;3;1;DA;
aparat de ras pentru barbati;Ingrijire;segment;aparat de ras;6,7;52;5;1;1;DA;
aparat de tuns cu acumulator;Ingrijire;segment;aparat de tuns;6,7;52;5;1;1;DA;
aparat de tuns pentru corp;Ingrijire;segment;aparat de tuns;6,7;52;5;1;1;DA;
aparat de tuns pentru zona intima;Ingrijire;segment;aparat de tuns;6,7;52;6;3;1;DA;
crema cu protectie solara pentru bebelusi;Ingrijire;segment;crema cu protectie solara;8,4;52;6;3;1;DA;
crema de fata cu extract de melc;Ingrijire;segment;crema de fata;6,8;52;7;3;1;DA;
crema de fata pentru ten gras;Ingrijire;segment;crema de fata;6,8;52;6;3;1;DA;
dus bucal cu apa de gura;Ingrijire;segment;dus bucal;6,7;52;6;3;1;DA;
dus bucal cu rezervor mare;Ingrijire;segment;dus bucal;6,7;52;5;1;1;DA;
epilator sau ceara;Ingrijire;comparatie;epilator;6,7;52;3;1;1;DA;
parfum dama cu miros de liliac;Ingrijire;segment;parfum dama;5,6;52;6;3;1;DA;
parfum dama cu miros de tei;Ingrijire;segment;parfum dama;5,6;52;6;3;1;DA;
periuta de dinti electrica cu irigator;Ingrijire;segment;periuta de dinti electrica;6,7;52;6;3;1;DA;
periuta de dinti electrica pentru gingii sensibile;Ingrijire;segment;periuta de dinti electrica;6,7;52;7;3;1;DA;
placa de indreptat parul cu aer cald;Ingrijire;segment;placa de indreptat parul;6,7;52;7;3;1;DA;
placa de indreptat parul cu keratina;Ingrijire;segment;placa de indreptat parul;6,7;52;6;3;1;DA;
uscator de par ieftin si bun;Ingrijire;pret;uscator de par;6,7;52;6;1;1;DA;
uscator de par pentru bucle;Ingrijire;segment;uscator de par;6,7;52;5;1;1;DA;
aparat de masaj cu maini;Ingrijire;segment;aparat de masaj;6,7;50;5;2;1;DA;
aparat de ras bun si ieftin;Ingrijire;pret;aparat de ras;6,7;50;6;2;1;DA;
aparat de ras cu 5 lame;Ingrijire;segment;aparat de ras;6,7;50;6;4;1;DA;
aparat de ras cu laser;Ingrijire;segment;aparat de ras;6,7;50;5;2;1;DA;
aparat de tuns cu fir;Ingrijire;segment;aparat de tuns;6,7;50;5;2;1;DA;
aparat de tuns pentru copii;Ingrijire;segment;aparat de tuns;6,7;50;5;2;1;DA;
cantar corporal cu ecran digital;Ingrijire;segment;cantar corporal;6,7;50;5;2;1;DA;
crema cu protectie solara pentru corp;Ingrijire;segment;crema cu protectie solara;8,4;50;6;4;1;DA;
crema de fata cu protectie solara;Ingrijire;segment;crema de fata;6,8;50;6;4;1;DA;
crema de fata cu retinol;Ingrijire;segment;crema de fata;6,8;50;5;2;1;DA;
crema de fata cu spf;Ingrijire;segment;crema de fata;6,8;50;5;2;1;DA;
crema de fata pentru pete;Ingrijire;segment;crema de fata;6,8;50;5;2;1;DA;
crema de fata pentru ten uscat si sensibil;Ingrijire;segment;crema de fata;6,8;50;8;4;1;DA;
dus bucal cu acumulator;Ingrijire;segment;dus bucal;6,7;50;4;0;1;DA;
dus bucal pentru implanturi;Ingrijire;segment;dus bucal;6,7;50;4;0;1;DA;
epilator pentru zona intima;Ingrijire;segment;epilator;6,7;50;4;0;1;DA;
parfum barbati cu feromoni;Ingrijire;segment;parfum barbati;5,6;50;4;0;1;DA;
parfum barbati pentru vara;Ingrijire;segment;parfum barbati;5,6;50;4;0;1;DA;
parfum dama cu miros de tutun;Ingrijire;segment;parfum dama;5,6;50;6;4;1;DA;
parfum dama pentru vara;Ingrijire;segment;parfum dama;5,6;50;4;0;1;DA;
perie rotativa cu mai multe capete;Ingrijire;segment;perie rotativa;6,7;50;6;4;1;DA;
periuta de dinti electrica ieftina;Ingrijire;pret;periuta de dinti electrica;6,7;50;5;0;1;DA;
periuta de dinti electrica pentru implanturi;Ingrijire;segment;periuta de dinti electrica;6,7;50;6;4;1;DA;
placa de indreptat parul cu infrarosu;Ingrijire;segment;placa de indreptat parul;6,7;50;6;4;1;DA;
placa de indreptat parul ieftina;Ingrijire;pret;placa de indreptat parul;6,7;50;5;0;1;DA;
sampon pentru caderea parului;Ingrijire;segment;sampon;8,4;50;4;0;1;DA;
trimmer barba cu acumulator;Ingrijire;segment;trimmer barba;8,4;50;4;0;1;DA;
uscator de par cu difuzor;Ingrijire;segment;uscator de par;6,7;50;5;2;1;DA;
uscator de par cu difuzor ieftin;Ingrijire;pret;uscator de par;6,7;50;6;2;1;DA;
uscator de par cu perie;Ingrijire;segment;uscator de par;6,7;50;5;2;1;DA;
uscator de par pentru copii;Ingrijire;segment;uscator de par;6,7;50;5;2;1;DA;
periuta de dinti electrica cu incarcator;Ingrijire;segment;periuta de dinti electrica;6,7;49;6;4,5;1;DA;
aparat de masaj cu bile;Ingrijire;segment;aparat de masaj;6,7;48;5;3;1;DA;
aparat de masaj pentru detensionarea picioarelor;Ingrijire;segment;aparat de masaj;6,7;48;6;5;1;DA;
aparat de masaj pentru spate;Ingrijire;segment;aparat de masaj;6,7;48;5;3;1;DA;
aparat de ras electric ieftin;Ingrijire;pret;aparat de ras;6,7;48;5;1;1;DA;
aparat de ras pentru cap;Ingrijire;segment;aparat de ras;6,7;48;5;3;1;DA;
aparat de ras pentru zona intima femei;Ingrijire;segment;aparat de ras;6,7;48;7;5;1;DA;
aparat de tuns barba ieftin;Ingrijire;pret;aparat de tuns;6,7;48;5;1;1;DA;
aparat de tuns cu vacuum;Ingrijire;segment;aparat de tuns;6,7;48;5;3;1;DA;
cantar corporal bun si ieftin;Ingrijire;pret;cantar corporal;6,7;48;5;1;1;DA;
cantar corporal cu aplicatie;Ingrijire;segment;cantar corporal;6,7;48;4;1;1;DA;
cel mai bun aparat de masaj facial;Ingrijire;roundup;aparat de masaj;6,7;48;7;0;1;DA;
cel mai bun aparat de ras;Ingrijire;roundup;aparat de ras;6,7;48;6;0;1;DA;
cel mai bun aparat de tuns corporal;Ingrijire;roundup;aparat de tuns;6,7;48;7;0;1;DA;
cel mai bun crema de fata;Ingrijire;roundup;crema de fata;6,8;48;6;0;1;DA;
cel mai bun uscator de par profesional;Ingrijire;roundup;uscator de par;6,7;48;7;0;1;DA;
cele mai bune aparat de ras electric;Ingrijire;roundup;aparat de ras;6,7;48;7;0;1;DA;
cele mai bune crema de fata;Ingrijire;roundup;crema de fata;6,8;48;6;0;1;DA;
crema cu protectie solara;Ingrijire;segment;crema cu protectie solara;8,4;48;4;1;1;DA;
crema cu protectie solara pentru ten acneic;Ingrijire;segment;crema cu protectie solara;8,4;48;7;5;1;DA;
crema de fata cu venin de albine;Ingrijire;segment;crema de fata;6,8;48;7;5;1;DA;
dus bucal ieftin si bun;Ingrijire;pret;dus bucal;6,7;48;5;1;1;DA;
dus bucal pentru aparat dentar;Ingrijire;segment;dus bucal;6,7;48;5;3;1;DA;
dus bucal pentru copii;Ingrijire;segment;dus bucal;6,7;48;4;1;1;DA;
parfum barbati cu mosc;Ingrijire;segment;parfum barbati;5,6;48;4;1;1;DA;
parfum barbati ieftin si bun;Ingrijire;pret;parfum barbati;5,6;48;5;1;1;DA;
parfum dama cu feromoni;Ingrijire;segment;parfum dama;5,6;48;4;1;1;DA;
parfum dama cu miros de frezii;Ingrijire;segment;parfum dama;5,6;48;6;5;1;DA;
parfum dama ieftin si bun;Ingrijire;pret;parfum dama;5,6;48;5;1;1;DA;
parfum pentru barbati cu feromoni;Ingrijire;segment;parfum barbati;5,6;48;5;3;1;DA;
perie rotativa ieftina si buna;Ingrijire;pret;perie rotativa;6,7;48;5;1;1;DA;
perie rotativa pentru motocoasa;Ingrijire;segment;perie rotativa;6,7;48;4;1;1;DA;
periuta de dinti electrica cu baterii;Ingrijire;segment;periuta de dinti electrica;6,7;48;6;5;1;DA;
periuta de dinti electrica lidl pareri;Ingrijire;recenzie;periuta de dinti electrica;6,7;48;6;1;1;DA;
periuta de dinti electrica pentru parodontoza;Ingrijire;segment;periuta de dinti electrica;6,7;48;6;5;1;DA;
placa de indreptat parul cu aer rece;Ingrijire;segment;placa de indreptat parul;6,7;48;7;5;1;DA;
sampon pentru cresterea parului;Ingrijire;segment;sampon;8,4;48;4;1;1;DA;
trimmer pentru barba md;Ingrijire;segment;trimmer barba;8,4;48;4;1;1;DA;
uscator de par cu acumulator;Ingrijire;segment;uscator de par;6,7;48;5;3;1;DA;
uscator de par pentru baie;Ingrijire;segment;uscator de par;6,7;48;5;3;1;DA;
aparat de masaj cu manute;Ingrijire;segment;aparat de masaj;6,7;46;5;4;1;DA;
aparat de masaj ieftin;Ingrijire;pret;aparat de masaj;6,7;46;4;0;1;DA;
aparat de masaj pentru celulita;Ingrijire;segment;aparat de masaj;6,7;46;5;4;1;DA;
aparat de ras cu o singura lama;Ingrijire;segment;aparat de ras;6,7;46;7;6;1;DA;
aparat de ras ieftin;Ingrijire;pret;aparat de ras;6,7;46;4;0;1;DA;
aparat de tuns cu baterii;Ingrijire;segment;aparat de tuns;6,7;46;5;4;1;DA;
aparat de tuns iarba ieftin;Ingrijire;pret;aparat de tuns;6,7;46;5;2;1;DA;
aparat de tuns ieftin;Ingrijire;pret;aparat de tuns;6,7;46;4;0;1;DA;
aparat de tuns pentru femei;Ingrijire;segment;aparat de tuns;6,7;46;5;4;1;DA;
cel mai bun aparat de masaj cervical;Ingrijire;roundup;aparat de masaj;6,7;46;7;1;1;DA;
cel mai bun aparat de ras electric;Ingrijire;roundup;aparat de ras;6,7;46;7;1;1;DA;
cel mai bun aparat de tuns barba;Ingrijire;roundup;aparat de tuns;6,7;46;7;1;1;DA;
cel mai bun cantar corporal forum;Ingrijire;roundup;cantar corporal;6,7;46;6;1;1;DA;
cel mai bun dus bucal portabil;Ingrijire;roundup;dus bucal;6,7;46;6;1;1;DA;
cel mai bun parfum barbati 2025;Ingrijire;roundup;parfum barbati;5,6;46;6;1;1;DA;
cel mai bun parfum dama 2026;Ingrijire;roundup;parfum dama;5,6;46;6;1;1;DA;
cel mai bun sampon pentru cresterea parului;Ingrijire;roundup;sampon;8,4;46;7;1;1;DA;
cel mai bun uscator de par;Ingrijire;roundup;uscator de par;6,7;46;6;1;1;DA;
crema cu protectie solara copii;Ingrijire;segment;crema cu protectie solara;8,4;46;5;4;1;DA;
crema cu protectie solara pentru ten gras;Ingrijire;segment;crema cu protectie solara;8,4;46;7;6;1;DA;
crema de fata cu vitamina c;Ingrijire;segment;crema de fata;6,8;46;6;6;1;DA;
crema de fata pentru ten gras si acneic;Ingrijire;segment;crema de fata;6,8;46;8;6;1;DA;
crema protectie solara ieftina;Ingrijire;pret;crema cu protectie solara;8,4;46;4;0;1;DA;
dus bucal cel mai ieftin;Ingrijire;pret;dus bucal;6,7;46;5;2;1;DA;
dus bucal cu baterii;Ingrijire;segment;dus bucal;6,7;46;4;2;1;DA;
dus bucal pentru parodontoza;Ingrijire;segment;dus bucal;6,7;46;4;2;1;DA;
epilator cu discuri sau pensete;Ingrijire;comparatie;epilator;6,7;46;5;8;1;DA;
epilator ipl ieftin si bun;Ingrijire;pret;epilator;6,7;46;5;2;1;DA;
epilator ipl sau laser;Ingrijire;comparatie;epilator;6,7;46;4;6;1;DA;
epilator pentru epilare definitiva;Ingrijire;segment;epilator;6,7;46;4;2;1;DA;
parfum pentru barbati recomandari;Ingrijire;segment;parfum barbati;5,6;46;4;2;1;DA;
perie rotativa pentru bormasina;Ingrijire;segment;perie rotativa;6,7;46;4;2;1;DA;
perie rotativa pentru par scurt;Ingrijire;segment;perie rotativa;6,7;46;5;4;1;DA;
periuta de dinti electrica cu aplicatie;Ingrijire;segment;periuta de dinti electrica;6,7;46;6;6;1;DA;
periuta de dinti electrica pareri;Ingrijire;recenzie;periuta de dinti electrica;6,7;46;5;0;1;DA;
periuta de dinti electrica pentru adulti;Ingrijire;segment;periuta de dinti electrica;6,7;46;6;6;1;DA;
placa de indreptat parul cu pieptene;Ingrijire;segment;placa de indreptat parul;6,7;46;6;6;1;DA;
placa de indreptat parul pareri;Ingrijire;recenzie;placa de indreptat parul;6,7;46;5;0;1;DA;
sampon pentru par gras;Ingrijire;segment;sampon;8,4;46;4;2;1;DA;
trimmer pentru barba;Ingrijire;segment;trimmer barba;8,4;46;3;0;1;DA;
trimmer pentru barba bomba;Ingrijire;segment;trimmer barba;8,4;46;4;2;1;DA;
uscator de par cu mai multe capete;Ingrijire;segment;uscator de par;6,7;46;7;6;1;DA;
uscator de par cu ondulator;Ingrijire;segment;uscator de par;6,7;46;5;4;1;DA;
uscator de par ieftin;Ingrijire;pret;uscator de par;6,7;46;4;0;1;DA;
uscator de par pentru caini;Ingrijire;segment;uscator de par;6,7;46;5;4;1;DA;
perie rotativa cu aer cald;Ingrijire;segment;perie rotativa;6,7;45;5;4,5;1;DA;
aparat de masaj cu electrostimulare;Ingrijire;segment;aparat de masaj;6,7;44;5;5;1;DA;
aparat de masaj limfatic pareri;Ingrijire;recenzie;aparat de masaj;6,7;44;5;1;1;DA;
aparat de ras cu baterii;Ingrijire;segment;aparat de ras;6,7;44;5;5;1;DA;
aparat de ras shav pareri;Ingrijire;recenzie;aparat de ras;6,7;44;5;1;1;DA;
aparat de tuns pentru animale;Ingrijire;segment;aparat de tuns;6,7;44;5;5;1;DA;
aparat de tuns vgr pareri;Ingrijire;recenzie;aparat de tuns;6,7;44;5;1;1;DA;
cantar corporal cu acumulator;Ingrijire;segment;cantar corporal;6,7;44;4;3;1;DA;
cel mai bun aparat de masaj anticelulitic;Ingrijire;roundup;aparat de masaj;6,7;44;7;2;1;DA;
cel mai bun aparat de ras femei;Ingrijire;roundup;aparat de ras;6,7;44;7;2;1;DA;
cel mai bun aparat de tuns inghinal;Ingrijire;roundup;aparat de tuns;6,7;44;7;2;1;DA;
cel mai bun cantar corporal;Ingrijire;roundup;cantar corporal;6,7;44;5;0;1;DA;
cel mai bun cantar corporal inteligent;Ingrijire;roundup;cantar corporal;6,7;44;6;2;1;DA;
cel mai bun dus bucal;Ingrijire;roundup;dus bucal;6,7;44;5;0;1;DA;
cel mai bun dus bucal pentru implanturi;Ingrijire;roundup;dus bucal;6,7;44;7;2;1;DA;
cel mai bun parfum barbati;Ingrijire;roundup;parfum barbati;5,6;44;5;0;1;DA;
cel mai bun parfum barbati zara;Ingrijire;roundup;parfum barbati;5,6;44;6;2;1;DA;
cel mai bun parfum dama;Ingrijire;roundup;parfum dama;5,6;44;5;0;1;DA;
cel mai bun parfum dama 2025;Ingrijire;roundup;parfum dama;5,6;44;6;2;1;DA;
cel mai bun sampon impotriva caderii parului forum;Ingrijire;roundup;sampon;8,4;44;8;2;1;DA;
cel mai bun sampon profesional;Ingrijire;roundup;sampon;8,4;44;5;0;1;DA;
cel mai bun trimmer barba;Ingrijire;roundup;trimmer barba;8,4;44;5;0;1;DA;
cel mai bun uscator de par cu difuzor;Ingrijire;roundup;uscator de par;6,7;44;8;2;1;DA;
crema cu protectie solara bebelusi;Ingrijire;segment;crema cu protectie solara;8,4;44;5;5;1;DA;
crema cu protectie solara pentru ten;Ingrijire;segment;crema cu protectie solara;8,4;44;6;7;1;DA;
crema cu protectie solara spf 50;Ingrijire;segment;crema cu protectie solara;8,4;44;6;7;1;DA;
crema de fata cu acid hialuronic;Ingrijire;segment;crema de fata;6,8;44;6;7;1;DA;
crema de fata ieftina;Ingrijire;pret;crema de fata;6,8;44;4;1;1;DA;
crema de fata pentru barbati;Ingrijire;segment;crema de fata;6,8;44;5;5;1;DA;
crema de fata pentru riduri adanci;Ingrijire;segment;crema de fata;6,8;44;6;7;1;DA;
crema de fata strivectin pareri;Ingrijire;recenzie;crema de fata;6,8;44;5;1;1;DA;
dus bucal cu periuta electrica;Ingrijire;segment;dus bucal;6,7;44;5;5;1;DA;
dus bucal pentru aparat ortodontic;Ingrijire;segment;dus bucal;6,7;44;5;5;1;DA;
epilator ieftin si bun;Ingrijire;pret;epilator;6,7;44;4;1;1;DA;
epilator pentru fata;Ingrijire;segment;epilator;6,7;44;3;1;1;DA;
parfum barbati cu vanilie;Ingrijire;segment;parfum barbati;5,6;44;4;3;1;DA;
parfum pentru barbati;Ingrijire;segment;parfum barbati;5,6;44;3;1;1;DA;
perie rotativa cu uscator;Ingrijire;segment;perie rotativa;6,7;44;4;3;1;DA;
perie rotativa pentru curatenie;Ingrijire;segment;perie rotativa;6,7;44;4;3;1;DA;
periuta de dinti electrica cu cap rotativ;Ingrijire;segment;periuta de dinti electrica;6,7;44;7;7;1;DA;
periuta de dinti electrica cu inteligenta artificiala;Ingrijire;segment;periuta de dinti electrica;6,7;44;7;7;1;DA;
periuta de dinti electrica pentru bebelusi;Ingrijire;segment;periuta de dinti electrica;6,7;44;6;7;1;DA;
placa de indreptat parul cu apa;Ingrijire;segment;placa de indreptat parul;6,7;44;6;7;1;DA;
sampon cu ketoconazol;Ingrijire;segment;sampon;8,4;44;3;1;1;DA;
sampon ieftin si bun;Ingrijire;pret;sampon;8,4;44;4;1;1;DA;
sampon pentru dermatita seboreica;Ingrijire;segment;sampon;8,4;44;4;3;1;DA;
trimmer pentru barba maximum;Ingrijire;segment;trimmer barba;8,4;44;4;3;1;DA;
uscator de par cu ionizare;Ingrijire;segment;uscator de par;6,7;44;5;5;1;DA;
uscator de par cu perie rotativa babyliss;Ingrijire;segment;uscator de par;6,7;44;7;7;1;DA;
uscator de par dyson pareri;Ingrijire;recenzie;uscator de par;6,7;44;5;1;1;DA;
uscator de par pentru voiaj;Ingrijire;segment;uscator de par;6,7;44;5;5;1;DA;
epilator cu laser;Ingrijire;segment;epilator;6,7;43;3;1,5;1;DA;
aparat de masaj anticelulitic cu vacuum;Ingrijire;segment;aparat de masaj;6,7;42;6;8;1;DA;
aparat de masaj cu vibratii;Ingrijire;segment;aparat de masaj;6,7;42;5;6;1;DA;
aparat de masaj delfin pareri;Ingrijire;recenzie;aparat de masaj;6,7;42;5;2;1;DA;
aparat de masaj pareri;Ingrijire;recenzie;aparat de masaj;6,7;42;4;0;1;DA;
aparat de masaj pentru baie din silicon;Ingrijire;segment;aparat de masaj;6,7;42;7;9;1;DA;
aparat de masaj pentru cervicala;Ingrijire;segment;aparat de masaj;6,7;42;5;6;1;DA;
aparat de masaj pentru gat si umeri;Ingrijire;segment;aparat de masaj;6,7;42;7;8;1;DA;
aparat de ras aura beauty pareri;Ingrijire;recenzie;aparat de ras;6,7;42;6;4;1;DA;
aparat de ras electric pareri;Ingrijire;recenzie;aparat de ras;6,7;42;5;2;1;DA;
aparat de ras pareri;Ingrijire;recenzie;aparat de ras;6,7;42;4;0;1;DA;
aparat de ras pentru corp;Ingrijire;segment;aparat de ras;6,7;42;5;6;1;DA;
aparat de ras pentru piele sensibila;Ingrijire;segment;aparat de ras;6,7;42;6;8;1;DA;
aparat de tuns barba pareri;Ingrijire;recenzie;aparat de tuns;6,7;42;5;2;1;DA;
aparat de tuns caini cu blana incalcita;Ingrijire;segment;aparat de tuns;6,7;42;7;8;1;DA;
aparat de tuns cu aspirator;Ingrijire;segment;aparat de tuns;6,7;42;5;6;1;DA;
aparat de tuns pareri;Ingrijire;recenzie;aparat de tuns;6,7;42;4;0;1;DA;
aparat de tuns pentru nas si urechi remington;Ingrijire;segment;aparat de tuns;6,7;42;8;8;1;DA;
aparat de tuns pentru pisici;Ingrijire;segment;aparat de tuns;6,7;42;5;6;1;DA;
cantar corporal cu baterii;Ingrijire;segment;cantar corporal;6,7;42;4;4;1;DA;
cantar corporal ieftin;Ingrijire;pret;cantar corporal;6,7;42;3;0;1;DA;
cel mai bun aparat de masaj pentru picioare;Ingrijire;roundup;aparat de masaj;6,7;42;8;3;1;DA;
cel mai bun aparat de ras clasic;Ingrijire;roundup;aparat de ras;6,7;42;7;3;1;DA;
cel mai bun aparat de tuns;Ingrijire;roundup;aparat de tuns;6,7;42;6;3;1;DA;
cel mai bun cantar corporal electronic;Ingrijire;roundup;cantar corporal;6,7;42;6;3;1;DA;
cel mai bun dus bucal forum;Ingrijire;roundup;dus bucal;6,7;42;6;3;1;DA;
cel mai bun epilator ipl;Ingrijire;roundup;epilator;6,7;42;5;1;1;DA;
cel mai bun parfum arabesc barbati;Ingrijire;roundup;parfum barbati;5,6;42;6;3;1;DA;
cel mai bun parfum dama arabesc;Ingrijire;roundup;parfum dama;5,6;42;6;3;1;DA;
cel mai bun sampon pentru paduchi;Ingrijire;roundup;sampon;8,4;42;6;3;1;DA;
cel mai bun uscator de par cret;Ingrijire;roundup;uscator de par;6,7;42;7;3;1;DA;
crema cu protectie solara 50;Ingrijire;segment;crema cu protectie solara;8,4;42;5;6;1;DA;
crema cu protectie solara spf 50 pentru fata;Ingrijire;segment;crema cu protectie solara;8,4;42;8;8;1;DA;
crema de fata elmiplant pareri;Ingrijire;recenzie;crema de fata;6,8;42;5;2;1;DA;
crema de fata garnier cu vitamina c;Ingrijire;segment;crema de fata;6,8;42;7;8;1;DA;
crema de fata pareri;Ingrijire;recenzie;crema de fata;6,8;42;4;0;1;DA;
crema de fata pentru ten uscat;Ingrijire;segment;crema de fata;6,8;42;6;8;1;DA;
crema hidratanta fata ieftina;Ingrijire;pret;crema de fata;6,8;42;4;2;1;DA;
crema protectie solara pareri;Ingrijire;recenzie;crema cu protectie solara;8,4;42;4;0;1;DA;
dus bucal cu mai multe capete;Ingrijire;segment;dus bucal;6,7;42;6;9;1;DA;
dus bucal cu ultrasunete;Ingrijire;segment;dus bucal;6,7;42;4;4;1;DA;
dus bucal ieftin;Ingrijire;pret;dus bucal;6,7;42;3;0;1;DA;
dus bucal pentru dinti;Ingrijire;segment;dus bucal;6,7;42;4;4;1;DA;
epilator cu ceara;Ingrijire;segment;epilator;6,7;42;3;2;1;DA;
parfum barbati cu miros de cafea;Ingrijire;segment;parfum barbati;5,6;42;6;8;1;DA;
parfum barbati ieftin;Ingrijire;pret;parfum barbati;5,6;42;3;0;1;DA;
parfum barbati ieftin notino;Ingrijire;pret;parfum barbati;5,6;42;4;2;1;DA;
parfum dama cu miros de vanilie;Ingrijire;segment;parfum dama;5,6;42;6;8;1;DA;
parfum dama ieftin;Ingrijire;pret;parfum dama;5,6;42;3;0;1;DA;
parfum pentru barbati scandal;Ingrijire;segment;parfum barbati;5,6;42;4;4;1;DA;
perie rotativa ieftina;Ingrijire;pret;perie rotativa;6,7;42;3;0;1;DA;
perie rotativa pentru covoare;Ingrijire;segment;perie rotativa;6,7;42;4;4;1;DA;
periuta de dinti electrica cu acumulator;Ingrijire;segment;periuta de dinti electrica;6,7;42;6;8;1;DA;
periuta de dinti electrica cu incarcare usb;Ingrijire;segment;periuta de dinti electrica;6,7;42;7;8;1;DA;
periuta de dinti electrica cu ultrasunete;Ingrijire;segment;periuta de dinti electrica;6,7;42;6;9;1;DA;
periuta de dinti electrica pentru toata gura;Ingrijire;segment;periuta de dinti electrica;6,7;42;7;9;1;DA;
placa de indreptat parul cu turmalina;Ingrijire;segment;placa de indreptat parul;6,7;42;6;8;1;DA;
placa de indreptat parul cu uscator;Ingrijire;segment;placa de indreptat parul;6,7;42;6;9;1;DA;
sampon cu rozmarin;Ingrijire;segment;sampon;8,4;42;3;2;1;DA;
sampon pentru par vopsit;Ingrijire;segment;sampon;8,4;42;4;4;1;DA;
sampon schauma cu ghimbir;Ingrijire;segment;sampon;8,4;42;4;4;1;DA;
set parfum dama ieftine;Ingrijire;pret;parfum dama;5,6;42;4;2;1;DA;
uscator de par bun pareri;Ingrijire;recenzie;uscator de par;6,7;42;5;2;1;DA;
uscator de par cu difuzor pentru bucle;Ingrijire;segment;uscator de par;6,7;42;7;8;1;DA;
uscator de par cu difuzor pentru par cret;Ingrijire;segment;uscator de par;6,7;42;8;9;1;DA;
uscator de par pareri;Ingrijire;recenzie;uscator de par;6,7;42;4;0;1;DA;
uscator de par pentru bebelusi;Ingrijire;segment;uscator de par;6,7;42;5;6;1;DA;
aparat de masaj cervical pareri;Ingrijire;recenzie;aparat de masaj;6,7;40;5;3;1;DA;
aparat de masaj cu ventuze;Ingrijire;segment;aparat de masaj;6,7;40;5;7;1;DA;
aparat de masaj pentru fata;Ingrijire;segment;aparat de masaj;6,7;40;5;7;1;DA;
aparat de ras cu sapun;Ingrijire;segment;aparat de ras;6,7;40;5;7;1;DA;
aparat de ras silvercrest pareri;Ingrijire;recenzie;aparat de ras;6,7;40;5;3;1;DA;
aparat de ras switch on pareri;Ingrijire;recenzie;aparat de ras;6,7;40;6;5;1;DA;
aparat de tuns caini pareri;Ingrijire;recenzie;aparat de tuns;6,7;40;5;3;1;DA;
aparat de tuns cu cablu;Ingrijire;segment;aparat de tuns;6,7;40;5;7;1;DA;
aparat de tuns pentru chelie;Ingrijire;segment;aparat de tuns;6,7;40;5;7;1;DA;
cel mai bun aparat de masaj;Ingrijire;roundup;aparat de masaj;6,7;40;6;4;1;DA;
cel mai bun aparat de ras gillette;Ingrijire;roundup;aparat de ras;6,7;40;7;4;1;DA;
cel mai bun dus bucal pareri;Ingrijire;roundup;dus bucal;6,7;40;6;4;1;DA;
cel mai bun epilator cu pensete;Ingrijire;roundup;epilator;6,7;40;6;4;1;DA;
cel mai bun epilator inghinal;Ingrijire;roundup;epilator;6,7;40;5;2;1;DA;
cel mai bun parfum arabesc barbati forum;Ingrijire;roundup;parfum barbati;5,6;40;7;4;1;DA;
cel mai bun parfum dama tom ford;Ingrijire;roundup;parfum dama;5,6;40;7;4;1;DA;
cel mai bun sampon pentru copii;Ingrijire;roundup;sampon;8,4;40;6;4;1;DA;
cel mai bun uscator de par dyson;Ingrijire;roundup;uscator de par;6,7;40;7;4;1;DA;
crema nivea de fata pareri;Ingrijire;recenzie;crema de fata;6,8;40;5;3;1;DA;
dus bucal pareri forum;Ingrijire;recenzie;dus bucal;6,7;40;4;1;1;DA;
dyson uscator de par pareri review;Ingrijire;recenzie;uscator de par;6,7;40;6;5;1;DA;
epilator pentru femei;Ingrijire;segment;epilator;6,7;40;3;3;1;DA;
parfum arabesc dama ieftin;Ingrijire;pret;parfum dama;5,6;40;4;3;1;DA;
parfum arabesc pentru barbati;Ingrijire;segment;parfum barbati;5,6;40;4;5;1;DA;
parfum barbati cu hormoni;Ingrijire;segment;parfum barbati;5,6;40;4;5;1;DA;
parfum feromoni barbati pareri;Ingrijire;recenzie;parfum barbati;5,6;40;4;1;1;DA;
parfum hermes dama pareri;Ingrijire;recenzie;parfum dama;5,6;40;4;1;1;DA;
perie rotativa cu aer rece;Ingrijire;segment;perie rotativa;6,7;40;5;7;1;DA;
perie rotativa pareri forum;Ingrijire;recenzie;perie rotativa;6,7;40;4;1;1;DA;
perie rotativa pentru par;Ingrijire;segment;perie rotativa;6,7;40;4;5;1;DA;
sampon cu biotina;Ingrijire;segment;sampon;8,4;40;3;3;1;DA;
sampon cu rozmarin dm;Ingrijire;segment;sampon;8,4;40;4;5;1;DA;
set parfum barbati ieftine;Ingrijire;pret;parfum barbati;5,6;40;4;3;1;DA;
trimmer electric pentru barba;Ingrijire;segment;trimmer barba;8,4;40;4;5;1;DA;
uscator de par pentru masina;Ingrijire;segment;uscator de par;6,7;40;5;7;1;DA;
uscator de par shark pareri;Ingrijire;recenzie;uscator de par;6,7;40;5;3;1;DA;
sampon cu usturoi;Ingrijire;segment;sampon;8,4;39;3;3,5;1;DA;
aparat de masaj anticelulitic pareri;Ingrijire;recenzie;aparat de masaj;6,7;38;5;4;1;DA;
aparat de masaj cu benzi;Ingrijire;segment;aparat de masaj;6,7;38;5;8;1;DA;
aparat de masaj cu role;Ingrijire;segment;aparat de masaj;6,7;38;5;9;1;DA;
aparat de masaj gun profesional pareri;Ingrijire;recenzie;aparat de masaj;6,7;38;6;6;1;DA;
aparat de ras cu acumulator;Ingrijire;segment;aparat de ras;6,7;38;5;9;1;DA;
aparat de ras cu rezerve;Ingrijire;segment;aparat de ras;6,7;38;5;8;1;DA;
aparat de ras power touch gold pareri;Ingrijire;recenzie;aparat de ras;6,7;38;7;6;1;DA;
aparat de tuns cu autoascutire;Ingrijire;segment;aparat de tuns;6,7;38;5;8;1;DA;
aparat de tuns pentru nas;Ingrijire;segment;aparat de tuns;6,7;38;5;9;1;DA;
aparat de tuns profesional pareri;Ingrijire;recenzie;aparat de tuns;6,7;38;5;4;1;DA;
cantar corporal pareri;Ingrijire;recenzie;cantar corporal;6,7;38;3;0;1;DA;
cel mai bun aparat de masaj pentru acasa;Ingrijire;roundup;aparat de masaj;6,7;38;8;5;1;DA;
cel mai bun aparat de ras manual;Ingrijire;roundup;aparat de ras;6,7;38;7;5;1;DA;
cel mai bun aparat de tuns parul;Ingrijire;roundup;aparat de tuns;6,7;38;7;5;1;DA;
cel mai bun epilator facial;Ingrijire;roundup;epilator;6,7;38;5;3;1;DA;
cel mai bun epilator fara durere;Ingrijire;roundup;epilator;6,7;38;6;5;1;DA;
cel mai bun parfum lattafa barbati;Ingrijire;roundup;parfum barbati;5,6;38;6;5;1;DA;
cel mai bun sampon pentru par gras;Ingrijire;roundup;sampon;8,4;38;7;5;1;DA;
crema cu protectie solara 100;Ingrijire;segment;crema cu protectie solara;8,4;38;5;9;1;DA;
crema de fata cien pareri;Ingrijire;recenzie;crema de fata;6,8;38;5;4;1;DA;
crema de fata cu colagen;Ingrijire;segment;crema de fata;6,8;38;5;8;1;DA;
crema de fata cu peptide;Ingrijire;segment;crema de fata;6,8;38;5;9;1;DA;
crema de fata pentru bebelusi;Ingrijire;segment;crema de fata;6,8;38;5;9;1;DA;
dus bucal bun pareri;Ingrijire;recenzie;dus bucal;6,7;38;4;2;1;DA;
dus bucal cu fir;Ingrijire;segment;dus bucal;6,7;38;4;6;1;DA;
dus bucal cu presiune mare;Ingrijire;segment;dus bucal;6,7;38;5;8;1;DA;
dus bucal pareri;Ingrijire;recenzie;dus bucal;6,7;38;3;0;1;DA;
dus bucal pentru limba;Ingrijire;segment;dus bucal;6,7;38;4;6;1;DA;
epilator cu laser pareri;Ingrijire;segment;epilator;6,7;38;4;6;1;DA;
epilator ieftin;Ingrijire;pret;epilator;6,7;38;2;0;1;DA;
epilator pentru nas;Ingrijire;segment;epilator;6,7;38;3;4;1;DA;
pareri sampon redist cu usturoi;Ingrijire;segment;sampon;8,4;38;5;9;1;DA;
parfum arabesc barbati ieftin;Ingrijire;pret;parfum barbati;5,6;38;4;4;1;DA;
parfum barbati cu coroana;Ingrijire;segment;parfum barbati;5,6;38;4;6;1;DA;
parfum barbati pareri;Ingrijire;recenzie;parfum barbati;5,6;38;3;0;1;DA;
parfum bun pentru barbati;Ingrijire;segment;parfum barbati;5,6;38;4;6;1;DA;
parfum dama cu vanilie;Ingrijire;segment;parfum dama;5,6;38;4;6;1;DA;
parfum dama pareri;Ingrijire;recenzie;parfum dama;5,6;38;3;0;1;DA;
parfum scandal dama ieftin;Ingrijire;pret;parfum dama;5,6;38;4;4;1;DA;
parfum scandal dama pareri;Ingrijire;recenzie;parfum dama;5,6;38;4;2;1;DA;
parfum zara barbati pareri;Ingrijire;recenzie;parfum barbati;5,6;38;4;2;1;DA;
perie rotativa dyson pareri;Ingrijire;recenzie;perie rotativa;6,7;38;4;2;1;DA;
perie rotativa pareri;Ingrijire;recenzie;perie rotativa;6,7;38;3;0;1;DA;
perie rotativa pentru spalat covoare;Ingrijire;segment;perie rotativa;6,7;38;5;8;1;DA;
perie rotativa pentru volum;Ingrijire;segment;perie rotativa;6,7;38;4;6;1;DA;
sampon cu acid salicilic;Ingrijire;segment;sampon;8,4;38;4;6;1;DA;
sampon cu keratina;Ingrijire;segment;sampon;8,4;38;3;4;1;DA;
sampon ieftin;Ingrijire;pret;sampon;8,4;38;2;0;1;DA;
sampon ieftin dm;Ingrijire;pret;sampon;8,4;38;3;2;1;DA;
sampon pentru coji in cap;Ingrijire;segment;sampon;8,4;38;5;9;1;DA;
sampon pentru par cret;Ingrijire;segment;sampon;8,4;38;4;6;1;DA;
sampon sau sampoane;Ingrijire;comparatie;sampon;8,4;38;3;9;1;DA;
sampon schauma cu rozmarin;Ingrijire;segment;sampon;8,4;38;4;6;1;DA;
trimmer profesional pentru barba;Ingrijire;segment;trimmer barba;8,4;38;4;6;1;DA;
uscator de par pentru calatorie;Ingrijire;segment;uscator de par;6,7;38;5;8;1;DA;
uscator de par pentru hotel;Ingrijire;segment;uscator de par;6,7;38;5;9;1;DA;
uscator de par starcrest pareri;Ingrijire;recenzie;uscator de par;6,7;38;5;4;1;DA;
aparat de masaj shiatsu pareri;Ingrijire;recenzie;aparat de masaj;6,7;36;5;5;1;DA;
aparat de tuns corporal pareri;Ingrijire;recenzie;aparat de tuns;6,7;36;5;5;1;DA;
aparat de tuns silvercrest lidl pareri;Ingrijire;recenzie;aparat de tuns;6,7;36;6;7;1;DA;
cel mai bun aparat de masaj pentru talpi;Ingrijire;roundup;aparat de masaj;6,7;36;8;6;1;DA;
cel mai bun aparat de tuns pentru copii;Ingrijire;roundup;aparat de tuns;6,7;36;8;6;1;DA;
cel mai bun dus bucal pentru aparat dentar;Ingrijire;roundup;dus bucal;6,7;36;8;6;1;DA;
cel mai bun epilator cu laser;Ingrijire;roundup;epilator;6,7;36;6;6;1;DA;
cel mai bun parfum amouage barbati;Ingrijire;roundup;parfum barbati;5,6;36;6;6;1;DA;
cel mai bun parfum fresh dama;Ingrijire;roundup;parfum dama;5,6;36;6;6;1;DA;
cel mai bun sampon pentru par vopsit;Ingrijire;roundup;sampon;8,4;36;7;6;1;DA;
cel mai bun uscator de par 2025;Ingrijire;roundup;uscator de par;6,7;36;7;6;1;DA;
crema de fata eveline pareri;Ingrijire;recenzie;crema de fata;6,8;36;5;5;1;DA;
dus bucal cu rezervor;Ingrijire;segment;dus bucal;6,7;36;4;7;1;DA;
dus bucal gemevo pareri;Ingrijire;recenzie;dus bucal;6,7;36;4;3;1;DA;
dus bucal pentru calatorii;Ingrijire;segment;dus bucal;6,7;36;4;7;1;DA;
epilator cu pensete;Ingrijire;segment;epilator;6,7;36;3;5;1;DA;
epilator ipl ieftin;Ingrijire;pret;epilator;6,7;36;3;3;1;DA;
epilator pareri forum;Ingrijire;recenzie;epilator;6,7;36;3;1;1;DA;
epilator pentru mustata;Ingrijire;segment;epilator;6,7;36;3;5;1;DA;
epilator pentru zona inghinala;Ingrijire;segment;epilator;6,7;36;4;7;1;DA;
parfum barbati cu piper;Ingrijire;segment;parfum barbati;5,6;36;4;7;1;DA;
parfum dama cu patchouli;Ingrijire;segment;parfum dama;5,6;36;4;7;1;DA;
parfum lattafa dama pareri;Ingrijire;recenzie;parfum dama;5,6;36;4;3;1;DA;
parfum scandal barbati ieftin;Ingrijire;pret;parfum barbati;5,6;36;4;5;1;DA;
parfum valentino dama ieftin;Ingrijire;pret;parfum dama;5,6;36;4;5;1;DA;
perie rotativa pentru pavaj;Ingrijire;segment;perie rotativa;6,7;36;4;7;1;DA;
perie rotativa remington pareri;Ingrijire;recenzie;perie rotativa;6,7;36;4;3;1;DA;
sampon antimatreata ieftin;Ingrijire;pret;sampon;8,4;36;3;3;1;DA;
sampon pentru matreata;Ingrijire;segment;sampon;8,4;36;3;5;1;DA;
sampon pentru par blond;Ingrijire;segment;sampon;8,4;36;4;7;1;DA;
scandal parfum barbati pareri;Ingrijire;recenzie;parfum barbati;5,6;36;4;3;1;DA;
aparat de tuns babyliss pareri;Ingrijire;recenzie;aparat de tuns;6,7;34;5;6;1;DA;
aparat de tuns caini zoofari pareri;Ingrijire;recenzie;aparat de tuns;6,7;34;6;8;1;DA;
aparat de tuns varfurile despicate pareri;Ingrijire;recenzie;aparat de tuns;6,7;34;6;9;1;DA;
cel mai bun aparat de masaj spate;Ingrijire;roundup;aparat de masaj;6,7;34;7;7;1;DA;
cel mai bun aparat de ras electric forum;Ingrijire;roundup;aparat de ras;6,7;34;8;7;1;DA;
cel mai bun dus bucal dr mayer;Ingrijire;roundup;dus bucal;6,7;34;7;7;1;DA;
cel mai bun parfum chanel dama;Ingrijire;roundup;parfum dama;5,6;34;6;7;1;DA;
cel mai bun parfum fresh barbati;Ingrijire;roundup;parfum barbati;5,6;34;6;7;1;DA;
cel mai bun sampon din lume;Ingrijire;roundup;sampon;8,4;34;6;7;1;DA;
crema de fata avene pareri;Ingrijire;recenzie;crema de fata;6,8;34;5;6;1;DA;
dus bucal lidl pareri;Ingrijire;recenzie;dus bucal;6,7;34;4;4;1;DA;
dus bucal pentru familie;Ingrijire;segment;dus bucal;6,7;34;4;8;1;DA;
dus bucal pentru robinet;Ingrijire;segment;dus bucal;6,7;34;4;9;1;DA;
epilator pareri;Ingrijire;recenzie;epilator;6,7;34;2;0;1;DA;
epilator pentru mustata femei;Ingrijire;segment;epilator;6,7;34;4;8;1;DA;
epilator pentru picioare;Ingrijire;segment;epilator;6,7;34;3;6;1;DA;
parfum arabesc barbati pareri;Ingrijire;recenzie;parfum barbati;5,6;34;4;4;1;DA;
parfum dama cu mosc;Ingrijire;segment;parfum dama;5,6;34;4;9;1;DA;
parfum valentino dama pareri;Ingrijire;recenzie;parfum dama;5,6;34;4;4;1;DA;
perie rotativa buna pareri;Ingrijire;recenzie;perie rotativa;6,7;34;4;4;1;DA;
perie rotativa cu ionizare;Ingrijire;segment;perie rotativa;6,7;34;4;8;1;DA;
sampon cu ketoconazol 2;Ingrijire;segment;sampon;8,4;34;4;8;1;DA;
sampon dercos ieftin;Ingrijire;pret;sampon;8,4;34;3;4;1;DA;
sampon pareri;Ingrijire;recenzie;sampon;8,4;34;2;0;1;DA;
uscator de par profesional pareri;Ingrijire;recenzie;uscator de par;6,7;34;5;6;1;DA;
cel mai bun aparat de ras cu lame;Ingrijire;roundup;aparat de ras;6,7;32;8;9;1;DA;
cel mai bun aparat de ras electric barbati;Ingrijire;roundup;aparat de ras;6,7;32;8;8;1;DA;
cel mai bun aparat de tuns barba forum;Ingrijire;roundup;aparat de tuns;6,7;32;8;8;1;DA;
cel mai bun aparat de tuns caini;Ingrijire;roundup;aparat de tuns;6,7;32;7;9;1;DA;
cel mai bun dus bucal waterpik;Ingrijire;roundup;dus bucal;6,7;32;6;8;1;DA;
cel mai bun parfum avon barbati;Ingrijire;roundup;parfum barbati;5,6;32;6;8;1;DA;
cel mai bun parfum de dama vara;Ingrijire;roundup;parfum dama;5,6;32;7;9;1;DA;
cel mai bun parfum lattafa dama;Ingrijire;roundup;parfum dama;5,6;32;6;8;1;DA;
cel mai bun parfum montale barbati;Ingrijire;roundup;parfum barbati;5,6;32;6;9;1;DA;
cel mai bun uscator de par 2026;Ingrijire;roundup;uscator de par;6,7;32;7;9;1;DA;
cel mai bun uscator de par babyliss;Ingrijire;roundup;uscator de par;6,7;32;7;8;1;DA;
dus bucal figga pareri;Ingrijire;recenzie;dus bucal;6,7;32;4;5;1;DA;
epilator definitiv ieftin;Ingrijire;pret;epilator;6,7;32;3;5;1;DA;
parfum valentino barbati ieftin;Ingrijire;pret;parfum barbati;5,6;32;4;7;1;DA;
perie rotativa babyliss pareri;Ingrijire;recenzie;perie rotativa;6,7;32;4;5;1;DA;
sampon cu sulf;Ingrijire;segment;sampon;8,4;32;3;7;1;DA;
sampon londa ieftin;Ingrijire;pret;sampon;8,4;32;3;5;1;DA;
uscator de par babyliss pareri;Ingrijire;recenzie;uscator de par;6,7;32;5;7;1;DA;
zeffa parfum barbati pareri;Ingrijire;recenzie;parfum barbati;5,6;32;4;5;1;DA;
ziaja crema de fata pareri;Ingrijire;recenzie;crema de fata;6,8;32;5;7;1;DA;
crema de fata clinique pareri;Ingrijire;recenzie;crema de fata;6,8;30;5;8;1;DA;
dus bucal dr mayer pareri;Ingrijire;recenzie;dus bucal;6,7;30;5;9;1;DA;
dus bucal nevadent pareri;Ingrijire;recenzie;dus bucal;6,7;30;4;6;1;DA;
epilator cu fir;Ingrijire;segment;epilator;6,7;30;3;8;1;DA;
epilator pentru sprancene;Ingrijire;segment;epilator;6,7;30;3;9;1;DA;
kiehls crema de fata pareri;Ingrijire;recenzie;crema de fata;6,8;30;5;9;1;DA;
parfum barbati mai ieftin;Ingrijire;pret;parfum barbati;5,6;30;4;8;1;DA;
parfum eyfel barbati pareri;Ingrijire;recenzie;parfum barbati;5,6;30;4;6;1;DA;
parfum moschino barbati.ieftin;Ingrijire;pret;parfum barbati;5,6;30;3;6;1;DA;
parfum versace barbati ieftin;Ingrijire;pret;parfum barbati;5,6;30;4;9;1;DA;
sampon cu avocado;Ingrijire;segment;sampon;8,4;30;3;9;1;DA;
sampon pentru paduchi;Ingrijire;segment;sampon;8,4;30;3;8;1;DA;
sampon urzica ieftin;Ingrijire;pret;sampon;8,4;30;3;6;1;DA;
uscator de par cien pareri;Ingrijire;recenzie;uscator de par;6,7;30;5;8;1;DA;
uscator de par parlux pareri;Ingrijire;recenzie;uscator de par;6,7;30;5;9;1;DA;
cel mai bun epilator clasic;Ingrijire;roundup;epilator;6,7;28;5;8;1;DA;
cel mai bun epilator electric;Ingrijire;roundup;epilator;6,7;28;5;9;1;DA;
cel mai bun sampon dm;Ingrijire;roundup;sampon;8,4;28;5;8;1;DA;
dus bucal dm pareri;Ingrijire;recenzie;dus bucal;6,7;28;4;7;1;DA;
epilator ipl pareri medicale;Ingrijire;recenzie;epilator;6,7;28;4;7;1;DA;
epilator laser ieftin;Ingrijire;pret;epilator;6,7;28;3;7;1;DA;
parfum verset barbati pareri;Ingrijire;recenzie;parfum barbati;5,6;28;4;7;1;DA;
perie rotativa lidl pareri;Ingrijire;recenzie;perie rotativa;6,7;28;4;7;1;DA;
sampon caini ieftin;Ingrijire;pret;sampon;8,4;28;3;7;1;DA;
cel mai bun epilator;Ingrijire;roundup;epilator;6,7;26;4;0;1;DA;
dus bucal waterpik pareri;Ingrijire;recenzie;dus bucal;6,7;26;4;8;1;DA;
parfum azzaro barbati pareri;Ingrijire;recenzie;parfum barbati;5,6;26;4;8;1;DA;
parfum valentino barbati pareri;Ingrijire;recenzie;parfum barbati;5,6;26;4;9;1;DA;
perie rotativa cien pareri;Ingrijire;recenzie;perie rotativa;6,7;26;4;8;1;DA;
perie rotativa par pareri;Ingrijire;recenzie;perie rotativa;6,7;26;4;9;1;DA;
sampon uscat ieftin;Ingrijire;pret;sampon;8,4;26;3;8;1;DA;
sampon wella ieftin;Ingrijire;pret;sampon;8,4;26;3;9;1;DA;
epilator bun pareri;Ingrijire;recenzie;epilator;6,7;22;3;8;1;DA;
epilator laser pareri;Ingrijire;recenzie;epilator;6,7;22;3;9;1;DA;
cel mai bun sampon;Ingrijire;roundup;sampon;8,4;10;4;9;1;DA;
cat consuma un telefon la incarcat;IT si TV;informational;telefon;1;72;6;0;1;DA;
cat consuma televizorul in stand by;IT si TV;informational;televizor;1,4;70;6;1;1;DA;
cat consuma un laptop pe ora;IT si TV;informational;laptop;1,7;70;6;1;1;DA;
cat consuma un monitor pe ora;IT si TV;informational;monitor;3;70;6;1;1;DA;
cat consuma o imprimanta 3d;IT si TV;informational;imprimanta;2,7;68;5;0;1;DA;
cat consuma un laptop pe zi;IT si TV;informational;laptop;1,7;68;6;2;1;DA;
cat consuma un router wifi;IT si TV;informational;router wifi;7,3;68;5;0;1;DA;
cat consuma un televizor pe ora;IT si TV;informational;televizor;1,4;68;6;2;1;DA;
cat consuma un laptop de gaming;IT si TV;informational;laptop;1,7;66;6;3;1;DA;
cat consuma un televizor pe zi;IT si TV;informational;televizor;1,4;66;6;3;1;DA;
cat curent consuma un telefon mobil;IT si TV;informational;telefon;1;66;6;3;1;DA;
cat consuma un laptop;IT si TV;informational;laptop;1,7;64;4;0;1;DA;
cat consuma un laptop pe luna;IT si TV;informational;laptop;1,7;64;6;4;1;DA;
cat consuma un monitor;IT si TV;informational;monitor;3;64;4;0;1;DA;
cat consuma un ssd;IT si TV;informational;ssd;2,4;64;4;0;1;DA;
cat consuma o imprimanta;IT si TV;informational;imprimanta;2,7;62;4;1;1;DA;
cat consuma un laptop in 8 ore;IT si TV;informational;laptop;1,7;62;7;5;1;DA;
cat consuma un telefon;IT si TV;informational;telefon;1;62;4;1;1;DA;
cat consuma un televizor pe luna;IT si TV;informational;televizor;1,4;62;6;5;1;DA;
casti wireless sau cu fir;IT si TV;comparatie;casti wireless;5;60;5;1;1;DA;
cat consuma televizorul;IT si TV;informational;televizor;1,4;60;3;0;1;DA;
cat consuma un laptop in priza;IT si TV;informational;laptop;1,7;60;6;6;1;DA;
cat consuma un televizor vechi;IT si TV;informational;televizor;1,4;60;5;4;1;DA;
casti wireless sau bluetooth;IT si TV;comparatie;casti wireless;5;58;4;0;1;DA;
cat consuma un laptop in standby;IT si TV;informational;laptop;1,7;58;6;7;1;DA;
imprimanta fiscala sau casa de marcat;IT si TV;comparatie;imprimanta;2,7;58;6;4;1;DA;
cat consuma un incarcator de laptop;IT si TV;informational;laptop;1,7;56;6;9;1;DA;
cat consuma un televizor in stand by;IT si TV;informational;televizor;1,4;56;7;9;1;DA;
cat consuma un televizor led;IT si TV;informational;televizor;1,4;56;5;6;1;DA;
cat consuma un televizor led pe ora;IT si TV;informational;televizor;1,4;56;7;8;1;DA;
ce imprimanta sa cumpar pentru acasa;IT si TV;segment;imprimanta;2,7;56;6;1;1;DA;
imprimanta laser sau inkjet;IT si TV;comparatie;imprimanta;2,7;56;4;1;1;DA;
imprimanta laser sau inkjet forum;IT si TV;comparatie;imprimanta;2,7;56;5;3;1;DA;
prajitura televizor sau budapesta;IT si TV;comparatie;televizor;1,4;56;4;1;1;DA;
smartwatch sau ceas clasic;IT si TV;comparatie;smartwatch;2,9;56;4;1;1;DA;
soundbar sau home cinema;IT si TV;comparatie;soundbar;3,6;56;4;1;1;DA;
ssd sau hdd extern;IT si TV;comparatie;ssd;2,4;56;4;1;1;DA;
casti wireless pana in 100 lei;IT si TV;pret;casti wireless;5;54;6;0;1;DA;
imprimanta sau xerox;IT si TV;comparatie;imprimanta;2,7;54;3;0;1;DA;
laptop sau leptop;IT si TV;comparatie;laptop;1,7;54;3;0;1;DA;
monitor sau tv pentru pc;IT si TV;comparatie;monitor;3;54;5;4;1;DA;
router wifi cu cartela sim digi;IT si TV;segment;router wifi;7,3;54;6;2;1;DA;
soundbar sau boxa portabila;IT si TV;comparatie;soundbar;3,6;54;4;2;1;DA;
ssd sau hdd;IT si TV;comparatie;ssd;2,4;54;3;0;1;DA;
televizor oled sau qled;IT si TV;comparatie;televizor;1,4;54;4;2;1;DA;
televizor sau proiector;IT si TV;comparatie;televizor;1,4;54;3;0;1;DA;
cat curent consuma un laptop;IT si TV;informational;laptop;1,7;52;5;8;1;DA;
laptop sau tableta;IT si TV;comparatie;laptop;1,7;52;3;1;1;DA;
router wifi cu cartela sim;IT si TV;segment;router wifi;7,3;52;5;1;1;DA;
router wifi cu cartela sim 5g;IT si TV;segment;router wifi;7,3;52;6;3;1;DA;
televizor led sau qled;IT si TV;comparatie;televizor;1,4;52;4;3;1;DA;
boxa bluetooth cu lumini si microfon lexibook;IT si TV;segment;boxa bluetooth;3,6;50;7;4;1;DA;
boxa bluetooth cu radio;IT si TV;segment;boxa bluetooth;3,6;50;4;0;1;DA;
boxa bluetooth cu radio fm;IT si TV;segment;boxa bluetooth;3,6;50;5;2;1;DA;
boxa bluetooth pentru baie;IT si TV;segment;boxa bluetooth;3,6;50;4;0;1;DA;
casti wireless cu microfon;IT si TV;segment;casti wireless;5;50;4;0;1;DA;
casti wireless pentru iphone;IT si TV;segment;casti wireless;5;50;4;0;1;DA;
imprimanta sau imprimanta;IT si TV;comparatie;imprimanta;2,7;50;3;2;1;DA;
laptop cu windows 11 instalat;IT si TV;segment;laptop;1,7;50;5;2;1;DA;
laptop cu windows instalat;IT si TV;segment;laptop;1,7;50;4;0;1;DA;
laptop pana in 1000 lei;IT si TV;pret;laptop;1,7;50;5;0;1;DA;
laptop sau calculator;IT si TV;comparatie;laptop;1,7;50;3;2;1;DA;
monitor pentru camere de supraveghere;IT si TV;segment;monitor;3;50;5;2;1;DA;
monitor sau tv;IT si TV;comparatie;monitor;3;50;3;2;1;DA;
mouse gaming cu fir;IT si TV;segment;mouse gaming;4,6;50;4;0;1;DA;
scaun gaming cu suport picioare;IT si TV;segment;scaun gaming;4,6;50;5;2;1;DA;
scaun gaming pentru volan;IT si TV;segment;scaun gaming;4,6;50;4;0;1;DA;
smartwatch cu cartela sim;IT si TV;segment;smartwatch;2,9;50;4;0;1;DA;
soundbar sau sistem 5.1;IT si TV;comparatie;soundbar;3,6;50;4;4;1;DA;
tastatura mecanica cu fir;IT si TV;segment;tastatura mecanica;4,6;50;4;0;1;DA;
tastatura mecanica cu switch uri blue;IT si TV;segment;tastatura mecanica;4,6;50;6;4;1;DA;
tastatura mecanica pentru scris;IT si TV;segment;tastatura mecanica;4,6;50;4;0;1;DA;
telefon pana in 500 lei;IT si TV;pret;telefon;1;50;5;0;1;DA;
televizor pana in 500 lei;IT si TV;pret;televizor;1,4;50;5;0;1;DA;
boxa bluetooth cu microfon;IT si TV;segment;boxa bluetooth;3,6;48;4;1;1;DA;
boxa bluetooth pentru masina;IT si TV;segment;boxa bluetooth;3,6;48;4;1;1;DA;
casti wireless cu fir;IT si TV;segment;casti wireless;5;48;4;1;1;DA;
casti wireless ieftine si bune;IT si TV;pret;casti wireless;5;48;5;1;1;DA;
casti wireless pentru alergat;IT si TV;segment;casti wireless;5;48;4;1;1;DA;
cel mai bun monitor de gaming;IT si TV;roundup;monitor;3;48;6;0;1;DA;
imprimanta cu xerox si scanner;IT si TV;segment;imprimanta;2,7;48;5;3;1;DA;
imprimanta hp sau canon;IT si TV;comparatie;imprimanta;2,7;48;4;5;1;DA;
imprimanta laser sau cu cerneala;IT si TV;comparatie;imprimanta;2,7;48;5;7;1;DA;
laptop sau pc;IT si TV;comparatie;laptop;1,7;48;3;3;1;DA;
mouse gaming ieftin si bun;IT si TV;pret;mouse gaming;4,6;48;5;1;1;DA;
router wifi cu cartela sim vodafone;IT si TV;segment;router wifi;7,3;48;6;5;1;DA;
router wifi cu sim;IT si TV;segment;router wifi;7,3;48;4;1;1;DA;
scaun gaming cu lumini;IT si TV;segment;scaun gaming;4,6;48;4;1;1;DA;
scaun gaming ieftin 100 lei;IT si TV;pret;scaun gaming;4,6;48;5;1;1;DA;
scaun gaming pentru copii;IT si TV;segment;scaun gaming;4,6;48;4;1;1;DA;
scaun gaming pentru jucatori galaxia;IT si TV;segment;scaun gaming;4,6;48;5;3;1;DA;
smartwatch pentru copii cu sim;IT si TV;segment;smartwatch;2,9;48;5;3;1;DA;
soundbar cu subwoofer incorporat;IT si TV;segment;soundbar;3,6;48;4;1;1;DA;
soundbar cu subwoofer sau fara;IT si TV;comparatie;soundbar;3,6;48;5;7;1;DA;
soundbar sau boxe;IT si TV;comparatie;soundbar;3,6;48;3;3;1;DA;
ssd sau m2;IT si TV;comparatie;ssd;2,4;48;3;3;1;DA;
tastatura mecanica cu switch uri brown;IT si TV;segment;tastatura mecanica;4,6;48;6;5;1;DA;
telefon pana in 1000 lei;IT si TV;pret;telefon;1;48;5;1;1;DA;
telefon sau gencat;IT si TV;comparatie;telefon;1;48;3;3;1;DA;
televizor pana in 1000 lei;IT si TV;pret;televizor;1,4;48;5;1;1;DA;
boxa bluetooth pentru tv;IT si TV;segment;boxa bluetooth;3,6;46;4;2;1;DA;
casti wireless cu clips;IT si TV;segment;casti wireless;5;46;4;2;1;DA;
casti wireless cu conductie osoasa;IT si TV;segment;casti wireless;5;46;5;4;1;DA;
casti wireless pentru copii;IT si TV;segment;casti wireless;5;46;4;2;1;DA;
cel mai bun monitor pentru ochi;IT si TV;roundup;monitor;3;46;6;1;1;DA;
cel mai bun mouse gaming wireless;IT si TV;roundup;mouse gaming;4,6;46;6;1;1;DA;
cel mai bun router wifi 6;IT si TV;roundup;router wifi;7,3;46;6;1;1;DA;
cel mai bun scaun de gaming ieftin;IT si TV;roundup;scaun gaming;4,6;46;7;1;1;DA;
cele mai bune casti wireless on ear;IT si TV;roundup;casti wireless;5;46;7;1;1;DA;
cele mai bune marci de televizor;IT si TV;roundup;televizor;1,4;46;6;1;1;DA;
cele mai bune mouse uri de gaming wireless;IT si TV;roundup;mouse gaming;4,6;46;8;1;1;DA;
cele mai bune soundbar uri 2025;IT si TV;roundup;soundbar;3,6;46;6;1;1;DA;
imprimanta cu scanner;IT si TV;segment;imprimanta;2,7;46;3;0;1;DA;
imprimanta ieftina cu cartus reincarcabil;IT si TV;pret;imprimanta;2,7;46;5;2;1;DA;
imprimanta jet sau laser;IT si TV;comparatie;imprimanta;2,7;46;4;6;1;DA;
imprimanta pentru poze;IT si TV;segment;imprimanta;2,7;46;3;0;1;DA;
laptop pana in 500 lei;IT si TV;pret;laptop;1,7;46;5;2;1;DA;
laptop pentru copii;IT si TV;segment;laptop;1,7;46;3;0;1;DA;
monitor pentru bebelusi;IT si TV;segment;monitor;3;46;3;0;1;DA;
router wifi cu cartela sim si panou solar;IT si TV;segment;router wifi;7,3;46;8;6;1;DA;
router wifi cu panou solar;IT si TV;segment;router wifi;7,3;46;5;4;1;DA;
scaun gaming ieftin 200 lei;IT si TV;pret;scaun gaming;4,6;46;5;2;1;DA;
scaun gaming pentru spate;IT si TV;segment;scaun gaming;4,6;46;4;2;1;DA;
smartwatch cu cartela sim copii;IT si TV;segment;smartwatch;2,9;46;5;4;1;DA;
smartwatch ieftin si bun forum;IT si TV;pret;smartwatch;2,9;46;5;2;1;DA;
smartwatch pentru copii;IT si TV;segment;smartwatch;2,9;46;3;0;1;DA;
soundbar cu radio fm;IT si TV;segment;soundbar;3,6;46;4;2;1;DA;
soundbar cu subwoofer;IT si TV;segment;soundbar;3,6;46;3;0;1;DA;
soundbar pentru televizor;IT si TV;segment;soundbar;3,6;46;3;0;1;DA;
ssd pentru laptop;IT si TV;segment;ssd;2,4;46;3;0;1;DA;
ssd sau ddr;IT si TV;comparatie;ssd;2,4;46;3;4;1;DA;
tastatura mecanica cu numpad;IT si TV;segment;tastatura mecanica;4,6;46;4;2;1;DA;
tastatura mecanica cu switch uri red;IT si TV;segment;tastatura mecanica;4,6;46;6;6;1;DA;
telefon pana in 400 lei;IT si TV;pret;telefon;1;46;5;2;1;DA;
telefon pentru copii;IT si TV;segment;telefon;1;46;3;0;1;DA;
telefon sau xtec;IT si TV;comparatie;telefon;1;46;3;4;1;DA;
televizor cu youtube;IT si TV;segment;televizor;1,4;46;3;0;1;DA;
televizor pentru exterior;IT si TV;segment;televizor;1,4;46;3;0;1;DA;
boxa bluetooth cu ceas;IT si TV;segment;boxa bluetooth;3,6;44;4;3;1;DA;
boxa bluetooth mare ieftina;IT si TV;pret;boxa bluetooth;3,6;44;4;1;1;DA;
boxa bluetooth pentru dus;IT si TV;segment;boxa bluetooth;3,6;44;4;3;1;DA;
casti wireless cu ecran;IT si TV;segment;casti wireless;5;44;4;3;1;DA;
casti wireless pentru tv;IT si TV;segment;casti wireless;5;44;4;3;1;DA;
cel mai bun laptop 2026;IT si TV;roundup;laptop;1,7;44;5;0;1;DA;
cel mai bun laptop de gaming;IT si TV;roundup;laptop;1,7;44;6;2;1;DA;
cel mai bun mouse de gaming din lume;IT si TV;roundup;mouse gaming;4,6;44;8;2;1;DA;
cel mai bun mouse gaming;IT si TV;roundup;mouse gaming;4,6;44;5;0;1;DA;
cel mai bun router wifi;IT si TV;roundup;router wifi;7,3;44;5;0;1;DA;
cel mai bun router wifi 7;IT si TV;roundup;router wifi;7,3;44;6;2;1;DA;
cel mai bun scaun de gaming de buget;IT si TV;roundup;scaun gaming;4,6;44;8;2;1;DA;
cel mai bun scaun gaming;IT si TV;roundup;scaun gaming;4,6;44;5;0;1;DA;
cel mai bun smartwatch pentru copii;IT si TV;roundup;smartwatch;2,9;44;6;2;1;DA;
cel mai bun soundbar de buget;IT si TV;roundup;soundbar;3,6;44;6;2;1;DA;
cel mai bun ssd extern;IT si TV;roundup;ssd;2,4;44;5;0;1;DA;
cel mai bun telefon 2026;IT si TV;roundup;telefon;1;44;5;0;1;DA;
cel mai bun televizor 2026;IT si TV;roundup;televizor;1,4;44;5;0;1;DA;
cel mai bun televizor pana in 3000 lei;IT si TV;roundup;televizor;1,4;44;8;2;1;DA;
cele mai bune baby monitor;IT si TV;roundup;monitor;3;44;5;0;1;DA;
cele mai bune casti wireless;IT si TV;roundup;casti wireless;5;44;5;0;1;DA;
cele mai bune casti wireless de buget;IT si TV;roundup;casti wireless;5;44;7;2;1;DA;
cele mai bune laptopuri de gaming;IT si TV;roundup;laptop;1,7;44;6;2;1;DA;
cele mai bune mouse gaming;IT si TV;roundup;mouse gaming;4,6;44;5;0;1;DA;
cele mai bune ssd uri;IT si TV;roundup;ssd;2,4;44;5;0;1;DA;
cele mai bune televizor smart;IT si TV;roundup;televizor;1,4;44;5;0;1;DA;
imprimanta cu laser;IT si TV;segment;imprimanta;2,7;44;3;1;1;DA;
imprimanta ieftina si buna;IT si TV;pret;imprimanta;2,7;44;4;1;1;DA;
imprimanta pentru tricouri;IT si TV;segment;imprimanta;2,7;44;3;1;1;DA;
laptop cu 2 ecrane;IT si TV;segment;laptop;1,7;44;4;3;1;DA;
laptop cu touchscreen;IT si TV;segment;laptop;1,7;44;3;1;1;DA;
laptop ieftin si bun;IT si TV;pret;laptop;1,7;44;4;1;1;DA;
laptop pana in 3000 lei;IT si TV;pret;laptop;1,7;44;5;3;1;DA;
laptop pentru jocuri;IT si TV;segment;laptop;1,7;44;3;1;1;DA;
monitor cu touchscreen;IT si TV;segment;monitor;3;44;3;1;1;DA;
monitor ieftin si bun;IT si TV;pret;monitor;3;44;4;1;1;DA;
monitor pentru laptop;IT si TV;segment;monitor;3;44;3;1;1;DA;
router wifi 6 ieftin;IT si TV;pret;router wifi;7,3;44;4;1;1;DA;
router wifi cu cartela sim orange;IT si TV;segment;router wifi;7,3;44;6;7;1;DA;
scaun gaming cu boxe;IT si TV;segment;scaun gaming;4,6;44;4;3;1;DA;
scaun gaming cu masaj si incalzire;IT si TV;segment;scaun gaming;4,6;44;6;7;1;DA;
scaun gaming cu suport pentru picioare;IT si TV;segment;scaun gaming;4,6;44;6;7;1;DA;
scaun gaming ieftin si bun;IT si TV;pret;scaun gaming;4,6;44;5;3;1;DA;
smartwatch cu sim;IT si TV;segment;smartwatch;2,9;44;3;1;1;DA;
smartwatch ieftin si bun;IT si TV;pret;smartwatch;2,9;44;4;1;1;DA;
smartwatch pentru femei;IT si TV;segment;smartwatch;2,9;44;3;1;1;DA;
soundbar ieftin si bun;IT si TV;pret;soundbar;3,6;44;4;1;1;DA;
soundbar pentru pc;IT si TV;segment;soundbar;3,6;44;3;1;1;DA;
ssd ieftin si bun;IT si TV;pret;ssd;2,4;44;4;1;1;DA;
ssd pentru ps5;IT si TV;segment;ssd;2,4;44;3;1;1;DA;
tastatura gaming mecanica ieftina;IT si TV;pret;tastatura mecanica;4,6;44;4;1;1;DA;
tastatura mecanica cu ecran;IT si TV;segment;tastatura mecanica;4,6;44;4;3;1;DA;
telefon cu butoane mari;IT si TV;segment;telefon;1;44;4;3;1;DA;
telefon cu butoane si whatsapp;IT si TV;segment;telefon;1;44;5;5;1;DA;
telefon cu clapeta;IT si TV;segment;telefon;1;44;3;1;1;DA;
telefon ieftin si bun;IT si TV;pret;telefon;1;44;4;1;1;DA;
telefon pana in 2000 lei;IT si TV;pret;telefon;1;44;5;3;1;DA;
telefon pentru batrani;IT si TV;segment;telefon;1;44;3;1;1;DA;
televizor cu tub;IT si TV;segment;televizor;1,4;44;3;1;1;DA;
televizor pentru camion;IT si TV;segment;televizor;1,4;44;3;1;1;DA;
scaun gaming cu masaj;IT si TV;segment;scaun gaming;4,6;43;4;3,5;1;DA;
telefon cu butoane;IT si TV;segment;telefon;1;43;3;1,5;1;DA;
boxa bluetooth ieftina;IT si TV;pret;boxa bluetooth;3,6;42;3;0;1;DA;
boxa bluetooth pentru telefon;IT si TV;segment;boxa bluetooth;3,6;42;4;4;1;DA;
boxa portabila bluetooth ieftina;IT si TV;pret;boxa bluetooth;3,6;42;4;2;1;DA;
casti wireless cu autonomie mare;IT si TV;segment;casti wireless;5;42;5;6;1;DA;
casti wireless ieftine;IT si TV;pret;casti wireless;5;42;3;0;1;DA;
casti wireless pentru sala;IT si TV;segment;casti wireless;5;42;4;4;1;DA;
cel mai bun laptop de buget;IT si TV;roundup;laptop;1,7;42;6;3;1;DA;
cel mai bun monitor pentru office;IT si TV;roundup;monitor;3;42;6;3;1;DA;
cel mai bun mouse de gaming de buget;IT si TV;roundup;mouse gaming;4,6;42;8;3;1;DA;
cel mai bun router wifi cu cartela sim;IT si TV;roundup;router wifi;7,3;42;8;3;1;DA;
cel mai bun smartwatch medical;IT si TV;roundup;smartwatch;2,9;42;5;1;1;DA;
cel mai bun ssd pentru laptop;IT si TV;roundup;ssd;2,4;42;6;3;1;DA;
cel mai bun televizor pana in 2000 lei;IT si TV;roundup;televizor;1,4;42;8;3;1;DA;
cele mai bune casti wireless over ear;IT si TV;roundup;casti wireless;5;42;7;3;1;DA;
cele mai bune laptopuri 2026;IT si TV;roundup;laptop;1,7;42;5;1;1;DA;
cele mai bune laptopuri second hand;IT si TV;roundup;laptop;1,7;42;6;3;1;DA;
cele mai bune smartwatch dama;IT si TV;roundup;smartwatch;2,9;42;5;1;1;DA;
cele mai bune ssd externe;IT si TV;roundup;ssd;2,4;42;5;1;1;DA;
cele mai bune ssd pentru laptop;IT si TV;roundup;ssd;2,4;42;6;3;1;DA;
imprimanta canon sau brother;IT si TV;comparatie;imprimanta;2,7;42;4;9;1;DA;
imprimanta cu cerneala;IT si TV;segment;imprimanta;2,7;42;3;2;1;DA;
imprimanta epson sau canon;IT si TV;comparatie;imprimanta;2,7;42;4;8;1;DA;
imprimanta pentru etichete;IT si TV;segment;imprimanta;2,7;42;3;2;1;DA;
laptop pana in 1500 lei;IT si TV;pret;laptop;1,7;42;5;4;1;DA;
laptop pentru diagnoza auto;IT si TV;segment;laptop;1,7;42;4;4;1;DA;
laptop pentru gaming;IT si TV;segment;laptop;1,7;42;3;2;1;DA;
monitor cu calculator incorporat;IT si TV;segment;monitor;3;42;4;4;1;DA;
mouse gaming ieftin;IT si TV;pret;mouse gaming;4,6;42;3;0;1;DA;
mouse gaming wireless ieftin;IT si TV;pret;mouse gaming;4,6;42;4;2;1;DA;
router wifi 6 digi pareri;IT si TV;recenzie;router wifi;7,3;42;5;2;1;DA;
router wifi ieftin;IT si TV;pret;router wifi;7,3;42;3;0;1;DA;
scaun de gaming pentru fete;IT si TV;segment;scaun gaming;4,6;42;5;6;1;DA;
scaun gaming cu ventilatie;IT si TV;segment;scaun gaming;4,6;42;4;4;1;DA;
scaun gaming cu volan si pedale;IT si TV;segment;scaun gaming;4,6;42;6;8;1;DA;
scaun gaming dr shield pareri;IT si TV;recenzie;scaun gaming;4,6;42;5;2;1;DA;
scaun gaming ieftin;IT si TV;pret;scaun gaming;4,6;42;3;0;1;DA;
scaun gaming pentru coloana;IT si TV;segment;scaun gaming;4,6;42;4;4;1;DA;
smartwatch cu nfc;IT si TV;segment;smartwatch;2,9;42;3;2;1;DA;
smartwatch pentru iphone;IT si TV;segment;smartwatch;2,9;42;3;2;1;DA;
soundbar pentru masina;IT si TV;segment;soundbar;3,6;42;3;2;1;DA;
ssd pentru pc;IT si TV;segment;ssd;2,4;42;3;2;1;DA;
tastatura mecanica cu switch uri magnetice;IT si TV;segment;tastatura mecanica;4,6;42;6;9;1;DA;
tastatura mecanica ieftina;IT si TV;pret;tastatura mecanica;4,6;42;3;0;1;DA;
telefon cu butoane nokia;IT si TV;segment;telefon;1;42;4;4;1;DA;
telefon pana in 300 lei;IT si TV;pret;telefon;1;42;5;4;1;DA;
telefon pentru copii de 10 ani;IT si TV;segment;telefon;1;42;6;8;1;DA;
telefon pentru seniori;IT si TV;segment;telefon;1;42;3;2;1;DA;
televizor cu internet;IT si TV;segment;televizor;1,4;42;3;2;1;DA;
televizor ieftin 80 cm;IT si TV;pret;televizor;1,4;42;4;2;1;DA;
televizor pentru terasa;IT si TV;segment;televizor;1,4;42;3;2;1;DA;
boxa bluetooth cu bass puternic;IT si TV;segment;boxa bluetooth;3,6;40;5;7;1;DA;
boxa bluetooth cu lumini;IT si TV;segment;boxa bluetooth;3,6;40;4;5;1;DA;
casti wireless cu afisaj electronic;IT si TV;segment;casti wireless;5;40;5;7;1;DA;
casti wireless pentru somn;IT si TV;segment;casti wireless;5;40;4;5;1;DA;
casti wireless rotter pareri;IT si TV;recenzie;casti wireless;5;40;4;1;1;DA;
cel mai bun laptop din lume;IT si TV;roundup;laptop;1,7;40;6;4;1;DA;
cel mai bun mouse de gaming cu fir;IT si TV;roundup;mouse gaming;4,6;40;8;4;1;DA;
cel mai bun router wifi 2025;IT si TV;roundup;router wifi;7,3;40;6;4;1;DA;
cel mai bun smartwatch pentru femei;IT si TV;roundup;smartwatch;2,9;40;6;4;1;DA;
cel mai bun ssd m2;IT si TV;roundup;ssd;2,4;40;5;2;1;DA;
cel mai bun ssd pentru gaming;IT si TV;roundup;ssd;2,4;40;6;4;1;DA;
cele mai bune smartwatch barbati;IT si TV;roundup;smartwatch;2,9;40;5;2;1;DA;
cele mai bune ssd m2;IT si TV;roundup;ssd;2,4;40;5;2;1;DA;
imprimanta pentru telefon;IT si TV;segment;imprimanta;2,7;40;3;3;1;DA;
laptop pana in 2500 lei;IT si TV;pret;laptop;1,7;40;5;5;1;DA;
laptop pentru scoala;IT si TV;segment;laptop;1,7;40;3;3;1;DA;
monitor cu tub;IT si TV;segment;monitor;3;40;3;3;1;DA;
monitor pentru calculator;IT si TV;segment;monitor;3;40;3;3;1;DA;
router wifi 6 pareri;IT si TV;recenzie;router wifi;7,3;40;4;1;1;DA;
scaun gaming cu monitor;IT si TV;segment;scaun gaming;4,6;40;4;5;1;DA;
scaun gaming genator pareri;IT si TV;recenzie;scaun gaming;4,6;40;4;1;1;DA;
smartwatch cu esim;IT si TV;segment;smartwatch;2,9;40;3;3;1;DA;
smartwatch ieftin cu nfc;IT si TV;pret;smartwatch;2,9;40;4;3;1;DA;
soundbar cu radio;IT si TV;segment;soundbar;3,6;40;3;3;1;DA;
ssd ieftin second hand;IT si TV;pret;ssd;2,4;40;4;3;1;DA;
ssd pentru nas;IT si TV;segment;ssd;2,4;40;3;3;1;DA;
telefon ieftin si bun 2026;IT si TV;pret;telefon;1;40;5;5;1;DA;
telefon pana in 1500 lei;IT si TV;pret;telefon;1;40;5;5;1;DA;
telefon pentru nevazatori;IT si TV;segment;telefon;1;40;3;3;1;DA;
telefon pentru persoane cu dizabilitati;IT si TV;segment;telefon;1;40;5;7;1;DA;
televizor pentru rulota;IT si TV;segment;televizor;1,4;40;3;3;1;DA;
bluetooth pentru boxa activa;IT si TV;segment;boxa bluetooth;3,6;38;4;6;1;DA;
boxa bluetooth cu ecran;IT si TV;segment;boxa bluetooth;3,6;38;4;6;1;DA;
boxa bluetooth cu incarcare wireless;IT si TV;segment;boxa bluetooth;3,6;38;5;8;1;DA;
casti gaming wireless ieftine;IT si TV;pret;casti wireless;5;38;4;4;1;DA;
casti wireless cu microfon bun;IT si TV;segment;casti wireless;5;38;5;8;1;DA;
casti wireless pareri;IT si TV;recenzie;casti wireless;5;38;3;0;1;DA;
casti wireless pentru calculator;IT si TV;segment;casti wireless;5;38;4;6;1;DA;
casti wireless pepco pareri;IT si TV;recenzie;casti wireless;5;38;4;2;1;DA;
cel mai bun mouse de gaming logitech;IT si TV;roundup;mouse gaming;4,6;38;7;5;1;DA;
cel mai bun router wifi digi;IT si TV;roundup;router wifi;7,3;38;6;5;1;DA;
cel mai bun smartwatch barbati;IT si TV;roundup;smartwatch;2,9;38;5;3;1;DA;
cel mai bun soundbar 2025;IT si TV;roundup;soundbar;3,6;38;5;3;1;DA;
cel mai bun soundbar pentru muzica;IT si TV;roundup;soundbar;3,6;38;6;5;1;DA;
cel mai bun televizor smart;IT si TV;roundup;televizor;1,4;38;5;3;1;DA;
cele mai bune casti wireless sport;IT si TV;roundup;casti wireless;5;38;6;5;1;DA;
cele mai bune laptopuri pentru studenti;IT si TV;roundup;laptop;1,7;38;6;5;1;DA;
cele mai bune smartwatch copii;IT si TV;roundup;smartwatch;2,9;38;5;3;1;DA;
imprimanta cu rezervor de cerneala;IT si TV;segment;imprimanta;2,7;38;5;8;1;DA;
imprimanta cu toner;IT si TV;segment;imprimanta;2,7;38;3;4;1;DA;
imprimanta ieftina;IT si TV;pret;imprimanta;2,7;38;2;0;1;DA;
imprimanta pentru tatuaje;IT si TV;segment;imprimanta;2,7;38;3;4;1;DA;
laptop cu placa video dedicata;IT si TV;segment;laptop;1,7;38;5;9;1;DA;
laptop gaming pana in 2000 lei;IT si TV;pret;laptop;1,7;38;6;9;1;DA;
laptop ieftin;IT si TV;pret;laptop;1,7;38;2;0;1;DA;
laptop pana in 3500 lei;IT si TV;pret;laptop;1,7;38;5;6;1;DA;
laptop pentru editare video;IT si TV;segment;laptop;1,7;38;4;6;1;DA;
monitor ieftin;IT si TV;pret;monitor;3;38;2;0;1;DA;
monitor ieftin hdmi;IT si TV;pret;monitor;3;38;3;2;1;DA;
monitor pentru ps5;IT si TV;segment;monitor;3;38;3;4;1;DA;
mouse gaming pareri;IT si TV;recenzie;mouse gaming;4,6;38;3;0;1;DA;
router wifi cu fibra optica;IT si TV;segment;router wifi;7,3;38;5;8;1;DA;
router wifi cu sim 5g;IT si TV;segment;router wifi;7,3;38;5;9;1;DA;
router wifi pareri;IT si TV;recenzie;router wifi;7,3;38;3;0;1;DA;
scaun gaming pareri;IT si TV;recenzie;scaun gaming;4,6;38;3;0;1;DA;
smartwatch cu bratara metalica;IT si TV;segment;smartwatch;2,9;38;4;6;1;DA;
smartwatch ieftin;IT si TV;pret;smartwatch;2,9;38;2;0;1;DA;
smartwatch pentru barbati;IT si TV;segment;smartwatch;2,9;38;3;4;1;DA;
smartwatch pentru tensiunea arteriala;IT si TV;segment;smartwatch;2,9;38;4;6;1;DA;
soundbar cu subwoofer sharp;IT si TV;segment;soundbar;3,6;38;4;6;1;DA;
soundbar ieftin;IT si TV;pret;soundbar;3,6;38;2;0;1;DA;
soundbar pentru monitor;IT si TV;segment;soundbar;3,6;38;3;4;1;DA;
soundbar tv ieftin;IT si TV;pret;soundbar;3,6;38;3;2;1;DA;
ssd ieftin;IT si TV;pret;ssd;2,4;38;2;0;1;DA;
ssd ieftin 1tb;IT si TV;pret;ssd;2,4;38;3;2;1;DA;
ssd pentru dvr;IT si TV;segment;ssd;2,4;38;3;4;1;DA;
telefon pana in 600 lei;IT si TV;pret;telefon;1;38;5;6;1;DA;
telefon pentru copii mici;IT si TV;segment;telefon;1;38;4;6;1;DA;
telefon pentru jocuri;IT si TV;segment;telefon;1;38;3;4;1;DA;
telefon sau educacio;IT si TV;comparatie;telefon;1;38;3;8;1;DA;
televizor cu leduri in spate;IT si TV;segment;televizor;1,4;38;5;9;1;DA;
televizor ieftin;IT si TV;pret;televizor;1,4;38;2;0;1;DA;
televizor pentru bucatarie;IT si TV;segment;televizor;1,4;38;3;4;1;DA;
baby monitor pareri;IT si TV;recenzie;monitor;3;36;3;1;1;DA;
bluetooth pentru boxa;IT si TV;segment;boxa bluetooth;3,6;36;3;5;1;DA;
casti wireless bune pareri;IT si TV;recenzie;casti wireless;5;36;4;3;1;DA;
cel mai bun monitor pentru ps5;IT si TV;roundup;monitor;3;36;6;6;1;DA;
cel mai bun ssd pentru ps5;IT si TV;roundup;ssd;2,4;36;6;6;1;DA;
cel mai bun televizor ieftin;IT si TV;roundup;televizor;1,4;36;5;4;1;DA;
cele mai bune casti wireless pentru muzica;IT si TV;roundup;casti wireless;5;36;7;6;1;DA;
cele mai bune laptopuri 2025;IT si TV;roundup;laptop;1,7;36;5;4;1;DA;
cele mai bune laptopuri pana in 2500 lei;IT si TV;roundup;laptop;1,7;36;8;6;1;DA;
cele mai bune smartwatch 2026;IT si TV;roundup;smartwatch;2,9;36;5;4;1;DA;
cele mai bune smartwatch de buget;IT si TV;roundup;smartwatch;2,9;36;6;6;1;DA;
imprimanta cu cartuse reincarcabile;IT si TV;segment;imprimanta;2,7;36;4;7;1;DA;
imprimanta cu xerox;IT si TV;segment;imprimanta;2,7;36;3;5;1;DA;
imprimanta pentru tort;IT si TV;segment;imprimanta;2,7;36;3;5;1;DA;
laptop cu cd rom;IT si TV;segment;laptop;1,7;36;4;7;1;DA;
laptop cu mouse;IT si TV;segment;laptop;1,7;36;3;5;1;DA;
laptop pana in 4000 lei;IT si TV;pret;laptop;1,7;36;5;7;1;DA;
laptop pentru piese;IT si TV;segment;laptop;1,7;36;3;5;1;DA;
monitor cu hdmi;IT si TV;segment;monitor;3;36;3;5;1;DA;
monitor pentru telefon;IT si TV;segment;monitor;3;36;3;5;1;DA;
scaun pentru gaming;IT si TV;segment;scaun gaming;4,6;36;3;5;1;DA;
smartwatch cu tensiometru;IT si TV;segment;smartwatch;2,9;36;3;5;1;DA;
smartwatch pareri forum;IT si TV;recenzie;smartwatch;2,9;36;3;1;1;DA;
soundbar pareri forum;IT si TV;recenzie;soundbar;3,6;36;3;1;1;DA;
soundbar pentru muzica;IT si TV;segment;soundbar;3,6;36;3;5;1;DA;
ssd pentru xbox;IT si TV;segment;ssd;2,4;36;3;5;1;DA;
tastatura mecanica cu lumini;IT si TV;segment;tastatura mecanica;4,6;36;4;7;1;DA;
telefon pana in 3000 lei;IT si TV;pret;telefon;1;36;5;7;1;DA;
telefon pentru gaming;IT si TV;segment;telefon;1;36;3;5;1;DA;
televizor cu lampi;IT si TV;segment;televizor;1,4;36;3;5;1;DA;
televizor ieftin 100 cm;IT si TV;pret;televizor;1,4;36;4;5;1;DA;
televizor ieftin smart;IT si TV;pret;televizor;1,4;36;3;3;1;DA;
televizor pentru masina;IT si TV;segment;televizor;1,4;36;3;5;1;DA;
boxa bluetooth cu display;IT si TV;segment;boxa bluetooth;3,6;34;4;9;1;DA;
casti wireless cu traducere;IT si TV;segment;casti wireless;5;34;4;9;1;DA;
casti wireless guess pareri;IT si TV;recenzie;casti wireless;5;34;4;4;1;DA;
casti wireless in ear ieftine;IT si TV;pret;casti wireless;5;34;5;8;1;DA;
casti wireless jbl ieftine;IT si TV;pret;casti wireless;5;34;4;6;1;DA;
casti wireless pentru telefon;IT si TV;segment;casti wireless;5;34;4;9;1;DA;
cel mai bun laptop pentru studenti;IT si TV;roundup;laptop;1,7;34;6;7;1;DA;
cel mai bun monitor de gaming de buget;IT si TV;roundup;monitor;3;34;8;7;1;DA;
cel mai bun monitor portabil;IT si TV;roundup;monitor;3;34;5;5;1;DA;
cel mai bun smartwatch cu sim pentru copii;IT si TV;roundup;smartwatch;2,9;34;8;7;1;DA;
cel mai bun smartwatch ieftin;IT si TV;roundup;smartwatch;2,9;34;5;5;1;DA;
cel mai bun ssd sata;IT si TV;roundup;ssd;2,4;34;5;5;1;DA;
cel mai bun telefon honor;IT si TV;roundup;telefon;1;34;5;5;1;DA;
cele mai bune casti wireless gaming;IT si TV;roundup;casti wireless;5;34;6;7;1;DA;
cele mai bune laptopuri pana in 3000 lei;IT si TV;roundup;laptop;1,7;34;8;7;1;DA;
cele mai bune smartwatch 2025;IT si TV;roundup;smartwatch;2,9;34;5;5;1;DA;
imprimanta cu bluetooth;IT si TV;segment;imprimanta;2,7;34;3;6;1;DA;
imprimanta ieftina color;IT si TV;pret;imprimanta;2,7;34;3;4;1;DA;
imprimanta pareri;IT si TV;recenzie;imprimanta;2,7;34;2;0;1;DA;
imprimanta pentru stickere;IT si TV;segment;imprimanta;2,7;34;3;6;1;DA;
laptop cu cd;IT si TV;segment;laptop;1,7;34;3;6;1;DA;
laptop ieftin cu windows instalat;IT si TV;pret;laptop;1,7;34;5;9;1;DA;
laptop ieftin second hand;IT si TV;pret;laptop;1,7;34;4;6;1;DA;
laptop pareri;IT si TV;recenzie;laptop;1,7;34;2;0;1;DA;
monitor dahua pareri;IT si TV;recenzie;monitor;3;34;3;2;1;DA;
monitor ieftin gaming;IT si TV;pret;monitor;3;34;3;4;1;DA;
monitor pentru camere video;IT si TV;segment;monitor;3;34;4;9;1;DA;
monitor pentru editare video;IT si TV;segment;monitor;3;34;4;8;1;DA;
monitor pentru masina;IT si TV;segment;monitor;3;34;3;6;1;DA;
scaun gaming cu leduri;IT si TV;segment;scaun gaming;4,6;34;4;9;1;DA;
smartwatch cu sim copii;IT si TV;segment;smartwatch;2,9;34;4;9;1;DA;
smartwatch pareri;IT si TV;recenzie;smartwatch;2,9;34;2;0;1;DA;
soundbar pareri;IT si TV;recenzie;soundbar;3,6;34;2;0;1;DA;
ssd cu windows 10;IT si TV;segment;ssd;2,4;34;4;8;1;DA;
ssd extern pareri;IT si TV;recenzie;ssd;2,4;34;3;2;1;DA;
ssd pareri;IT si TV;recenzie;ssd;2,4;34;2;0;1;DA;
ssd pentru nvr;IT si TV;segment;ssd;2,4;34;3;6;1;DA;
suport soundbar pentru tv;IT si TV;segment;soundbar;3,6;34;4;9;1;DA;
tastatura mecanica cu mouse;IT si TV;segment;tastatura mecanica;4,6;34;4;8;1;DA;
telefon cu disc;IT si TV;segment;telefon;1;34;3;6;1;DA;
telefon pana in 200 lei;IT si TV;pret;telefon;1;34;5;8;1;DA;
telefon pana in 700 lei;IT si TV;pret;telefon;1;34;5;9;1;DA;
telefon pareri;IT si TV;recenzie;telefon;1;34;2;0;1;DA;
televizor pareri;IT si TV;recenzie;televizor;1,4;34;2;0;1;DA;
televizor pentru copii;IT si TV;segment;televizor;1,4;34;3;6;1;DA;
casti jbl wireless pareri;IT si TV;recenzie;casti wireless;5;32;4;5;1;DA;
casti wireless in ear pareri;IT si TV;recenzie;casti wireless;5;32;5;7;1;DA;
cel mai bun hard extern ssd;IT si TV;roundup;ssd;2,4;32;6;9;1;DA;
cel mai bun laptop business;IT si TV;roundup;laptop;1,7;32;5;6;1;DA;
cel mai bun laptop pentru diagnoza auto;IT si TV;roundup;laptop;1,7;32;7;8;1;DA;
cel mai bun laptop sub 2000 lei;IT si TV;roundup;laptop;1,7;32;7;9;1;DA;
cel mai bun monitor pentru cs2;IT si TV;roundup;monitor;3;32;6;9;1;DA;
cel mai bun smartwatch 2026;IT si TV;roundup;smartwatch;2,9;32;5;6;1;DA;
cel mai bun smartwatch cu esim;IT si TV;roundup;smartwatch;2,9;32;6;9;1;DA;
cel mai bun smartwatch pentru copii cu gps;IT si TV;roundup;smartwatch;2,9;32;8;8;1;DA;
cel mai bun soundbar 2026;IT si TV;roundup;soundbar;3,6;32;5;6;1;DA;
cel mai bun soundbar din lume;IT si TV;roundup;soundbar;3,6;32;6;9;1;DA;
cel mai bun telefon din lume;IT si TV;roundup;telefon;1;32;6;8;1;DA;
cel mai bun televizor oled 2025;IT si TV;roundup;televizor;1,4;32;6;9;1;DA;
cel mai bun televizor sony;IT si TV;roundup;televizor;1,4;32;5;6;1;DA;
cele mai bune casti wireless ieftine;IT si TV;roundup;casti wireless;5;32;6;9;1;DA;
cele mai bune casti wireless on ear ieftine;IT si TV;roundup;casti wireless;5;32;8;8;1;DA;
cele mai bune laptopuri pentru arhitectura;IT si TV;roundup;laptop;1,7;32;6;8;1;DA;
imprimanta ieftina hp;IT si TV;pret;imprimanta;2,7;32;3;5;1;DA;
imprimanta pentru invitatii;IT si TV;segment;imprimanta;2,7;32;3;7;1;DA;
laptop ieftin nou;IT si TV;pret;laptop;1,7;32;3;5;1;DA;
laptop pentru birou;IT si TV;segment;laptop;1,7;32;3;7;1;DA;
monitor fetal doppler pareri;IT si TV;recenzie;monitor;3;32;4;5;1;DA;
monitor gaming pareri;IT si TV;recenzie;monitor;3;32;3;3;1;DA;
monitor pentru pc;IT si TV;segment;monitor;3;32;3;7;1;DA;
scaun birou gaming ieftin;IT si TV;pret;scaun gaming;4,6;32;4;7;1;DA;
smartwatch-uri ieftine si bune;IT si TV;pret;smartwatch;2,9;32;4;7;1;DA;
soundbar pentru calculator;IT si TV;segment;soundbar;3,6;32;3;7;1;DA;
ssd extern ieftin;IT si TV;pret;ssd;2,4;32;3;5;1;DA;
ssd pentru iphone;IT si TV;segment;ssd;2,4;32;3;7;1;DA;
ssd verbatim pareri;IT si TV;recenzie;ssd;2,4;32;3;3;1;DA;
telefon cu pix;IT si TV;segment;telefon;1;32;3;7;1;DA;
telefon ieftin cu butoane;IT si TV;pret;telefon;1;32;4;7;1;DA;
televizor cu netflix;IT si TV;segment;televizor;1,4;32;3;7;1;DA;
televizor ieftin 108 cm;IT si TV;pret;televizor;1,4;32;4;7;1;DA;
televizor pentru baie;IT si TV;segment;televizor;1,4;32;3;7;1;DA;
casti gaming wireless pareri;IT si TV;recenzie;casti wireless;5;30;4;6;1;DA;
ceas smartwatch ieftin;IT si TV;pret;smartwatch;2,9;30;3;6;1;DA;
cel mai bun ssd intern;IT si TV;roundup;ssd;2,4;30;5;7;1;DA;
cel mai bun telefon oppo;IT si TV;roundup;telefon;1;30;5;7;1;DA;
cel mai bun televizor oled;IT si TV;roundup;televizor;1,4;30;5;7;1;DA;
imprimanta cu ciss;IT si TV;segment;imprimanta;2,7;30;3;9;1;DA;
imprimanta pantum pareri;IT si TV;recenzie;imprimanta;2,7;30;3;4;1;DA;
imprimanta pentru acasa;IT si TV;segment;imprimanta;2,7;30;3;8;1;DA;
imprimanta pentru unghii;IT si TV;segment;imprimanta;2,7;30;3;9;1;DA;
laptop pentru facultate;IT si TV;segment;laptop;1,7;30;3;8;1;DA;
laptop pentru office;IT si TV;segment;laptop;1,7;30;3;9;1;DA;
monitor curbat pareri;IT si TV;recenzie;monitor;3;30;3;4;1;DA;
monitor ieftin second hand;IT si TV;pret;monitor;3;30;4;8;1;DA;
monitor ieftin sh;IT si TV;pret;monitor;3;30;3;6;1;DA;
scaun gaming alb ieftin;IT si TV;pret;scaun gaming;4,6;30;4;9;1;DA;
scaun gaming roz ieftin;IT si TV;pret;scaun gaming;4,6;30;4;8;1;DA;
smartwatch cu gps;IT si TV;segment;smartwatch;2,9;30;3;8;1;DA;
smartwatch pentru inot;IT si TV;segment;smartwatch;2,9;30;3;8;1;DA;
soundbar bose pareri;IT si TV;recenzie;soundbar;3,6;30;3;4;1;DA;
soundbar cu microfon;IT si TV;segment;soundbar;3,6;30;3;8;1;DA;
soundbar pentru exterior;IT si TV;segment;soundbar;3,6;30;3;8;1;DA;
ssd crucial pareri;IT si TV;recenzie;ssd;2,4;30;3;4;1;DA;
ssd cu dram;IT si TV;segment;ssd;2,4;30;3;9;1;DA;
ssd m2 ieftin;IT si TV;pret;ssd;2,4;30;3;6;1;DA;
ssd pentru ps4;IT si TV;segment;ssd;2,4;30;3;8;1;DA;
ssd pentru telefon;IT si TV;segment;ssd;2,4;30;3;9;1;DA;
telefon cu proiector;IT si TV;segment;telefon;1;30;3;8;1;DA;
telefon ieftin;IT si TV;pret;telefon;1;30;2;4;1;DA;
telefon pentru constructii;IT si TV;segment;telefon;1;30;3;9;1;DA;
televizor cu touchscreen;IT si TV;segment;televizor;1,4;30;3;8;1;DA;
televizor ieftin carrefour;IT si TV;pret;televizor;1,4;30;3;6;1;DA;
televizor ieftin si bun;IT si TV;pret;televizor;1,4;30;4;9;1;DA;
televizor pentru gaming;IT si TV;segment;televizor;1,4;30;3;9;1;DA;
televizor pentru perete;IT si TV;segment;televizor;1,4;30;3;8;1;DA;
top casti wireless ieftine;IT si TV;roundup;casti wireless;5;30;4;5;1;DA;
cel mai bun monitor curbat;IT si TV;roundup;monitor;3;28;5;8;1;DA;
cel mai bun soundbar sony;IT si TV;roundup;soundbar;3,6;28;5;8;1;DA;
cel mai bun ssd 1tb;IT si TV;roundup;ssd;2,4;28;5;8;1;DA;
cel mai bun televizor 2025;IT si TV;roundup;televizor;1,4;28;5;8;1;DA;
cele mai bune laptopuri ieftine;IT si TV;roundup;laptop;1,7;28;5;9;1;DA;
cele mai bune smartwatch huawei;IT si TV;roundup;smartwatch;2,9;28;5;9;1;DA;
cele mai bune smartwatch ieftine;IT si TV;roundup;smartwatch;2,9;28;5;8;1;DA;
imprimanta buna pareri;IT si TV;recenzie;imprimanta;2,7;28;3;5;1;DA;
imprimanta ieftina laser;IT si TV;pret;imprimanta;2,7;28;3;7;1;DA;
laptop ieftin gaming;IT si TV;pret;laptop;1,7;28;3;7;1;DA;
smartwatch lumaudio pareri;IT si TV;recenzie;smartwatch;2,9;28;3;5;1;DA;
soundbar bun pareri;IT si TV;recenzie;soundbar;3,6;28;3;5;1;DA;
ssd kingston pareri;IT si TV;recenzie;ssd;2,4;28;3;5;1;DA;
ssd sata ieftin;IT si TV;pret;ssd;2,4;28;3;7;1;DA;
cel mai bun imprimanta;IT si TV;roundup;imprimanta;2,7;26;4;0;1;DA;
cel mai bun smartwatch;IT si TV;roundup;smartwatch;2,9;26;4;0;1;DA;
cel mai bun soundbar;IT si TV;roundup;soundbar;3,6;26;4;0;1;DA;
cele mai bune laptopuri;IT si TV;roundup;laptop;1,7;26;4;0;1;DA;
cele mai bune smartwatch;IT si TV;roundup;smartwatch;2,9;26;4;0;1;DA;
cele mai bune soundbar-uri;IT si TV;roundup;soundbar;3,6;26;4;0;1;DA;
imprimanta color pareri;IT si TV;recenzie;imprimanta;2,7;26;3;6;1;DA;
imprimanta ieftina epson;IT si TV;pret;imprimanta;2,7;26;3;8;1;DA;
imprimanta ieftina flanco;IT si TV;pret;imprimanta;2,7;26;3;9;1;DA;
laptop ieftin lenovo;IT si TV;pret;laptop;1,7;26;3;8;1;DA;
smartwatch barbati ieftine;IT si TV;pret;smartwatch;2,9;26;3;8;1;DA;
smartwatch copii ieftin;IT si TV;pret;smartwatch;2,9;26;3;9;1;DA;
smartwatch iquality pareri;IT si TV;recenzie;smartwatch;2,9;26;3;6;1;DA;
soundbar bose 900 pareri;IT si TV;recenzie;soundbar;3,6;26;4;9;1;DA;
ssd laptop ieftin;IT si TV;pret;ssd;2,4;26;3;9;1;DA;
ssd lexar pareri;IT si TV;recenzie;ssd;2,4;26;3;6;1;DA;
telefon ieftin flanco;IT si TV;pret;telefon;1;26;3;8;1;DA;
telefon ieftin ihunt;IT si TV;pret;telefon;1;26;3;9;1;DA;
cel mai bun laptop;IT si TV;roundup;laptop;1,7;24;4;1;1;DA;
cel mai bun ssd;IT si TV;roundup;ssd;2,4;24;4;1;1;DA;
cel mai bun telefon;IT si TV;roundup;telefon;1;24;4;1;1;DA;
cel mai bun televizor;IT si TV;roundup;televizor;1,4;24;4;1;1;DA;
imprimanta termica pareri;IT si TV;recenzie;imprimanta;2,7;24;3;7;1;DA;
smartwatch techone pareri;IT si TV;recenzie;smartwatch;2,9;24;3;7;1;DA;
soundbar jbl pareri;IT si TV;recenzie;soundbar;3,6;24;3;7;1;DA;
televizor hyundai pareri;IT si TV;recenzie;televizor;1,4;24;3;7;1;DA;
cel mai bun monitor;IT si TV;roundup;monitor;3;22;4;2;1;DA;
imprimanta laser pareri;IT si TV;recenzie;imprimanta;2,7;22;3;8;1;DA;
imprimanta multifunctionala pareri;IT si TV;recenzie;imprimanta;2,7;22;3;9;1;DA;
smartwatch bun pareri;IT si TV;recenzie;smartwatch;2,9;22;3;9;1;DA;
televizor jvc pareri;IT si TV;recenzie;televizor;1,4;22;3;9;1;DA;
televizor kivi pareri;IT si TV;recenzie;televizor;1,4;22;3;8;1;DA;
cat consuma un fotoliu de masaj;Mobila;informational;fotoliu;5,6;72;6;0;1;DA;
cat consuma un ventilator de birou;Mobila;informational;birou;5,6;72;6;0;1;DA;
cat consuma o patura electrica;Mobila;informational;pat;5,6;68;5;0;1;DA;
cat consuma o saltea electrica;Mobila;informational;saltea;7,1;68;5;0;1;DA;
cat curent consuma o patura electrica;Mobila;informational;pat;5,6;68;6;2;1;DA;
cat consuma o saltea antiescare;Mobila;informational;saltea;7,1;66;5;1;1;DA;
cat consuma un nissan patrol;Mobila;informational;pat;5,6;66;5;1;1;DA;
fotoliu masaj komoder sau masatto;Mobila;comparatie;fotoliu;5,6;62;5;0;1;DA;
saltea ferma sau extra ferma;Mobila;comparatie;saltea;7,1;58;5;2;1;DA;
saltea moale sau tare pentru spate;Mobila;comparatie;saltea;7,1;58;6;4;1;DA;
sef birou sau sef serviciu;Mobila;comparatie;birou;5,6;58;5;2;1;DA;
topper saltea pentru dureri de spate;Mobila;segment;topper saltea;7,1;58;6;0;1;DA;
saltea cu arcuri sau cu spuma;Mobila;comparatie;saltea;7,1;56;6;5;1;DA;
birou sau biroul;Mobila;comparatie;birou;5,6;54;3;0;1;DA;
canapea extensibila pentru dormit zilnic;Mobila;segment;canapea extensibila;5,6;54;5;0;1;DA;
comoda sau servanta;Mobila;comparatie;comoda;5,6;54;3;0;1;DA;
dulap sau sifonier;Mobila;comparatie;dulap;5,6;54;3;0;1;DA;
masa bucatarie pentru spatii mici;Mobila;segment;masa de bucatarie;5,6;54;5;0;1;DA;
masa de bucatarie cu 6 scaune;Mobila;segment;masa de bucatarie;5,6;54;6;2;1;DA;
pat sau canapea in garsoniera;Mobila;comparatie;pat;5,6;54;5;4;1;DA;
saltea sau topper;Mobila;comparatie;saltea;7,1;54;3;0;1;DA;
scaun de birou cu suport de picioare;Mobila;segment;scaun de birou;5,6;54;7;2;1;DA;
scaun de birou pentru copii;Mobila;segment;scaun de birou;5,6;54;5;0;1;DA;
topper saltea cu gel de racire;Mobila;segment;topper saltea;7,1;54;6;2;1;DA;
topper sau saltea;Mobila;comparatie;topper saltea;7,1;54;3;0;1;DA;
biblioteca sau biblioteca;Mobila;comparatie;biblioteca;5,6;53;3;0,5;1;DA;
masa de bucatarie cu scaune;Mobila;segment;masa de bucatarie;5,6;53;5;0,5;1;DA;
canapea extensibila cu lada depozitare;Mobila;segment;canapea extensibila;5,6;52;5;1;1;DA;
dulap sau dulapuri;Mobila;comparatie;dulap;5,6;52;3;1;1;DA;
oficiu sau birou;Mobila;comparatie;birou;5,6;52;3;1;1;DA;
saltea spuma sau arcuri;Mobila;comparatie;saltea;7,1;52;4;3;1;DA;
scaun de birou cu masaj si incalzire;Mobila;segment;scaun de birou;5,6;52;7;3;1;DA;
scaun de birou cu rotile;Mobila;segment;scaun de birou;5,6;52;5;1;1;DA;
scaun de birou pentru fete;Mobila;segment;scaun de birou;5,6;52;5;1;1;DA;
biblioteca sau librarie;Mobila;comparatie;biblioteca;5,6;50;3;2;1;DA;
canapea extensibila cu saltea relaxa;Mobila;segment;canapea extensibila;5,6;50;5;2;1;DA;
dressing sau dulap;Mobila;comparatie;dulap;5,6;50;3;2;1;DA;
dulap pantofi pentru exterior;Mobila;segment;dulap pantofi;5,6;50;4;0;1;DA;
dulap pentru masina de spalat si uscator;Mobila;segment;dulap;5,6;50;7;4;1;DA;
dulap pentru pantofi tip bancheta;Mobila;segment;dulap pantofi;5,6;50;5;2;1;DA;
masa de bucatarie cu scaune jysk;Mobila;segment;masa de bucatarie;5,6;50;6;4;1;DA;
masa de lemn pentru bucatarie;Mobila;segment;masa de bucatarie;5,6;50;5;2;1;DA;
pat cu tablie pana in tavan;Mobila;segment;pat;5,6;50;6;4;1;DA;
pat sau canapea;Mobila;comparatie;pat;5,6;50;3;2;1;DA;
saltea spuma sau arcuri forum;Mobila;comparatie;saltea;7,1;50;5;6;1;DA;
scaun de birou cu suport lombar;Mobila;segment;scaun de birou;5,6;50;6;4;1;DA;
scaun de birou ieftin si bun;Mobila;pret;scaun de birou;5,6;50;6;2;1;DA;
scaun de birou pentru coloana;Mobila;segment;scaun de birou;5,6;50;5;2;1;DA;
topper saltea cu elastic;Mobila;segment;topper saltea;7,1;50;4;0;1;DA;
masa de bucatarie cu 4 scaune;Mobila;segment;masa de bucatarie;5,6;49;6;4,5;1;DA;
biblioteca pentru copii ion creanga;Mobila;segment;biblioteca;5,6;48;5;3;1;DA;
birou sau birou;Mobila;comparatie;birou;5,6;48;3;3;1;DA;
canapea extensibila pentru dormit;Mobila;segment;canapea extensibila;5,6;48;4;1;1;DA;
cel mai bun fotoliu de masaj;Mobila;roundup;fotoliu;5,6;48;6;0;1;DA;
cel mai bun pate de porc;Mobila;roundup;pat;5,6;48;6;0;1;DA;
cel mai bun scaun de birou;Mobila;roundup;scaun de birou;5,6;48;6;0;1;DA;
cele mai bune dulapuri de haine;Mobila;roundup;dulap;5,6;48;6;0;1;DA;
dulap pantofi cu bancheta;Mobila;segment;dulap pantofi;5,6;48;4;1;1;DA;
dulap pentru pantofi;Mobila;segment;dulap;5,6;48;3;1;2;DA;
masa bucatarie pentru coltar;Mobila;segment;masa de bucatarie;5,6;48;4;1;1;DA;
masa de bucatarie mai ieftina;Mobila;pret;masa de bucatarie;5,6;48;5;1;1;DA;
masa de sticla pentru bucatarie;Mobila;segment;masa de bucatarie;5,6;48;5;3;1;DA;
pat cu somiera rabatabila;Mobila;segment;pat;5,6;48;4;1;1;DA;
pat cu spatar pana in tavan;Mobila;segment;pat;5,6;48;6;5;1;DA;
saltea tare sau moale;Mobila;comparatie;saltea;7,1;48;4;5;1;DA;
scaun de birou cu roti de silicon;Mobila;segment;scaun de birou;5,6;48;7;5;1;DA;
scaun de birou pentru fetite;Mobila;segment;scaun de birou;5,6;48;5;3;1;DA;
scaun de birou special pentru coloana;Mobila;segment;scaun de birou;5,6;48;6;5;1;DA;
topper pentru saltea cu elastic;Mobila;segment;topper saltea;7,1;48;5;3;1;DA;
topper saltea cu elastic 140x200;Mobila;segment;topper saltea;7,1;48;5;3;1;DA;
topper saltea cu memorie;Mobila;segment;topper saltea;7,1;48;4;1;1;DA;
topper saltea pentru canapea;Mobila;segment;topper saltea;7,1;48;4;1;1;DA;
cel mai bun topper saltea;Mobila;roundup;saltea;7,1;47;5;0,5;2;DA;
scaun de birou cu masaj;Mobila;segment;scaun de birou;5,6;47;5;3,5;1;DA;
biblioteca cu birou incorporat;Mobila;segment;biblioteca;5,6;46;4;2;1;DA;
biblioteca cu rafturi si sertare;Mobila;segment;biblioteca;5,6;46;5;4;1;DA;
biblioteca cu usi;Mobila;segment;biblioteca;5,6;46;3;0;1;DA;
biblioteca pentru copii;Mobila;segment;biblioteca;5,6;46;3;0;1;DA;
birou cu rafturi si sertare;Mobila;segment;birou;5,6;46;5;4;1;DA;
birou cu sertare;Mobila;segment;birou;5,6;46;3;0;1;DA;
birou pentru copii;Mobila;segment;birou;5,6;46;3;0;1;DA;
canapea extensibila cu spatiu de depozitare;Mobila;segment;canapea extensibila;5,6;46;6;6;1;DA;
canapea extensibila pentru copii;Mobila;segment;canapea extensibila;5,6;46;4;2;1;DA;
cel mai bun birou pentru copii;Mobila;roundup;birou;5,6;46;6;1;1;DA;
cel mai bun pate de ficat;Mobila;roundup;pat;5,6;46;6;1;1;DA;
cele mai bune birouri de gaming;Mobila;roundup;birou;5,6;46;6;1;1;DA;
cele mai bune patuturi pentru bebelusi;Mobila;roundup;pat;5,6;46;6;1;1;DA;
comoda cu sertare jysk;Mobila;segment;comoda;5,6;46;4;2;1;DA;
comoda pentru bebelusi;Mobila;segment;comoda;5,6;46;3;0;1;DA;
dulap cu sertare;Mobila;segment;dulap;5,6;46;3;0;1;DA;
dulap pantofi cu rafturi;Mobila;segment;dulap pantofi;5,6;46;4;2;1;DA;
dulap pentru baie;Mobila;segment;dulap;5,6;46;3;0;1;DA;
fotoliu cu masaj;Mobila;segment;fotoliu;5,6;46;3;0;1;DA;
fotoliu pentru copii;Mobila;segment;fotoliu;5,6;46;3;0;1;DA;
masa de bucatarie cu 2 scaune;Mobila;segment;masa de bucatarie;5,6;46;6;6;1;DA;
masa de bucatarie ieftina;Mobila;pret;masa de bucatarie;5,6;46;4;0;1;DA;
pat cu lada depozitare;Mobila;segment;pat;5,6;46;4;2;1;DA;
pat cu saltea;Mobila;segment;pat;5,6;46;3;0;1;DA;
pat cu tablie tapitata pana in tavan;Mobila;segment;pat;5,6;46;7;6;1;DA;
pat pentru copii;Mobila;segment;pat;5,6;46;3;0;1;DA;
saltea cu memorie;Mobila;segment;saltea;7,1;46;3;0;1;DA;
saltea ortopedica sau cu memorie;Mobila;comparatie;saltea;7,1;46;5;9;1;DA;
saltea pentru masina;Mobila;segment;saltea;7,1;46;3;0;1;DA;
topper saltea cu elastic 180x200;Mobila;segment;topper saltea;7,1;46;5;4;1;DA;
cel mai bun scaun de birou pentru spate;Mobila;roundup;birou;5,6;45;8;3,5;2;DA;
biblioteca cu rafturi;Mobila;segment;biblioteca;5,6;44;3;1;1;DA;
biblioteca pentru toti;Mobila;segment;biblioteca;5,6;44;3;1;1;DA;
birou cu biblioteca;Mobila;segment;birou;5,6;44;3;1;1;DA;
birou pentru calculator;Mobila;segment;birou;5,6;44;3;1;1;DA;
canapea extensibila cu fotolii;Mobila;segment;canapea extensibila;5,6;44;4;3;1;DA;
canapea extensibila cu saltea ortopedica;Mobila;segment;canapea extensibila;5,6;44;5;5;1;DA;
canapea extensibila ieftina second hand;Mobila;pret;canapea extensibila;5,6;44;5;3;1;DA;
canapea extensibila pentru bucatarie;Mobila;segment;canapea extensibila;5,6;44;4;3;1;DA;
canapea extensibila pentru o persoana;Mobila;segment;canapea extensibila;5,6;44;5;5;1;DA;
cel mai bun birou de gaming;Mobila;roundup;birou;5,6;44;6;2;1;DA;
cel mai bun birou reglabil;Mobila;roundup;birou;5,6;44;5;0;1;DA;
cel mai bun pate de ficat din comert;Mobila;roundup;pat;5,6;44;8;2;1;DA;
cel mai bun tip de saltea;Mobila;roundup;saltea;7,1;44;6;2;1;DA;
cele mai bune birouri reglabile;Mobila;roundup;birou;5,6;44;5;0;1;DA;
cele mai bune pateuri din bucuresti;Mobila;roundup;pat;5,6;44;6;2;1;DA;
cele mai bune toppere saltea;Mobila;roundup;saltea;7,1;44;5;0;1;DA;
comoda cu sertare ikea;Mobila;segment;comoda;5,6;44;4;3;1;DA;
comoda ieftina cu sertare;Mobila;pret;comoda;5,6;44;4;1;1;DA;
comoda pentru televizor;Mobila;segment;comoda;5,6;44;3;1;1;DA;
dulap cu rafturi;Mobila;segment;dulap;5,6;44;3;1;1;DA;
dulap cu usi glisante;Mobila;segment;dulap;5,6;44;4;3;1;DA;
dulap pantofi cu sezut;Mobila;segment;dulap pantofi;5,6;44;4;3;1;DA;
dulap pentru pantofi cu oglinda;Mobila;segment;dulap pantofi;5,6;44;5;5;1;DA;
fotoliu cu recliner;Mobila;segment;fotoliu;5,6;44;3;1;1;DA;
fotoliu pentru bebelusi;Mobila;segment;fotoliu;5,6;44;3;1;1;DA;
masa bucatarie ieftina cu scaune;Mobila;pret;masa de bucatarie;5,6;44;5;3;1;DA;
masa de bucatarie cu coltar;Mobila;segment;masa de bucatarie;5,6;44;5;5;1;DA;
pat cu saltea 160x200;Mobila;segment;pat;5,6;44;4;3;1;DA;
pat ieftin cu saltea;Mobila;pret;pat;5,6;44;4;1;1;DA;
pat pentru gene;Mobila;segment;pat;5,6;44;3;1;1;DA;
pat pentru o persoana;Mobila;segment;pat;5,6;44;4;3;1;DA;
saltea cu apa;Mobila;segment;saltea;7,1;44;3;1;1;DA;
saltea cu apa bebelusi;Mobila;segment;saltea;7,1;44;4;3;1;DA;
saltea ortopedica sau superortopedica;Mobila;comparatie;saltea;7,1;44;4;7;1;DA;
saltea pentru escare;Mobila;segment;saltea;7,1;44;3;1;1;DA;
topper saltea 160x200 ieftin;Mobila;pret;topper saltea;7,1;44;4;1;1;DA;
comoda cu sertare;Mobila;segment;comoda;5,6;43;3;1,5;1;DA;
biblioteca pentru carti;Mobila;segment;biblioteca;5,6;42;3;2;1;DA;
biblioteca pentru copii litera;Mobila;segment;biblioteca;5,6;42;4;4;1;DA;
birou cu oglinda;Mobila;segment;birou;5,6;42;3;2;1;DA;
birou ieftin cu sertare;Mobila;pret;birou;5,6;42;4;2;1;DA;
birou pentru 2 copii;Mobila;segment;birou;5,6;42;4;4;1;DA;
birou pentru unghii;Mobila;segment;birou;5,6;42;3;2;1;DA;
canapea extensibila cu lada;Mobila;segment;canapea extensibila;5,6;42;4;4;1;DA;
canapea extensibila cu lada depozitare ikea;Mobila;segment;canapea extensibila;5,6;42;6;9;1;DA;
canapea extensibila cu saltea;Mobila;segment;canapea extensibila;5,6;42;4;4;1;DA;
canapea extensibila pentru living;Mobila;segment;canapea extensibila;5,6;42;4;4;1;DA;
canapea extensibila pentru spatii mici;Mobila;segment;canapea extensibila;5,6;42;5;6;1;DA;
cel mai bun fotoliu recliner;Mobila;roundup;fotoliu;5,6;42;5;1;1;DA;
cel mai bun scaun de birou cu masaj;Mobila;roundup;birou;5,6;42;8;5;2;DA;
comoda pentru haine;Mobila;segment;comoda;5,6;42;3;2;1;DA;
dulap cu oglinda;Mobila;segment;dulap;5,6;42;3;2;1;DA;
dulap ieftin cu rafturi;Mobila;pret;dulap;5,6;42;4;2;1;DA;
dulap pantofi cu banca;Mobila;segment;dulap pantofi;5,6;42;4;4;1;DA;
dulap pentru haine;Mobila;segment;dulap;5,6;42;3;2;1;DA;
dulap pentru pantofi jysk;Mobila;segment;dulap pantofi;5,6;42;4;4;1;DA;
fotoliu cu bile;Mobila;segment;fotoliu;5,6;42;3;2;1;DA;
fotoliu cu suport picioare;Mobila;segment;fotoliu;5,6;42;4;4;1;DA;
fotoliu pentru alaptat;Mobila;segment;fotoliu;5,6;42;3;2;1;DA;
masa de bucatarie cu spatiu de depozitare;Mobila;segment;masa de bucatarie;5,6;42;7;8;1;DA;
masa pentru bucatarie cu scaune;Mobila;segment;masa de bucatarie;5,6;42;5;6;1;DA;
pat pentru bolnavi;Mobila;segment;pat;5,6;42;3;2;1;DA;
saltea cu arcuri;Mobila;segment;saltea;7,1;42;3;2;1;DA;
saltea cu memorie 160x200;Mobila;segment;saltea;7,1;42;4;4;1;DA;
saltea medie sau tare;Mobila;comparatie;saltea;7,1;42;4;8;1;DA;
saltea pentru sezlong;Mobila;segment;saltea;7,1;42;3;2;1;DA;
scaun de birou cu suport pentru picioare;Mobila;segment;scaun de birou;5,6;42;7;8;1;DA;
scaun de birou cu ventilatie;Mobila;segment;scaun de birou;5,6;42;5;6;1;DA;
scaun de birou roz ieftin;Mobila;pret;scaun de birou;5,6;42;5;4;1;DA;
topper pentru saltea;Mobila;segment;topper saltea;7,1;42;3;2;1;DA;
topper pentru saltea jysk;Mobila;segment;topper saltea;7,1;42;4;4;1;DA;
topper saltea 180x200 ieftin;Mobila;pret;topper saltea;7,1;42;4;2;1;DA;
topper saltea ieftin;Mobila;pret;topper saltea;7,1;42;3;0;1;DA;
dulap pantofi cu oglinda;Mobila;segment;dulap pantofi;5,6;41;4;4,5;1;DA;
scaun birou pareri;Mobila;recenzie;birou;5,6;41;3;0,5;2;DA;
scaun ergonomic birou pareri;Mobila;recenzie;birou;5,6;41;4;2,5;2;DA;
biblioteca cu birou;Mobila;segment;biblioteca;5,6;40;3;3;1;DA;
biblioteca cu usi de sticla;Mobila;segment;biblioteca;5,6;40;5;7;1;DA;
biblioteca pentru copii brasov;Mobila;segment;biblioteca;5,6;40;4;5;1;DA;
biblioteca pentru copii tg jiu;Mobila;segment;biblioteca;5,6;40;5;7;1;DA;
birou cu rafturi;Mobila;segment;birou;5,6;40;3;3;1;DA;
birou ieftin alb;Mobila;pret;birou;5,6;40;3;1;1;DA;
birou pentru fete;Mobila;segment;birou;5,6;40;3;3;1;DA;
canapea extensibila pentru doua persoane;Mobila;segment;canapea extensibila;5,6;40;5;7;1;DA;
cel mai bun fotoliu pat;Mobila;roundup;fotoliu;5,6;40;5;2;1;DA;
cel mai bun pate de ficat de pui;Mobila;roundup;pat;5,6;40;8;4;1;DA;
cel mai bun scaun de birou ergonomic;Mobila;roundup;scaun de birou;5,6;40;7;4;1;DA;
cel mai bun scaun de birou pt copii;Mobila;roundup;birou;5,6;40;8;6;2;DA;
cele mai bune imprimante pentru birou;Mobila;roundup;birou;5,6;40;6;4;1;DA;
cele mai bune paturi de dormitor;Mobila;roundup;pat;5,6;40;6;4;1;DA;
comoda pentru hol;Mobila;segment;comoda;5,6;40;3;3;1;DA;
dulap cu rafturi ikea;Mobila;segment;dulap;5,6;40;4;5;1;DA;
dulap ieftin haine;Mobila;pret;dulap;5,6;40;3;1;1;DA;
dulap pantofi cu usi;Mobila;segment;dulap pantofi;5,6;40;4;5;1;DA;
dulap pantofi cu usi glisante;Mobila;segment;dulap pantofi;5,6;40;5;7;1;DA;
dulap pentru incaltaminte;Mobila;segment;dulap;5,6;40;3;3;1;DA;
fotoliu cu taburet;Mobila;segment;fotoliu;5,6;40;3;3;1;DA;
fotoliu ieftine second hand;Mobila;pret;fotoliu;5,6;40;4;3;1;DA;
fotoliu pentru citit;Mobila;segment;fotoliu;5,6;40;3;3;1;DA;
masa de bucatarie cu sertare;Mobila;segment;masa de bucatarie;5,6;40;5;7;1;DA;
masa pentru bucatarie mica;Mobila;segment;masa de bucatarie;5,6;40;4;5;1;DA;
saltea cu arcuri individuale 160x200;Mobila;segment;saltea;7,1;40;5;7;1;DA;
saltea ieftina 140x200;Mobila;pret;saltea;7,1;40;3;1;1;DA;
saltea pentru cort;Mobila;segment;saltea;7,1;40;3;3;1;DA;
scaun birou pentru 150 kg;Mobila;segment;scaun de birou;5,6;40;5;7;1;DA;
scaun de birou alb ieftin;Mobila;pret;scaun de birou;5,6;40;5;5;1;DA;
scaun de birou cu stitch;Mobila;segment;scaun de birou;5,6;40;5;7;1;DA;
topper pentru saltea topkner;Mobila;segment;topper saltea;7,1;40;4;5;1;DA;
topper saltea cu elastic 160x200;Mobila;segment;topper saltea;7,1;40;5;7;1;DA;
topper saltea cu racire;Mobila;segment;topper saltea;7,1;40;4;5;1;DA;
biblioteca ieftina;Mobila;pret;biblioteca;5,6;38;2;0;1;DA;
biblioteca living ieftina;Mobila;pret;biblioteca;5,6;38;3;2;1;DA;
biblioteca pentru toti lista;Mobila;segment;biblioteca;5,6;38;4;6;1;DA;
birou cu scaun copii;Mobila;segment;birou;5,6;38;4;6;1;DA;
birou ieftin;Mobila;pret;birou;5,6;38;2;0;1;DA;
canapea extensibila cu saltea inclusa;Mobila;segment;canapea extensibila;5,6;38;5;8;1;DA;
canapea extensibila ieftina jysk;Mobila;pret;canapea extensibila;5,6;38;4;4;1;DA;
canapea extensibila pareri;Mobila;recenzie;canapea extensibila;5,6;38;3;0;1;DA;
cel mai bun fotoliu extensibil;Mobila;roundup;fotoliu;5,6;38;5;3;1;DA;
cel mai bun pat de dormitor;Mobila;roundup;pat;5,6;38;6;5;1;DA;
cel mai bun scaun birou ergonomic;Mobila;roundup;birou;5,6;38;6;5;1;DA;
cel mai bun scaun de birou reddit;Mobila;roundup;scaun de birou;5,6;38;7;5;1;DA;
cele mai bune patch-uri pentru ochi;Mobila;roundup;pat;5,6;38;6;5;1;DA;
cele mai bune patiserii bucuresti;Mobila;roundup;pat;5,6;38;5;3;1;DA;
cele mai bune scaune birou;Mobila;roundup;birou;5,6;38;5;3;1;DA;
cele mai bune scaune de birou pentru spate;Mobila;roundup;birou;5,6;38;8;5;1;DA;
comoda casa pareri;Mobila;recenzie;comoda;5,6;38;3;0;1;DA;
comoda cu masa de infasat;Mobila;segment;comoda;5,6;38;5;8;1;DA;
comoda cu semineu;Mobila;segment;comoda;5,6;38;3;4;1;DA;
comoda ieftina;Mobila;pret;comoda;5,6;38;2;0;1;DA;
comoda ieftina jysk;Mobila;pret;comoda;5,6;38;3;2;1;DA;
comoda pentru infasat;Mobila;segment;comoda;5,6;38;3;4;1;DA;
dulap cu oglinda baie;Mobila;segment;dulap;5,6;38;4;6;1;DA;
dulap cu usi glisante jysk;Mobila;segment;dulap;5,6;38;5;8;1;DA;
dulap ieftin;Mobila;pret;dulap;5,6;38;2;0;1;DA;
dulap modular pareri;Mobila;recenzie;dulap;5,6;38;3;0;1;DA;
dulap pantofi cu sertar;Mobila;segment;dulap pantofi;5,6;38;4;6;1;DA;
dulap pentru pantofi ikea;Mobila;segment;dulap pantofi;5,6;38;4;6;1;DA;
fotoliu cu masaj jysk;Mobila;segment;fotoliu;5,6;38;4;6;1;DA;
fotoliu ieftin;Mobila;pret;fotoliu;5,6;38;2;0;1;DA;
fotoliu pentru masaj;Mobila;segment;fotoliu;5,6;38;3;4;1;DA;
masa pentru bucatarie;Mobila;segment;masa de bucatarie;5,6;38;3;4;1;DA;
pat cu baldachin;Mobila;segment;pat;5,6;38;3;4;1;DA;
pat cu lada depozitare 160x200;Mobila;segment;pat;5,6;38;5;8;1;DA;
pat ieftin;Mobila;pret;pat;5,6;38;2;0;1;DA;
pat ieftin 160x200;Mobila;pret;pat;5,6;38;3;2;1;DA;
pat pentru caini;Mobila;segment;pat;5,6;38;3;4;1;DA;
pat pentru copii cu saltea;Mobila;segment;pat;5,6;38;5;9;1;DA;
pat pentru persoane imobilizate;Mobila;segment;pat;5,6;38;4;6;1;DA;
saltea cu arcuri 160x200;Mobila;segment;saltea;7,1;38;4;6;1;DA;
saltea ieftina;Mobila;pret;saltea;7,1;38;2;0;1;DA;
saltea ieftina 160x200;Mobila;pret;saltea;7,1;38;3;2;1;DA;
saltea pentru pat;Mobila;segment;saltea;7,1;38;3;4;1;DA;
scaun birou pentru spate;Mobila;segment;scaun de birou;5,6;38;4;6;1;DA;
scaun de birou cu incalzire;Mobila;segment;scaun de birou;5,6;38;5;9;1;DA;
scaun de birou cu lumini;Mobila;segment;scaun de birou;5,6;38;5;8;1;DA;
scaun de birou ergonomic ieftin;Mobila;pret;scaun de birou;5,6;38;5;6;1;DA;
scaun de birou ieftin;Mobila;pret;scaun de birou;5,6;38;4;4;1;DA;
topper pentru saltea 160 200;Mobila;segment;topper saltea;7,1;38;5;9;1;DA;
topper pentru saltea tare;Mobila;segment;topper saltea;7,1;38;4;6;1;DA;
topper saltea cu prindere;Mobila;segment;topper saltea;7,1;38;4;6;1;DA;
topper saltea pareri;Mobila;recenzie;topper saltea;7,1;38;3;0;1;DA;
dulap pantofi ieftin;Mobila;pret;dulap pantofi;5,6;37;3;2,5;1;DA;
biblioteca cu geam;Mobila;segment;biblioteca;5,6;36;3;5;1;DA;
birou cu scaun;Mobila;segment;birou;5,6;36;3;5;1;DA;
birou pentru 2 persoane;Mobila;segment;birou;5,6;36;4;7;1;DA;
birou pentru laptop;Mobila;segment;birou;5,6;36;3;5;1;DA;
canapea extensibila cu picioare;Mobila;segment;canapea extensibila;5,6;36;4;7;1;DA;
canapea extensibila ieftina 2 locuri;Mobila;pret;canapea extensibila;5,6;36;5;7;1;DA;
cel mai bun fotoliu puf;Mobila;roundup;fotoliu;5,6;36;5;4;1;DA;
cel mai bun patut pentru bebe;Mobila;roundup;pat;5,6;36;6;6;1;DA;
cel mai bun scaun birou;Mobila;roundup;birou;5,6;36;5;4;1;DA;
cele mai bune calculatoare de birou;Mobila;roundup;birou;5,6;36;6;6;1;DA;
comoda cu sertare ieftina;Mobila;pret;comoda;5,6;36;4;5;1;DA;
comoda pentru copii;Mobila;segment;comoda;5,6;36;3;5;1;DA;
dulap cu sertare plastic;Mobila;segment;dulap;5,6;36;4;7;1;DA;
dulap pentru jucarii;Mobila;segment;dulap;5,6;36;3;5;1;DA;
dulap textil pareri;Mobila;recenzie;dulap;5,6;36;3;1;1;DA;
fotoliu pentru pedichiura;Mobila;segment;fotoliu;5,6;36;3;5;1;DA;
iubire la birou pareri;Mobila;recenzie;birou;5,6;36;4;3;1;DA;
masa pentru bucatarie ingusta;Mobila;segment;masa de bucatarie;5,6;36;4;7;1;DA;
pat cu somiera;Mobila;segment;pat;5,6;36;3;5;1;DA;
pat ieftin 140x200;Mobila;pret;pat;5,6;36;3;3;1;DA;
pat pentru pisici;Mobila;segment;pat;5,6;36;3;5;1;DA;
rafturi biblioteca ieftine;Mobila;pret;biblioteca;5,6;36;3;3;1;DA;
saltea ieftina 180x200;Mobila;pret;saltea;7,1;36;3;3;1;DA;
saltea pentru canapea;Mobila;segment;saltea;7,1;36;3;5;1;DA;
scaun de birou mai ieftin;Mobila;pret;scaun de birou;5,6;36;5;7;1;DA;
topper pentru saltea 180x200;Mobila;segment;topper saltea;7,1;36;4;7;1;DA;
biblioteca mobila ieftina;Mobila;pret;biblioteca;5,6;34;3;4;1;DA;
biblioteca pentru toti copiii;Mobila;segment;biblioteca;5,6;34;4;8;1;DA;
biblioteca pentru toti pdf;Mobila;segment;biblioteca;5,6;34;4;9;1;DA;
birou ieftin jysk;Mobila;pret;birou;5,6;34;3;4;1;DA;
birou pentru manichiura;Mobila;segment;birou;5,6;34;3;6;1;DA;
birou reglabil pareri;Mobila;recenzie;birou;5,6;34;3;2;1;DA;
canapea extensibila ieftina ikea;Mobila;pret;canapea extensibila;5,6;34;4;6;1;DA;
cel mai bun calculator de birou;Mobila;roundup;birou;5,6;34;6;7;1;DA;
cel mai bun patiser din lume;Mobila;roundup;pat;5,6;34;6;7;1;DA;
cele mai bune laptopuri pentru birou;Mobila;roundup;birou;5,6;34;6;7;1;DA;
comoda cu usi;Mobila;segment;comoda;5,6;34;3;6;1;DA;
comoda ieftina alba;Mobila;pret;comoda;5,6;34;3;4;1;DA;
comoda pentru living;Mobila;segment;comoda;5,6;34;3;6;1;DA;
dulap ieftin bucatarie;Mobila;pret;dulap;5,6;34;3;4;1;DA;
dulap pantofi cu bancuta;Mobila;segment;dulap pantofi;5,6;34;4;8;1;DA;
dulap pantofi cu picioare;Mobila;segment;dulap pantofi;5,6;34;4;9;1;DA;
dulap pentru balcon;Mobila;segment;dulap;5,6;34;3;6;1;DA;
dulap pentru cuptor incorporabil;Mobila;segment;dulap;5,6;34;4;9;1;DA;
dulap pentru pantofi alb;Mobila;segment;dulap pantofi;5,6;34;4;9;1;DA;
dulap pentru pantofi inalt;Mobila;segment;dulap pantofi;5,6;34;4;8;1;DA;
fotoliu emsella pareri;Mobila;recenzie;fotoliu;5,6;34;3;2;1;DA;
fotoliu ieftin jysk;Mobila;pret;fotoliu;5,6;34;3;4;1;DA;
fotoliu masaj jysk pareri;Mobila;recenzie;fotoliu;5,6;34;4;4;1;DA;
fotoliu pentru balcon;Mobila;segment;fotoliu;5,6;34;3;6;1;DA;
masa extensibila bucatarie ieftina;Mobila;pret;masa de bucatarie;5,6;34;4;6;1;DA;
masa pentru bucatarie extensibila;Mobila;segment;masa de bucatarie;5,6;34;4;9;1;DA;
masa pentru bucatarie md;Mobila;segment;masa de bucatarie;5,6;34;4;8;1;DA;
pat cu noptiere;Mobila;segment;pat;5,6;34;3;6;1;DA;
pat cu saltea 140x200;Mobila;segment;pat;5,6;34;4;9;1;DA;
pat vidaxl pareri;Mobila;recenzie;pat;5,6;34;3;2;1;DA;
saltea cu aloe vera;Mobila;segment;saltea;7,1;34;4;9;1;DA;
saltea cu memorie 180x200;Mobila;segment;saltea;7,1;34;4;8;1;DA;
saltea ieftina 160 200;Mobila;pret;saltea;7,1;34;4;6;1;DA;
saltea ieftina 90x200;Mobila;pret;saltea;7,1;34;3;4;1;DA;
saltea pareri;Mobila;recenzie;saltea;7,1;34;2;0;1;DA;
saltea pentru bronzat;Mobila;segment;saltea;7,1;34;3;6;1;DA;
saltea pentru canapea extensibila;Mobila;segment;saltea;7,1;34;4;8;1;DA;
scaun de birou copii ieftin;Mobila;pret;scaun de birou;5,6;34;5;8;1;DA;
topper saltea cu arcuri;Mobila;segment;topper saltea;7,1;34;4;9;1;DA;
topper saltea cu gel;Mobila;segment;topper saltea;7,1;34;4;8;1;DA;
canapea extensibila ieftina;Mobila;pret;canapea extensibila;5,6;33;3;4,5;1;DA;
biblioteca carti ieftina;Mobila;pret;biblioteca;5,6;32;3;5;1;DA;
birou cu dulap;Mobila;segment;birou;5,6;32;3;7;1;DA;
birou ieftin copii;Mobila;pret;birou;5,6;32;3;5;1;DA;
birou reglabil ro pareri;Mobila;recenzie;birou;5,6;32;4;5;1;DA;
cel mai bun pate de casa;Mobila;roundup;pat;5,6;32;6;8;1;DA;
cel mai bun pate de ficat de porc;Mobila;roundup;pat;5,6;32;8;9;1;DA;
cele mai bune patinatoare din lume;Mobila;roundup;pat;5,6;32;6;9;1;DA;
cele mai bune paturi forum;Mobila;roundup;pat;5,6;32;5;6;1;DA;
cele mai bune scaune de birou ergonomice;Mobila;roundup;birou;5,6;32;7;8;1;DA;
cele mai bune scaune de birou reddit;Mobila;roundup;birou;5,6;32;7;9;1;DA;
comoda cu rafturi;Mobila;segment;comoda;5,6;32;3;7;1;DA;
comoda pentru pantofi;Mobila;segment;comoda;5,6;32;3;7;1;DA;
dulap ieftin dormitor;Mobila;pret;dulap;5,6;32;3;5;1;DA;
dulap pentru copii;Mobila;segment;dulap;5,6;32;3;7;1;DA;
fotoliu cu polistiren;Mobila;segment;fotoliu;5,6;32;3;7;1;DA;
fotoliu ieftin extensibil;Mobila;pret;fotoliu;5,6;32;3;5;1;DA;
fotoliu komoder pareri;Mobila;recenzie;fotoliu;5,6;32;3;3;1;DA;
fotoliu masaj vidaxl pareri;Mobila;recenzie;fotoliu;5,6;32;4;5;1;DA;
fotoliu pentru terasa;Mobila;segment;fotoliu;5,6;32;3;7;1;DA;
pat ieftin ikea;Mobila;pret;pat;5,6;32;3;5;1;DA;
pat pentru dormitor;Mobila;segment;pat;5,6;32;3;7;1;DA;
saltea ieftina 120x200;Mobila;pret;saltea;7,1;32;3;5;1;DA;
saltea pentru copii;Mobila;segment;saltea;7,1;32;3;7;1;DA;
saltele pat pareri;Mobila;recenzie;pat;5,6;32;3;3;1;DA;
biblioteca alba ieftina;Mobila;pret;biblioteca;5,6;30;3;6;1;DA;
biblioteca cu sertare;Mobila;segment;biblioteca;5,6;30;3;9;1;DA;
biblioteca cu vitrina;Mobila;segment;biblioteca;5,6;30;3;8;1;DA;
birou cu biblioteca ieftin;Mobila;pret;biblioteca;5,6;30;4;9;1;DA;
birou cu etajera;Mobila;segment;birou;5,6;30;3;9;1;DA;
birou pentru machiaj;Mobila;segment;birou;5,6;30;3;8;1;DA;
canapea extensibila ieftina bucuresti;Mobila;pret;canapea extensibila;5,6;30;4;8;1;DA;
canapea extensibila ieftina constanta;Mobila;pret;canapea extensibila;5,6;30;4;9;1;DA;
cele mai bune paturi tapitate;Mobila;roundup;pat;5,6;30;5;7;1;DA;
comoda cu oglinda;Mobila;segment;comoda;5,6;30;3;9;1;DA;
comoda ieftina leroy merlin;Mobila;pret;comoda;5,6;30;4;9;1;DA;
comoda ieftina tv;Mobila;pret;comoda;5,6;30;3;6;1;DA;
comoda pentru baie;Mobila;segment;comoda;5,6;30;3;8;1;DA;
comoda pentru dormitor;Mobila;segment;comoda;5,6;30;3;9;1;DA;
dulap cu cheie;Mobila;segment;dulap;5,6;30;3;9;1;DA;
dulap ieftin ikea;Mobila;pret;dulap;5,6;30;3;6;1;DA;
dulap pentru scule;Mobila;segment;dulap;5,6;30;3;8;1;DA;
fotoliu cu puf;Mobila;segment;fotoliu;5,6;30;3;9;1;DA;
fotoliu cu telecomanda;Mobila;segment;fotoliu;5,6;30;3;8;1;DA;
fotoliu ieftin ikea;Mobila;pret;fotoliu;5,6;30;3;6;1;DA;
fotoliu pentru living;Mobila;segment;fotoliu;5,6;30;3;9;1;DA;
pat ceragem pareri;Mobila;recenzie;pat;5,6;30;3;4;1;DA;
pat ieftin 180x200;Mobila;pret;pat;5,6;30;3;6;1;DA;
pat pentru masaj;Mobila;segment;pat;5,6;30;3;8;1;DA;
saltea ieftina si buna;Mobila;pret;saltea;7,1;30;4;8;1;DA;
saltea pentru dormitor;Mobila;segment;saltea;7,1;30;3;9;1;DA;
scaun pentru birou;Mobila;segment;scaun de birou;5,6;30;3;9;1;DA;
biblioteca sufragerie ieftina;Mobila;pret;biblioteca;5,6;28;3;7;1;DA;
birou ieftin ikea;Mobila;pret;birou;5,6;28;3;7;1;DA;
cele mai bune patine gheata;Mobila;roundup;pat;5,6;28;5;8;1;DA;
dulap ieftin alb;Mobila;pret;dulap;5,6;28;3;7;1;DA;
fotoliu pat ieftin;Mobila;pret;fotoliu;5,6;28;3;7;1;DA;
pat ieftin tapitat;Mobila;pret;pat;5,6;28;3;7;1;DA;
pat tapitat pareri;Mobila;recenzie;pat;5,6;28;3;5;1;DA;
saltea ieftina 140x190;Mobila;pret;saltea;7,1;28;3;7;1;DA;
biblioteca copii ieftina;Mobila;pret;biblioteca;5,6;26;3;8;1;DA;
birou ieftin negru;Mobila;pret;birou;5,6;26;3;9;1;DA;
cel mai bun saltea;Mobila;roundup;saltea;7,1;26;4;0;1;DA;
cele mai bune paturi;Mobila;roundup;pat;5,6;26;4;0;1;DA;
comoda ieftina ikea;Mobila;pret;comoda;5,6;26;3;8;1;DA;
dulap ieftin jysk;Mobila;pret;dulap;5,6;26;3;8;1;DA;
fotoliu puf ieftin;Mobila;pret;fotoliu;5,6;26;3;9;1;DA;
fotoliu suspendat ieftin;Mobila;pret;fotoliu;5,6;26;3;8;1;DA;
pat rabatabil pareri;Mobila;recenzie;pat;5,6;26;3;6;1;DA;
saltea cadar pareri;Mobila;recenzie;saltea;7,1;26;3;6;1;DA;
cele mai bune dulapuri;Mobila;roundup;dulap;5,6;24;4;1;1;DA;
pat massif pareri;Mobila;recenzie;pat;5,6;24;3;7;1;DA;
saltea bedora pareri;Mobila;recenzie;saltea;7,1;24;3;7;1;DA;
cele mai bune birouri;Mobila;roundup;birou;5,6;22;4;2;1;DA;
pat dormitor pareri;Mobila;recenzie;pat;5,6;22;3;8;1;DA;
pat montessori pareri;Mobila;recenzie;pat;5,6;22;3;9;1;DA;
saltea buna pareri;Mobila;recenzie;saltea;7,1;22;3;9;1;DA;
saltea masaj pareri;Mobila;recenzie;saltea;7,1;22;3;8;1;DA;
cel mai bun birou;Mobila;roundup;birou;5,6;20;4;3;1;DA;
cel mai bun pate;Mobila;roundup;pat;5,6;20;4;3;1;DA;
cel mai bun fotoliu;Mobila;roundup;fotoliu;5,6;16;4;5;1;DA;
caiete sau carte;Scoala si birou;comparatie;caiete;8;54;3;0;1;DA;
creioane colorate pentru copii mici;Scoala si birou;segment;creioane colorate;8;54;5;0;1;DA;
ghiozdan sau gheozdan;Scoala si birou;comparatie;ghiozdan;8;54;3;0;1;DA;
penar sau penal;Scoala si birou;comparatie;penar;8;54;3;0;1;DA;
rechizite scolare pentru clasa 5;Scoala si birou;segment;rechizite scolare;8;54;5;0;1;DA;
stilou sau pix;Scoala si birou;comparatie;stilou;8;54;3;0;1;DA;
stilou sau pix personalizat;Scoala si birou;comparatie;stilou;8;54;4;2;1;DA;
caiete pentru copii de 4 ani;Scoala si birou;segment;caiete;8;52;6;3;1;DA;
caiete sau caiete;Scoala si birou;comparatie;caiete;8;52;3;1;1;DA;
ghiozdan sau rucsac;Scoala si birou;comparatie;ghiozdan;8;52;3;1;1;DA;
rechizite scolare pentru clasa 1;Scoala si birou;segment;rechizite scolare;8;52;5;1;1;DA;
stilou cu penita de aur;Scoala si birou;segment;stilou;8;52;5;1;1;DA;
stilou sau stiloul;Scoala si birou;comparatie;stilou;8;52;3;1;1;DA;
tabla magnetica cu litere si cifre noriel;Scoala si birou;segment;tabla magnetica;8;52;7;3;1;DA;
caiete cu coperta de plastic;Scoala si birou;segment;caiete;8;50;5;2;1;DA;
caiete pentru clasa 0;Scoala si birou;segment;caiete;8;50;4;0;1;DA;
creioane colorate cu guma de sters;Scoala si birou;segment;creioane colorate;8;50;6;4;1;DA;
creioane colorate cu mina;Scoala si birou;segment;creioane colorate;8;50;4;0;1;DA;
ghiozdane sau ghiozdan;Scoala si birou;comparatie;ghiozdan;8;50;3;2;1;DA;
rechizite scolare care incep cu litera n;Scoala si birou;segment;rechizite scolare;8;50;7;4;1;DA;
rechizite scolare pentru clasa 4;Scoala si birou;segment;rechizite scolare;8;50;5;2;1;DA;
caiete cu spirala a4;Scoala si birou;segment;caiete;8;48;4;1;1;DA;
caiete pentru clasa 1;Scoala si birou;segment;caiete;8;48;4;1;1;DA;
cel mai bun distrugator de documente;Scoala si birou;roundup;distrugator de documente;8;48;6;0;1;DA;
cel mai bun ghiozdan pentru clasa pregatitoare;Scoala si birou;roundup;ghiozdan;8;48;7;0;1;DA;
cele mai bune caiete clasa pregatitoare;Scoala si birou;roundup;caiete;8;48;6;0;1;DA;
cele mai bune ghiozdane pentru copii;Scoala si birou;roundup;ghiozdan;8;48;6;0;1;DA;
creioane colorate cu mina retractabila;Scoala si birou;segment;creioane colorate;8;48;5;3;1;DA;
creioane colorate cu radiera;Scoala si birou;segment;creioane colorate;8;48;4;1;1;DA;
creioane colorate pentru bebelusi;Scoala si birou;segment;creioane colorate;8;48;4;1;1;DA;
laminator cu fibra de sticla job;Scoala si birou;segment;laminator;8;48;6;5;1;DA;
penar cu 3 fermoare;Scoala si birou;segment;penar;8;48;4;1;1;DA;
rechizite scolare cu stitch;Scoala si birou;segment;rechizite scolare;8;48;4;1;1;DA;
rechizite scolare pentru clasa 3;Scoala si birou;segment;rechizite scolare;8;48;5;3;1;DA;
tabla magnetica cu litere si cifre;Scoala si birou;segment;tabla magnetica;8;48;6;5;1;DA;
tabla magnetica cu litere si cifre jumbo;Scoala si birou;segment;tabla magnetica;8;48;7;5;1;DA;
tabla magnetica pentru frigider;Scoala si birou;segment;tabla magnetica;8;48;4;1;1;DA;
toc sau stilou;Scoala si birou;comparatie;stilou;8;48;3;3;1;DA;
rechizite scolare cu litera n;Scoala si birou;segment;rechizite scolare;8;47;5;3,5;1;DA;
tabla magnetica cu suport;Scoala si birou;segment;tabla magnetica;8;47;4;1,5;1;DA;
caiete cu spirala;Scoala si birou;segment;caiete;8;46;3;0;1;DA;
caiete pentru clasa pregatitoare;Scoala si birou;segment;caiete;8;46;4;2;1;DA;
cel mai bun ghiozdan pentru copii;Scoala si birou;roundup;ghiozdan;8;46;6;1;1;DA;
cel mai bun stilou pentru clasa 1;Scoala si birou;roundup;stilou;8;46;7;1;1;DA;
cele mai bune creioane colorate profesionale;Scoala si birou;roundup;creioane colorate;8;46;6;1;1;DA;
cele mai bune stilouri pentru copii;Scoala si birou;roundup;stilou;8;46;6;1;1;DA;
creioane colorate cu sclipici;Scoala si birou;segment;creioane colorate;8;46;4;2;1;DA;
creioane colorate pentru copii;Scoala si birou;segment;creioane colorate;8;46;4;2;1;DA;
ghiozdan cu roti;Scoala si birou;segment;ghiozdan;8;46;3;0;1;DA;
ghiozdan cu roti fete;Scoala si birou;segment;ghiozdan;8;46;4;2;1;DA;
ghiozdan pentru avion;Scoala si birou;segment;ghiozdan;8;46;3;0;1;DA;
laminator pentru aluat;Scoala si birou;segment;laminator;8;46;3;0;1;DA;
penar cu 3 compartimente;Scoala si birou;segment;penar;8;46;4;2;1;DA;
penar cu stitch;Scoala si birou;segment;penar;8;46;3;0;1;DA;
penar pentru riguri;Scoala si birou;segment;penar;8;46;3;0;1;DA;
rechizite scolare pentru clasa 6;Scoala si birou;segment;rechizite scolare;8;46;5;4;1;DA;
stilou cu penita ascunsa;Scoala si birou;segment;stilou;8;46;4;2;1;DA;
stilou cu stergere;Scoala si birou;segment;stilou;8;46;3;0;1;DA;
stilou pentru cuticule;Scoala si birou;segment;stilou;8;46;3;0;1;DA;
tabla magnetica cu picioare;Scoala si birou;segment;tabla magnetica;8;46;4;2;1;DA;
tabla magnetica pentru copii;Scoala si birou;segment;tabla magnetica;8;46;4;2;1;DA;
caiete ieftine en gros;Scoala si birou;pret;caiete;8;44;4;1;1;DA;
cel mai bun stilou pentru copii;Scoala si birou;roundup;stilou;8;44;6;2;1;DA;
cele mai bune caiete tip 1;Scoala si birou;roundup;caiete;8;44;6;2;1;DA;
cele mai bune creioane colorate;Scoala si birou;roundup;creioane colorate;8;44;5;0;1;DA;
cele mai bune creioane colorate pentru copii;Scoala si birou;roundup;creioane colorate;8;44;7;2;1;DA;
cele mai bune rechizite scolare;Scoala si birou;roundup;rechizite scolare;8;44;5;0;1;DA;
cele mai bune stilouri de lux;Scoala si birou;roundup;stilou;8;44;6;2;1;DA;
creioane colorate cu mina moale;Scoala si birou;segment;creioane colorate;8;44;5;5;1;DA;
creioane colorate ieftine jumbo;Scoala si birou;pret;creioane colorate;8;44;4;1;1;DA;
creioane colorate pentru baie;Scoala si birou;segment;creioane colorate;8;44;4;3;1;DA;
ghiozdan cu stitch;Scoala si birou;segment;ghiozdan;8;44;3;1;1;DA;
ghiozdan pentru pisici;Scoala si birou;segment;ghiozdan;8;44;3;1;1;DA;
laminator ieftin si bun;Scoala si birou;pret;laminator;8;44;4;1;1;DA;
laminator pentru folio;Scoala si birou;segment;laminator;8;44;3;1;1;DA;
penar pentru scoala;Scoala si birou;segment;penar;8;44;3;1;1;DA;
rechizite scolare cu capybara;Scoala si birou;segment;rechizite scolare;8;44;4;3;1;DA;
rechizite scolare ieftine chisinau;Scoala si birou;pret;rechizite scolare;8;44;4;1;1;DA;
rechizite scolare ieftine en gros;Scoala si birou;pret;rechizite scolare;8;44;5;3;1;DA;
rechizite scolare pentru clasa 7;Scoala si birou;segment;rechizite scolare;8;44;5;5;1;DA;
stilou ieftin si bun;Scoala si birou;pret;stilou;8;44;4;1;1;DA;
stilou pentru stangaci;Scoala si birou;segment;stilou;8;44;3;1;1;DA;
tabla magnetica pentru perete;Scoala si birou;segment;tabla magnetica;8;44;4;3;1;DA;
tabla magnetica pentru magneti;Scoala si birou;segment;tabla magnetica;8;43;4;3,5;1;DA;
caiete cu foaie velina;Scoala si birou;segment;caiete;8;42;4;4;1;DA;
caiete pentru copii de 5 ani;Scoala si birou;segment;caiete;8;42;6;8;1;DA;
cel mai bun stilou din lume;Scoala si birou;roundup;stilou;8;42;6;3;1;DA;
cele mai bune ghiozdane ergonomice;Scoala si birou;roundup;ghiozdan;8;42;5;1;1;DA;
cele mai bune ghiozdane pentru scoala;Scoala si birou;roundup;ghiozdan;8;42;6;3;1;DA;
cele mai bune penare echipate;Scoala si birou;roundup;penar;8;42;5;1;1;DA;
cele mai bune stilouri pentru clasa 1;Scoala si birou;roundup;stilou;8;42;7;3;1;DA;
creioane colorate ieftine;Scoala si birou;pret;creioane colorate;8;42;3;0;1;DA;
creioane colorate pentru ochi;Scoala si birou;segment;creioane colorate;8;42;4;4;1;DA;
distrugator documente ieftin;Scoala si birou;pret;distrugator de documente;8;42;3;0;1;DA;
ghiozdan cu roti baieti;Scoala si birou;segment;ghiozdan;8;42;4;4;1;DA;
ghiozdan pentru copii;Scoala si birou;segment;ghiozdan;8;42;3;2;1;DA;
laminator cu 4 role;Scoala si birou;segment;laminator;8;42;4;4;1;DA;
laminator cu trimmer;Scoala si birou;segment;laminator;8;42;3;2;1;DA;
laminator pentru hartie;Scoala si birou;segment;laminator;8;42;3;2;1;DA;
penar cu stitch ieftin;Scoala si birou;pret;penar;8;42;4;2;1;DA;
penar pentru fete;Scoala si birou;segment;penar;8;42;3;2;1;DA;
rechizite scolare ieftine online;Scoala si birou;pret;rechizite scolare;8;42;4;2;1;DA;
set creioane colorate ieftine;Scoala si birou;pret;creioane colorate;8;42;4;2;1;DA;
stilou pentru unghii;Scoala si birou;segment;stilou;8;42;3;2;1;DA;
tabla magnetica cu marker;Scoala si birou;segment;tabla magnetica;8;42;4;4;1;DA;
tabla magnetica ieftina;Scoala si birou;pret;tabla magnetica;8;42;3;0;1;DA;
tabla magnetica pentru scoala;Scoala si birou;segment;tabla magnetica;8;42;4;4;1;DA;
rechizite scolare ieftine;Scoala si birou;pret;rechizite scolare;8;41;3;0,5;1;DA;
caiete cu formule;Scoala si birou;segment;caiete;8;40;3;3;1;DA;
caiete pentru grupa mare;Scoala si birou;segment;caiete;8;40;4;5;1;DA;
cel mai bun stilou pentru stangaci;Scoala si birou;roundup;stilou;8;40;6;4;1;DA;
cele mai bune stilouri din lume;Scoala si birou;roundup;stilou;8;40;6;4;1;DA;
creioane colorate cu 2 capete;Scoala si birou;segment;creioane colorate;8;40;5;7;1;DA;
creioane colorate pentru artisti;Scoala si birou;segment;creioane colorate;8;40;4;5;1;DA;
folii pentru laminator a4;Scoala si birou;segment;laminator;8;40;4;5;1;DA;
ghiozdan cu vacuum;Scoala si birou;segment;ghiozdan;8;40;3;3;1;DA;
ghiozdan ieftin fete;Scoala si birou;pret;ghiozdan;8;40;3;1;1;DA;
ghiozdan pentru scoala;Scoala si birou;segment;ghiozdan;8;40;3;3;1;DA;
laminator cu rola;Scoala si birou;segment;laminator;8;40;3;3;1;DA;
laminator pentru foi;Scoala si birou;segment;laminator;8;40;3;3;1;DA;
penar cu 4 fermoare;Scoala si birou;segment;penar;8;40;4;5;1;DA;
penar cu capybara;Scoala si birou;segment;penar;8;40;3;3;1;DA;
penar echipat ieftin;Scoala si birou;pret;penar;8;40;3;1;1;DA;
penar pentru profesori;Scoala si birou;segment;penar;8;40;3;3;1;DA;
penar top model ieftin;Scoala si birou;pret;penar;8;40;4;3;1;DA;
stilou cu guma de sters;Scoala si birou;segment;stilou;8;40;5;7;1;DA;
stilou cu radiera;Scoala si birou;segment;stilou;8;40;3;3;1;DA;
stilou pentru incepatori;Scoala si birou;segment;stilou;8;40;3;3;1;DA;
tabla magnetica pentru gradinita;Scoala si birou;segment;tabla magnetica;8;40;4;5;1;DA;
caiete cu coperta cartonata;Scoala si birou;segment;caiete;8;38;4;6;1;DA;
caiete cu litere de mana;Scoala si birou;segment;caiete;8;38;5;8;1;DA;
caiete daco pareri;Scoala si birou;recenzie;caiete;8;38;3;0;1;DA;
caiete ieftine;Scoala si birou;pret;caiete;8;38;2;0;1;DA;
caiete ieftine a4;Scoala si birou;pret;caiete;8;38;3;2;1;DA;
caiete pentru caligrafie;Scoala si birou;segment;caiete;8;38;3;4;1;DA;
cel mai bun ghiozdan de scoala;Scoala si birou;roundup;ghiozdan;8;38;6;5;1;DA;
cel mai bun ghiozdan troler;Scoala si birou;roundup;ghiozdan;8;38;5;3;1;DA;
cel mai bun stilou cu stergere;Scoala si birou;roundup;stilou;8;38;6;5;1;DA;
cele mai bune caiete studentesti;Scoala si birou;roundup;caiete;8;38;5;3;1;DA;
cele mai bune caiete tip 2;Scoala si birou;roundup;caiete;8;38;6;5;1;DA;
cele mai bune stilouri cu stergere;Scoala si birou;roundup;stilou;8;38;6;5;1;DA;
creioane colorate cu varf moale;Scoala si birou;segment;creioane colorate;8;38;5;9;1;DA;
creioane colorate pentru desen;Scoala si birou;segment;creioane colorate;8;38;4;6;1;DA;
folii pentru laminator;Scoala si birou;segment;laminator;8;38;3;4;1;DA;
ghiozdan ieftin;Scoala si birou;pret;ghiozdan;8;38;2;0;1;DA;
ghiozdan ieftin baieti;Scoala si birou;pret;ghiozdan;8;38;3;2;1;DA;
ghiozdan pentru laptop;Scoala si birou;segment;ghiozdan;8;38;3;4;1;DA;
laminator a4 ieftin;Scoala si birou;pret;laminator;8;38;3;2;1;DA;
laminator ieftin;Scoala si birou;pret;laminator;8;38;2;0;1;DA;
penar cu riguri;Scoala si birou;segment;penar;8;38;3;4;1;DA;
penar ieftin;Scoala si birou;pret;penar;8;38;2;0;1;DA;
penar pentru copii;Scoala si birou;segment;penar;8;38;3;4;1;DA;
rechizite scolare ieftine jumbo;Scoala si birou;pret;rechizite scolare;8;38;4;4;1;DA;
stilou cu cerneala;Scoala si birou;segment;stilou;8;38;3;4;1;DA;
stilou ieftin;Scoala si birou;pret;stilou;8;38;2;0;1;DA;
stilou lamy ieftin;Scoala si birou;pret;stilou;8;38;3;2;1;DA;
stilou pentru negi;Scoala si birou;segment;stilou;8;38;3;4;1;DA;
tabla magnetica cu litere;Scoala si birou;segment;tabla magnetica;8;38;4;6;1;DA;
tabla magnetica cu suport jumbo;Scoala si birou;segment;tabla magnetica;8;38;5;8;1;DA;
tabla magnetica pentru birou;Scoala si birou;segment;tabla magnetica;8;38;4;6;1;DA;
caiete cu foi veline;Scoala si birou;segment;caiete;8;36;4;7;1;DA;
caiete cu teorie;Scoala si birou;segment;caiete;8;36;3;5;1;DA;
caiete ieftine studentesti;Scoala si birou;pret;caiete;8;36;3;3;1;DA;
caiete pentru clasa 2;Scoala si birou;segment;caiete;8;36;4;7;1;DA;
cel mai bun ghiozdan ergonomic;Scoala si birou;roundup;ghiozdan;8;36;5;4;1;DA;
cel mai bun ghiozdan pentru clasa 1;Scoala si birou;roundup;ghiozdan;8;36;7;6;1;DA;
cel mai bun stilou pentru incepatori;Scoala si birou;roundup;stilou;8;36;6;6;1;DA;
cele mai bune caiete dictando;Scoala si birou;roundup;caiete;8;36;5;4;1;DA;
cele mai bune ghiozdane troler;Scoala si birou;roundup;ghiozdan;8;36;5;4;1;DA;
cele mai bune stilouri de scris;Scoala si birou;roundup;stilou;8;36;6;6;1;DA;
creioane colorate pentru fata;Scoala si birou;segment;creioane colorate;8;36;4;7;1;DA;
ghiozdan cu ronaldo;Scoala si birou;segment;ghiozdan;8;36;3;5;1;DA;
ghiozdan ieftin dama;Scoala si birou;pret;ghiozdan;8;36;3;3;1;DA;
ghiozdan pentru caini;Scoala si birou;segment;ghiozdan;8;36;3;5;1;DA;
ghiozdan pentru clasa 0;Scoala si birou;segment;ghiozdan;8;36;4;7;1;DA;
penar pentru baieti;Scoala si birou;segment;penar;8;36;3;5;1;DA;
stilou pentru caligrafie;Scoala si birou;segment;stilou;8;36;3;5;1;DA;
stilou pentru clasa 1;Scoala si birou;segment;stilou;8;36;4;7;1;DA;
stilou personalizat ieftin;Scoala si birou;pret;stilou;8;36;3;3;1;DA;
tabla magnetica cu roti;Scoala si birou;segment;tabla magnetica;8;36;4;7;1;DA;
tabla magnetica pentru desen;Scoala si birou;segment;tabla magnetica;8;36;4;7;1;DA;
caiete cu linii mici;Scoala si birou;segment;caiete;8;34;4;9;1;DA;
caiete ieftine jumbo;Scoala si birou;pret;caiete;8;34;3;4;1;DA;
caiete pentru stangaci;Scoala si birou;segment;caiete;8;34;3;6;1;DA;
cel mai bun stilou cu cerneala termosensibila;Scoala si birou;roundup;stilou;8;34;7;7;1;DA;
cele mai bune stilouri pentru incepatori;Scoala si birou;roundup;stilou;8;34;6;7;1;DA;
creioane colorate pentru par;Scoala si birou;segment;creioane colorate;8;34;4;8;1;DA;
creioane colorate pentru scoala;Scoala si birou;segment;creioane colorate;8;34;4;9;1;DA;
dezarcit stilou pareri;Scoala si birou;recenzie;stilou;8;34;3;2;1;DA;
ghiozdan cu minecraft;Scoala si birou;segment;ghiozdan;8;34;3;6;1;DA;
ghiozdan cu ochi led;Scoala si birou;segment;ghiozdan;8;34;4;9;1;DA;
ghiozdan pentru mamici;Scoala si birou;segment;ghiozdan;8;34;3;6;1;DA;
laminator pareri;Scoala si birou;recenzie;laminator;8;34;2;0;1;DA;
pelicula pentru laminator;Scoala si birou;segment;laminator;8;34;3;6;1;DA;
penar cu pisica;Scoala si birou;segment;penar;8;34;3;6;1;DA;
penar pentru monturi;Scoala si birou;segment;penar;8;34;3;6;1;DA;
stilou cu cerneala termosensibila;Scoala si birou;segment;stilou;8;34;4;8;1;DA;
stilou cu penita;Scoala si birou;segment;stilou;8;34;3;6;1;DA;
stilou pareri;Scoala si birou;recenzie;stilou;8;34;2;0;1;DA;
stilou parker ieftin;Scoala si birou;pret;stilou;8;34;3;4;1;DA;
stilou pentru copii;Scoala si birou;segment;stilou;8;34;3;6;1;DA;
tabla magnetica cu picior;Scoala si birou;segment;tabla magnetica;8;34;4;9;1;DA;
tabla magnetica pentru poze;Scoala si birou;segment;tabla magnetica;8;34;4;8;1;DA;
caiete scoala ieftine;Scoala si birou;pret;caiete;8;32;3;5;1;DA;
cel mai bun stilou clasa 0;Scoala si birou;roundup;stilou;8;32;6;8;1;DA;
cele mai bune marci de stilouri;Scoala si birou;roundup;stilou;8;32;6;9;1;DA;
ghiozdan cu vidare;Scoala si birou;segment;ghiozdan;8;32;3;7;1;DA;
penar cu fotbal;Scoala si birou;segment;penar;8;32;3;7;1;DA;
penar pentru creioane;Scoala si birou;segment;penar;8;32;3;7;1;DA;
stilou 3d ieftin;Scoala si birou;pret;stilou;8;32;3;5;1;DA;
stilou roxi pareri;Scoala si birou;recenzie;stilou;8;32;3;3;1;DA;
ulei cuticule stilou ieftin;Scoala si birou;pret;stilou;8;32;4;7;1;DA;
caiete a5 ieftine;Scoala si birou;pret;caiete;8;30;3;6;1;DA;
caiete pentru scoala;Scoala si birou;segment;caiete;8;30;3;9;1;DA;
caiete studentesti ieftine a4;Scoala si birou;pret;caiete;8;30;4;8;1;DA;
ghiozdan cu capybara;Scoala si birou;segment;ghiozdan;8;30;3;8;1;DA;
ghiozdan pentru gradinita;Scoala si birou;segment;ghiozdan;8;30;3;8;1;DA;
ghiozdan pentru role;Scoala si birou;segment;ghiozdan;8;30;3;9;1;DA;
ghiozdan troler ieftin;Scoala si birou;pret;ghiozdan;8;30;3;6;1;DA;
penar cu butoane;Scoala si birou;segment;penar;8;30;3;8;1;DA;
penar cu katseye;Scoala si birou;segment;penar;8;30;3;9;1;DA;
penar pentru fetite;Scoala si birou;segment;penar;8;30;3;8;1;DA;
penar pentru insulina;Scoala si birou;segment;penar;8;30;3;9;1;DA;
stilou cu rezerva;Scoala si birou;segment;stilou;8;30;3;9;1;DA;
stilou pentru tableta;Scoala si birou;segment;stilou;8;30;3;8;1;DA;
stilou pentru telefon;Scoala si birou;segment;stilou;8;30;3;9;1;DA;
stilou picasso pareri;Scoala si birou;recenzie;stilou;8;30;3;4;1;DA;
stilou poenari ieftin;Scoala si birou;pret;stilou;8;30;3;6;1;DA;
caiete dictando ieftine;Scoala si birou;pret;caiete;8;28;3;7;1;DA;
stilou lamy pareri;Scoala si birou;recenzie;stilou;8;28;3;5;1;DA;
top cele mai bune stilouri;Scoala si birou;roundup;stilou;8;28;5;8;1;DA;
caiete daco ieftine;Scoala si birou;pret;caiete;8;26;3;9;1;DA;
cel mai bun laminator;Scoala si birou;roundup;laminator;8;26;4;0;1;DA;
cel mai bun penar;Scoala si birou;roundup;penar;8;26;4;0;1;DA;
cel mai bun stilou;Scoala si birou;roundup;stilou;8;26;4;0;1;DA;
cele mai bune penare;Scoala si birou;roundup;penar;8;26;4;0;1;DA;
cele mai bune stilouri;Scoala si birou;roundup;stilou;8;26;4;0;1;DA;
ghiozdan scoala ieftin;Scoala si birou;pret;ghiozdan;8;26;3;8;1;DA;
stilou parker pareri;Scoala si birou;recenzie;stilou;8;26;3;6;1;DA;
cele mai bune caiete;Scoala si birou;roundup;caiete;8;24;4;1;1;DA;
stilou bun pareri;Scoala si birou;recenzie;stilou;8;24;3;7;1;DA;
cel mai bun ghiozdan;Scoala si birou;roundup;ghiozdan;8;22;4;2;1;DA;
cele mai bune ghiozdane;Scoala si birou;roundup;ghiozdan;8;22;4;2;1;DA;
stilou daco pareri;Scoala si birou;recenzie;stilou;8;22;3;8;1;DA;
stilou schneider pareri;Scoala si birou;recenzie;stilou;8;22;3;9;1;DA;
cat consuma un aparat de sudura;Scule;informational;aparat de sudura;6,5;72;6;0;1;DA;
cat consuma un compresor de aer;Scule;informational;compresor;6,5;72;6;0;1;DA;
cat consuma un generator de curent pe benzina;Scule;informational;generator curent;6,5;72;8;0;1;DA;
cat consuma un aparat de sudura invertor;Scule;informational;aparat de sudura;6,5;70;7;1;1;DA;
cat consuma un compresor de frigider;Scule;informational;compresor;6,5;70;6;1;1;DA;
cat consuma un generator de curent diesel;Scule;informational;generator curent;6,5;70;7;1;1;DA;
cat consuma un aparat de sudura pe ora;Scule;informational;aparat de sudura;6,5;68;8;2;1;DA;
cat consuma un generator de curent;Scule;informational;generator curent;6,5;68;6;2;1;DA;
cat curent consuma un aparat de sudura;Scule;informational;aparat de sudura;6,5;66;7;3;1;DA;
masina de gaurit sau ciocan rotopercutor;Scule;comparatie;masina de gaurit;7,3;66;6;0;1;DA;
aparat de sudura cu sarma sau electrod;Scule;comparatie;aparat de sudura;6,5;64;7;1;1;DA;
cat consuma o bormasina;Scule;informational;bormasina;7,3;64;4;0;1;DA;
scara sau scala de la 1 la 10;Scule;comparatie;scara;6,5;64;8;1;1;DA;
aparat de sudura sau invertor;Scule;comparatie;aparat de sudura;6,5;62;5;0;1;DA;
nivela laser verde sau rosu;Scule;comparatie;nivela laser;5,3;62;5;0;1;DA;
pistol de lipit sau letcon;Scule;comparatie;pistol de lipit;6,5;62;5;0;1;DA;
cat consuma un compresor;Scule;informational;compresor;6,5;60;4;2;1;DA;
bormasina sau ciocan rotopercutor;Scule;comparatie;bormasina;7,3;58;4;0;1;DA;
masina de spalat cu presiune ingco;Scule;segment;masina de spalat cu presiune;8;58;6;0;1;DA;
pistol pentru masina de spalat cu presiune;Scule;segment;masina de spalat cu presiune;8;58;7;0;1;DA;
polizor unghiular sau flex;Scule;comparatie;polizor unghiular;6,5;58;4;0;1;DA;
bormasina cu perii sau fara;Scule;comparatie;bormasina;7,3;56;5;3;1;DA;
fierastrau electric cu lant parkside pareri;Scule;segment;fierastrau electric;7,3;56;6;1;1;DA;
furtun pentru masina de spalat cu presiune;Scule;segment;masina de spalat cu presiune;8;56;7;1;1;DA;
masina de spalat cu inalta presiune cu acumulator;Scule;segment;masina de spalat cu presiune;8;56;8;1;1;DA;
masina de spalat cu presiune inalta;Scule;segment;masina de spalat cu presiune;8;56;6;1;1;DA;
masina de spalat cu presiune parkside;Scule;segment;masina de spalat cu presiune;8;56;6;1;1;DA;
scara sau scala de valori;Scule;comparatie;scara;6,5;56;5;3;1;DA;
aparat de spalat cu presiune pentru masina;Scule;segment;masina de spalat cu presiune;8;54;7;2;1;DA;
aparat de sudura pentru aluminiu;Scule;segment;aparat de sudura;6,5;54;5;0;1;DA;
aparat de sudura pentru tabla subtire;Scule;segment;aparat de sudura;6,5;54;6;2;1;DA;
bormasina cu percutie sau fara;Scule;comparatie;bormasina;7,3;54;5;4;1;DA;
compresor aer cu sau fara ulei;Scule;comparatie;compresor;6,5;54;6;6;1;DA;
compresor cu sau fara ulei;Scule;comparatie;compresor;6,5;54;5;4;1;DA;
compresor rotary sau inverter;Scule;comparatie;compresor;6,5;54;4;2;1;DA;
masina de gaurit pentru banc;Scule;segment;masina de gaurit;7,3;54;5;0;1;DA;
masina de spalat cu presiune;Scule;segment;masina de spalat cu presiune;8;54;5;0;1;DA;
masina de spalat cu presiune industriala;Scule;segment;masina de spalat cu presiune;8;54;6;2;1;DA;
masina de spalat cu presiune pe benzina;Scule;segment;masina de spalat cu presiune;8;54;7;2;1;DA;
pistol de lipit pentru copii;Scule;segment;pistol de lipit;6,5;54;5;0;1;DA;
scara sau scala;Scule;comparatie;scara;6,5;54;3;0;1;DA;
scara sau scala larga;Scule;comparatie;scara;6,5;54;4;2;1;DA;
surubelnita cu impact cu acumulator;Scule;segment;surubelnita cu acumulator;7,3;54;5;0;1;DA;
aparat de sudura cu sarma;Scule;segment;aparat de sudura;6,5;53;5;0,5;1;DA;
masina de gaurit cu coloana;Scule;segment;masina de gaurit;7,3;53;5;0,5;1;DA;
pistol de lipit cu fludor;Scule;segment;pistol de lipit;6,5;53;5;0,5;1;DA;
aparat de sudura cu sarma fara gaz;Scule;segment;aparat de sudura;6,5;52;7;3;1;DA;
aparat de sudura ieftin si bun;Scule;pret;aparat de sudura;6,5;52;6;1;1;DA;
aparat de sudura pentru incepatori;Scule;segment;aparat de sudura;6,5;52;5;1;1;DA;
compresor sau turbo;Scule;comparatie;compresor;6,5;52;3;1;1;DA;
compresor swing sau inverter;Scule;comparatie;compresor;6,5;52;4;3;1;DA;
fierastrau electric cu acumulator pentru pomi;Scule;segment;fierastrau electric;7,3;52;6;3;1;DA;
generator curent pentru aparat sudura;Scule;segment;generator curent;6,5;52;5;1;1;DA;
masina de gaurit pentru balamale;Scule;segment;masina de gaurit;7,3;52;5;1;1;DA;
nebulizator cu compresor sau ultrasunete;Scule;comparatie;compresor;6,5;52;5;5;1;DA;
pistol de lipit cu silicon ieftin;Scule;pret;pistol de lipit;6,5;52;6;1;1;DA;
pistol de lipit pentru cositor;Scule;segment;pistol de lipit;6,5;52;5;1;1;DA;
aparat de sudura cu laser;Scule;segment;aparat de sudura;6,5;51;5;1,5;1;DA;
pistol de lipit cu silicon;Scule;segment;pistol de lipit;6,5;51;5;1,5;1;DA;
aparat de sudura in puncte pentru acumulatori;Scule;segment;aparat de sudura;6,5;50;7;4;1;DA;
autofiletanta sau bormasina;Scule;comparatie;bormasina;7,3;50;3;2;1;DA;
cap scara sau cap cruce;Scule;comparatie;scara;6,5;50;5;6;1;DA;
compresor cu pistol de vopsit;Scule;segment;compresor;6,5;50;5;2;1;DA;
fierastrau electric pentru oase;Scule;segment;fierastrau electric;7,3;50;4;0;1;DA;
generator curent cu aparat sudura incorporat;Scule;segment;generator curent;6,5;50;6;4;1;DA;
generator curent cu automatizare;Scule;segment;generator curent;6,5;50;4;0;1;DA;
generator curent pentru casa;Scule;segment;generator curent;6,5;50;4;0;1;DA;
generator curent pentru casa cu automatizare;Scule;segment;generator curent;6,5;50;6;4;1;DA;
masina de gaurit cu percutie;Scule;segment;masina de gaurit;7,3;50;5;2;1;DA;
masina de gaurit cu talpa magnetica;Scule;segment;masina de gaurit;7,3;50;6;4;1;DA;
masina de gaurit pentru stalpi;Scule;segment;masina de gaurit;7,3;50;5;2;1;DA;
nivela laser cu receptor;Scule;segment;nivela laser;5,3;50;4;0;1;DA;
nivela laser ieftina si buna;Scule;pret;nivela laser;5,3;50;5;0;1;DA;
nivela laser pentru exterior;Scule;segment;nivela laser;5,3;50;4;0;1;DA;
pistol de lipit cu fludor ieftin;Scule;pret;pistol de lipit;6,5;50;6;2;1;DA;
pistol de lipit pentru hartie;Scule;segment;pistol de lipit;6,5;50;5;2;1;DA;
polizor unghiular cu turatie reglabila;Scule;segment;polizor unghiular;6,5;50;5;2;1;DA;
polizor unghiular cu variator de turatie;Scule;segment;polizor unghiular;6,5;50;6;4;1;DA;
polizor unghiular pentru gresie;Scule;segment;polizor unghiular;6,5;50;4;0;1;DA;
scara cu 3 trepte;Scule;segment;scara;6,5;50;4;0;1;DA;
trusa scule cu acumulator;Scule;segment;trusa scule;6,5;50;4;0;1;DA;
trusa scule pentru casa;Scule;segment;trusa scule;6,5;50;4;0;1;DA;
fierastrau electric cu acumulator;Scule;segment;fierastrau electric;7,3;49;4;0,5;1;DA;
masina de spalat cu presiune cu acumulator;Scule;segment;masina de spalat cu presiune;8;49;7;4,5;1;DA;
polizor unghiular cu acumulator;Scule;segment;polizor unghiular;6,5;49;4;0,5;1;DA;
polizor unghiular cu acumulator parkside;Scule;segment;polizor unghiular;6,5;49;5;2,5;1;DA;
aparat de sudura cu sarma ieftin;Scule;pret;aparat de sudura;6,5;48;6;3;1;DA;
aparat de sudura cu sarma parkside;Scule;segment;aparat de sudura;6,5;48;6;5;1;DA;
aparat de sudura pentru inox;Scule;segment;aparat de sudura;6,5;48;5;3;1;DA;
aparat de sudura pentru uz casnic;Scule;segment;aparat de sudura;6,5;48;6;5;1;DA;
aspirator industrial cu spalare;Scule;segment;aspirator industrial;5,3;48;4;1;1;DA;
aspirator industrial fara sac;Scule;segment;aspirator industrial;5,3;48;4;1;1;DA;
aspirator industrial pentru constructii;Scule;segment;aspirator industrial;5,3;48;4;1;1;DA;
cel mai bun generator curent pentru casa;Scule;roundup;generator curent;6,5;48;7;0;1;DA;
cel mai bun pistol de lipit;Scule;roundup;pistol de lipit;6,5;48;6;0;1;DA;
cele mai bune aparat de sudura;Scule;roundup;aparat de sudura;6,5;48;6;0;1;DA;
fierastrau electric cu lant;Scule;segment;fierastrau electric;7,3;48;4;1;1;DA;
generator curent cu invertor;Scule;segment;generator curent;6,5;48;4;1;1;DA;
generator curent cu panou solar;Scule;segment;generator curent;6,5;48;5;3;1;DA;
generator curent ieftin si bun;Scule;pret;generator curent;6,5;48;5;1;1;DA;
masina de gaurit cu acumulator;Scule;segment;masina de gaurit;7,3;48;5;3;1;DA;
masina de gaurit cu acumulator parkside;Scule;segment;masina de gaurit;7,3;48;6;5;1;DA;
masina de gaurit pentru hota;Scule;segment;masina de gaurit;7,3;48;5;3;1;DA;
nivela laser cu linii incrucisate parkside;Scule;segment;nivela laser;5,3;48;6;5;1;DA;
nivela laser cu trepied;Scule;segment;nivela laser;5,3;48;4;1;1;DA;
nivela laser pentru sapa;Scule;segment;nivela laser;5,3;48;4;1;1;DA;
pe o scara sau scala;Scule;comparatie;scara;6,5;48;5;7;1;DA;
pistol de lipit cu fludor leroy merlin;Scule;segment;pistol de lipit;6,5;48;7;5;1;DA;
pistol de lipit pentru flori;Scule;segment;pistol de lipit;6,5;48;5;3;1;DA;
polizor unghiular cu acumulator pareri;Scule;segment;polizor unghiular;6,5;48;5;3;1;DA;
polizor unghiular ieftin si bun;Scule;pret;polizor unghiular;6,5;48;5;1;1;DA;
polizor unghiular pentru beton;Scule;segment;polizor unghiular;6,5;48;4;1;1;DA;
surubelnita cu acumulator leroy merlin;Scule;segment;surubelnita cu acumulator;7,3;48;5;3;1;DA;
surubelnita cu acumulator parkside;Scule;segment;surubelnita cu acumulator;7,3;48;4;1;1;DA;
trusa scule cu roti;Scule;segment;trusa scule;6,5;48;4;1;1;DA;
trusa scule pentru copii;Scule;segment;trusa scule;6,5;48;4;1;1;DA;
pistol de lipit cu capse;Scule;segment;pistol de lipit;6,5;47;5;3,5;1;DA;
aparat de sudura cel mai ieftin;Scule;pret;aparat de sudura;6,5;46;6;4;1;DA;
aparat de sudura ieftin;Scule;pret;aparat de sudura;6,5;46;4;0;1;DA;
aparat de sudura mai ieftin;Scule;pret;aparat de sudura;6,5;46;5;2;1;DA;
aparat de sudura pentru tinichigerie;Scule;segment;aparat de sudura;6,5;46;5;4;1;DA;
aspirator industrial cu acumulator;Scule;segment;aspirator industrial;5,3;46;4;2;1;DA;
aspirator industrial pentru cenusa;Scule;segment;aspirator industrial;5,3;46;4;2;1;DA;
aspirator industrial pentru praf;Scule;segment;aspirator industrial;5,3;46;4;2;1;DA;
bormasina pentru amestecat adeziv;Scule;segment;bormasina;7,3;46;4;2;1;DA;
bormasina pentru rigips;Scule;segment;bormasina;7,3;46;3;0;1;DA;
cel mai bun aparat de sudura;Scule;roundup;aparat de sudura;6,5;46;6;1;1;DA;
cel mai bun fierastrau electric cu acumulator;Scule;roundup;fierastrau electric;7,3;46;7;1;1;DA;
cel mai bun pistol de lipit cu silicon;Scule;roundup;pistol de lipit;6,5;46;8;1;1;DA;
cel mai bun polizor unghiular cu acumulator;Scule;roundup;polizor unghiular;6,5;46;7;1;1;DA;
cele mai bune bormasina cu acumulator;Scule;roundup;bormasina;7,3;46;6;1;1;DA;
compresor cu surub;Scule;segment;compresor;6,5;46;3;0;1;DA;
compresor pentru vopsit;Scule;segment;compresor;6,5;46;3;0;1;DA;
fierastrau electric cu acumulator parkside;Scule;segment;fierastrau electric;7,3;46;5;4;1;DA;
generator curent cu baterie;Scule;segment;generator curent;6,5;46;4;2;1;DA;
generator curent pentru rulota;Scule;segment;generator curent;6,5;46;4;2;1;DA;
masina de gaurit cu impact;Scule;segment;masina de gaurit;7,3;46;5;4;1;DA;
masina de gaurit cu percutie cu acumulator;Scule;segment;masina de gaurit;7,3;46;7;6;1;DA;
masina de gaurit ieftina;Scule;pret;masina de gaurit;7,3;46;4;0;1;DA;
masina de spalat cu presiune profesionala;Scule;segment;masina de spalat cu presiune;8;46;6;6;1;DA;
nivela laser cu autonivelare;Scule;segment;nivela laser;5,3;46;4;2;1;DA;
nivela laser pentru excavator;Scule;segment;nivela laser;5,3;46;4;2;1;DA;
panza polizor unghiular pentru lemn;Scule;segment;polizor unghiular;6,5;46;5;4;1;DA;
pareri compresor fara ulei;Scule;segment;compresor;6,5;46;4;2;1;DA;
pistol de lipit ieftin;Scule;pret;pistol de lipit;6,5;46;4;0;1;DA;
pistol de lipit pentru electronice;Scule;segment;pistol de lipit;6,5;46;5;4;1;DA;
polizor unghiular cu acumulator ieftin;Scule;pret;polizor unghiular;6,5;46;5;2;1;DA;
polizor unghiular pentru slefuit;Scule;segment;polizor unghiular;6,5;46;4;2;1;DA;
scara cu 2 trepte;Scule;segment;scara;6,5;46;4;2;1;DA;
scara din otel sau aluminiu;Scule;comparatie;scara;6,5;46;5;8;1;DA;
scara pentru pod;Scule;segment;scara;6,5;46;3;0;1;DA;
suport polizor unghiular pentru taierea tesirii la 45;Scule;segment;polizor unghiular;6,5;46;8;6;1;DA;
surubelnita cu acumulator;Scule;segment;surubelnita cu acumulator;7,3;46;3;0;1;DA;
trusa scule 216 piese ieftine;Scule;pret;trusa scule;6,5;46;5;2;1;DA;
trusa scule cu bormasina;Scule;segment;trusa scule;6,5;46;4;2;1;DA;
trusa scule pentru masina;Scule;segment;trusa scule;6,5;46;4;2;1;DA;
aparat de sudura cu electrozi;Scule;segment;aparat de sudura;6,5;45;5;4,5;1;DA;
bormasina cu acumulator;Scule;segment;bormasina;7,3;45;3;0,5;1;DA;
aparat de sudura almaz pareri;Scule;recenzie;aparat de sudura;6,5;44;5;1;1;DA;
aspirator industrial cu sac;Scule;segment;aspirator industrial;5,3;44;4;3;1;DA;
bormasina ieftina si buna;Scule;pret;bormasina;7,3;44;4;1;1;DA;
bormasina pentru roti;Scule;segment;bormasina;7,3;44;3;1;1;DA;
cea mai buna nivela laser ieftina;Scule;roundup;nivela laser;5,3;44;6;2;1;DA;
cel mai bun aparat de sudura cu sarma;Scule;roundup;aparat de sudura;6,5;44;8;2;1;DA;
cel mai bun aspirator industrial;Scule;roundup;aspirator industrial;5,3;44;5;0;1;DA;
cel mai bun fierastrau electric;Scule;roundup;fierastrau electric;7,3;44;5;0;1;DA;
cel mai bun fierastrau electric de mana;Scule;roundup;fierastrau electric;7,3;44;7;2;1;DA;
cel mai bun generator de curent electric;Scule;roundup;generator curent;6,5;44;7;2;1;DA;
cel mai bun pistol de lipit cu fludor;Scule;roundup;pistol de lipit;6,5;44;8;2;1;DA;
cel mai bun polizor unghiular;Scule;roundup;polizor unghiular;6,5;44;5;0;1;DA;
cel mai bun polizor unghiular profesional;Scule;roundup;polizor unghiular;6,5;44;6;2;1;DA;
compresor aer ieftin si bun;Scule;pret;compresor;6,5;44;5;3;1;DA;
compresor cu acumulator;Scule;segment;compresor;6,5;44;3;1;1;DA;
compresor cu acumulator lidl;Scule;segment;compresor;6,5;44;4;3;1;DA;
compresor ieftin si bun;Scule;pret;compresor;6,5;44;4;1;1;DA;
compresor pentru tencuit;Scule;segment;compresor;6,5;44;3;1;1;DA;
disc polizor unghiular pentru lemn;Scule;segment;polizor unghiular;6,5;44;5;5;1;DA;
fierastrau electric pentru pomi;Scule;segment;fierastrau electric;7,3;44;4;3;1;DA;
fierastrau electric sabie ieftin;Scule;pret;fierastrau electric;7,3;44;4;1;1;DA;
generator curent pe benzina ieftin;Scule;pret;generator curent;6,5;44;5;3;1;DA;
generator curent pentru betoniera;Scule;segment;generator curent;6,5;44;4;3;1;DA;
generator curent pentru centrala termica;Scule;segment;generator curent;6,5;44;5;5;1;DA;
masina de gaurit insurubat cu acumulator;Scule;segment;masina de gaurit;7,3;44;6;7;1;DA;
masina de gaurit pentru lemn;Scule;segment;masina de gaurit;7,3;44;5;5;1;DA;
nivela laser cu acumulator;Scule;segment;nivela laser;5,3;44;4;3;1;DA;
pistol de lipit cu cositor;Scule;segment;pistol de lipit;6,5;44;5;5;1;DA;
pistol de lipit pentru scoala;Scule;segment;pistol de lipit;6,5;44;5;5;1;DA;
polizor unghiular pentru lemn;Scule;segment;polizor unghiular;6,5;44;4;3;1;DA;
scara cu 4 trepte;Scule;segment;scara;6,5;44;4;3;1;DA;
scara cu platforma;Scule;segment;scara;6,5;44;3;1;1;DA;
scara pentru piscina;Scule;segment;scara;6,5;44;3;1;1;DA;
trusa scule cu sertare;Scule;segment;trusa scule;6,5;44;4;3;1;DA;
trusa scule electrician ieftine;Scule;pret;trusa scule;6,5;44;4;1;1;DA;
trusa scule pentru electricieni;Scule;segment;trusa scule;6,5;44;4;3;1;DA;
bormasina cu percutie;Scule;segment;bormasina;7,3;43;3;1,5;1;DA;
fierastrau electric pentru gard viu;Scule;segment;fierastrau electric;7,3;43;5;5,5;1;DA;
aparat de sudura cu laser pareri;Scule;segment;aparat de sudura;6,5;42;6;9;1;DA;
aparat de sudura cu sarma pareri;Scule;segment;aparat de sudura;6,5;42;6;8;1;DA;
aparat de sudura pareri;Scule;recenzie;aparat de sudura;6,5;42;4;0;1;DA;
aparat de sudura parkside pareri;Scule;recenzie;aparat de sudura;6,5;42;5;2;1;DA;
aparat de sudura pentru copii;Scule;segment;aparat de sudura;6,5;42;5;6;1;DA;
aspirator industrial cu filtru hepa;Scule;segment;aspirator industrial;5,3;42;5;6;1;DA;
aspirator industrial cu priza;Scule;segment;aspirator industrial;5,3;42;4;4;1;DA;
aspirator industrial ieftin;Scule;pret;aspirator industrial;5,3;42;3;0;1;DA;
aspirator industrial pentru moloz;Scule;segment;aspirator industrial;5,3;42;4;4;1;DA;
bormasina cu acumulator parkside;Scule;segment;bormasina;7,3;42;4;4;1;DA;
cel mai bun aparat de sudura pentru incepatori;Scule;roundup;aparat de sudura;6,5;42;8;3;1;DA;
cel mai bun compresor aer;Scule;roundup;compresor;6,5;42;5;1;1;DA;
cel mai bun compresor fara ulei;Scule;roundup;compresor;6,5;42;6;3;1;DA;
cel mai bun generator curent;Scule;roundup;generator curent;6,5;42;5;1;1;DA;
cel mai bun generator de curent forum;Scule;roundup;generator curent;6,5;42;7;3;1;DA;
compresor pentru sablat;Scule;segment;compresor;6,5;42;3;2;1;DA;
compresor pentru vopsit auto;Scule;segment;compresor;6,5;42;4;4;1;DA;
fierastrau electric cu acumulator leroy merlin;Scule;segment;fierastrau electric;7,3;42;6;8;1;DA;
fierastrau electric ieftin;Scule;pret;fierastrau electric;7,3;42;3;0;1;DA;
fierastrau electric pentru crengi;Scule;segment;fierastrau electric;7,3;42;4;4;1;DA;
generator curent cel mai ieftin;Scule;pret;generator curent;6,5;42;5;4;1;DA;
generator curent cu stabilizator tensiune;Scule;segment;generator curent;6,5;42;5;6;1;DA;
generator curent electric ieftin;Scule;pret;generator curent;6,5;42;4;2;1;DA;
generator curent pentru centrala pe gaz;Scule;segment;generator curent;6,5;42;6;9;1;DA;
generator curent pentru centrala pe lemne;Scule;segment;generator curent;6,5;42;6;8;1;DA;
masina de gaurit cu percutie parkside;Scule;segment;masina de gaurit;7,3;42;6;8;1;DA;
masina de gaurit dubla pentru imbinari cu cepuri;Scule;segment;masina de gaurit;7,3;42;8;9;1;DA;
masina de gaurit pentru beton;Scule;segment;masina de gaurit;7,3;42;5;6;1;DA;
masina de spalat cu presiune brico depot;Scule;segment;masina de spalat cu presiune;8;42;7;8;1;DA;
nivela laser cu 16 linii;Scule;segment;nivela laser;5,3;42;5;6;1;DA;
nivela laser pentru tavan;Scule;segment;nivela laser;5,3;42;4;4;1;DA;
pistol de lipit pentru costior;Scule;segment;pistol de lipit;6,5;42;5;6;1;DA;
pistol de lipit plastic cu capse;Scule;segment;pistol de lipit;6,5;42;6;9;1;DA;
polizor unghiular cu acumulator leroy merlin;Scule;segment;polizor unghiular;6,5;42;6;9;1;DA;
polizor unghiular ieftin;Scule;pret;polizor unghiular;6,5;42;3;0;1;DA;
scara cu 5 trepte;Scule;segment;scara;6,5;42;4;4;1;DA;
scara pentru cada de baie adulti;Scule;segment;scara;6,5;42;6;8;1;DA;
scara pentru caini;Scule;segment;scara;6,5;42;3;2;1;DA;
trusa scule ieftine;Scule;pret;trusa scule;6,5;42;3;0;1;DA;
trusa scule pentru bicicleta;Scule;segment;trusa scule;6,5;42;4;4;1;DA;
aspirator industrial cu autocuratare;Scule;segment;aspirator industrial;5,3;41;4;4,5;1;DA;
bormasina cu impact;Scule;segment;bormasina;7,3;41;3;2,5;1;DA;
aparat de sudura cu argon;Scule;segment;aparat de sudura;6,5;40;5;7;1;DA;
aparat de sudura pentru plastic;Scule;segment;aparat de sudura;6,5;40;5;7;1;DA;
aparat de sudura stahlwerk pareri;Scule;recenzie;aparat de sudura;6,5;40;5;3;1;DA;
aspirator industrial cu 3 motoare;Scule;segment;aspirator industrial;5,3;40;5;7;1;DA;
aspirator industrial cu apa;Scule;segment;aspirator industrial;5,3;40;4;5;1;DA;
aspirator industrial pentru girafa;Scule;segment;aspirator industrial;5,3;40;4;5;1;DA;
bormasina pentru copii;Scule;segment;bormasina;7,3;40;3;3;1;DA;
cel mai bun aparat de sudura mma;Scule;roundup;aparat de sudura;6,5;40;7;4;1;DA;
cel mai bun generator de curent diesel;Scule;roundup;generator curent;6,5;40;7;4;1;DA;
compresor pentru masina;Scule;segment;compresor;6,5;40;3;3;1;DA;
compresor pentru umflat roti;Scule;segment;compresor;6,5;40;4;5;1;DA;
fierastrau electric cu prelungitor;Scule;segment;fierastrau electric;7,3;40;4;5;1;DA;
fierastrau electric pentru lemn;Scule;segment;fierastrau electric;7,3;40;4;5;1;DA;
fierastrau electric pentru taiat crengi;Scule;segment;fierastrau electric;7,3;40;5;7;1;DA;
generator curent cu aparat sudura;Scule;segment;generator curent;6,5;40;5;7;1;DA;
generator curent cu avr;Scule;segment;generator curent;6,5;40;4;5;1;DA;
generator curent hyundai pareri;Scule;recenzie;generator curent;6,5;40;4;1;1;DA;
masina de gaurit pentru copii;Scule;segment;masina de gaurit;7,3;40;5;7;1;DA;
mini polizor unghiular pentru gresie;Scule;segment;polizor unghiular;6,5;40;5;7;1;DA;
nivela laser huepar pareri;Scule;recenzie;nivela laser;5,3;40;4;1;1;DA;
nivela laser ieftina;Scule;pret;nivela laser;5,3;40;3;1;1;DA;
nivela laser pentru rigips;Scule;segment;nivela laser;5,3;40;4;5;1;DA;
pistol de lipit cu gaz;Scule;segment;pistol de lipit;6,5;40;5;7;1;DA;
pistol de lipit pentru plastic;Scule;segment;pistol de lipit;6,5;40;5;7;1;DA;
polizor unghiular parkside pareri;Scule;recenzie;polizor unghiular;6,5;40;4;1;1;DA;
scara aluminiu ieftina;Scule;pret;scara;6,5;40;3;1;1;DA;
scara pentru copii;Scule;segment;scara;6,5;40;3;3;1;DA;
surubelnita cu acumulator brico depot;Scule;segment;surubelnita cu acumulator;7,3;40;5;7;1;DA;
trusa scule bgs pareri;Scule;recenzie;trusa scule;6,5;40;4;1;1;DA;
trusa scule pentru electronisti;Scule;segment;trusa scule;6,5;40;4;5;1;DA;
trusa scule pentru mecanic auto;Scule;segment;trusa scule;6,5;40;5;7;1;DA;
bormasina cu impact parkside;Scule;segment;bormasina;7,3;39;4;5,5;1;DA;
adaptor polizor unghiular pentru bormasina;Scule;segment;polizor unghiular;6,5;38;5;8;1;DA;
aparat de sudura cu fir;Scule;segment;aparat de sudura;6,5;38;5;9;1;DA;
aparat de sudura pentru generator;Scule;segment;aparat de sudura;6,5;38;5;9;1;DA;
aparat de sudura pentru tabla;Scule;segment;aparat de sudura;6,5;38;5;8;1;DA;
aparat de sudura ural pareri;Scule;recenzie;aparat de sudura;6,5;38;5;4;1;DA;
aspirator industrial pentru span;Scule;segment;aspirator industrial;5,3;38;4;6;1;DA;
bormasina cu acumulator ieftina si buna;Scule;pret;bormasina;7,3;38;6;9;1;DA;
bormasina ieftina;Scule;pret;bormasina;7,3;38;2;0;1;DA;
bormasina pentru beton;Scule;segment;bormasina;7,3;38;3;4;1;DA;
bormasina pentru gaurit beton;Scule;segment;bormasina;7,3;38;4;6;1;DA;
cel mai bun aparat de sudura pentru casa;Scule;roundup;aparat de sudura;6,5;38;8;5;1;DA;
compresor aer ieftin;Scule;pret;compresor;6,5;38;3;2;1;DA;
compresor aer ieftin second hand;Scule;pret;compresor;6,5;38;5;6;1;DA;
compresor cu acumulator parkside;Scule;segment;compresor;6,5;38;4;6;1;DA;
compresor cu piston;Scule;segment;compresor;6,5;38;3;4;1;DA;
compresor ieftin;Scule;pret;compresor;6,5;38;2;0;1;DA;
fierastrau electric pareri;Scule;recenzie;fierastrau electric;7,3;38;3;0;1;DA;
fierastrau electric pentru bca;Scule;segment;fierastrau electric;7,3;38;4;6;1;DA;
fierastrau electric pentru taiat bca;Scule;segment;fierastrau electric;7,3;38;5;8;1;DA;
generator curent pareri;Scule;recenzie;generator curent;6,5;38;3;0;1;DA;
generator curent pentru apartament;Scule;segment;generator curent;6,5;38;4;6;1;DA;
generator curent senci pareri;Scule;recenzie;generator curent;6,5;38;4;2;1;DA;
masina de gaurit cu magnet;Scule;segment;masina de gaurit;7,3;38;5;9;1;DA;
masina de gaurit pentru mobila;Scule;segment;masina de gaurit;7,3;38;5;8;1;DA;
nivela laser pareri;Scule;recenzie;nivela laser;5,3;38;3;0;1;DA;
nivela laser parkside pareri;Scule;recenzie;nivela laser;5,3;38;4;2;1;DA;
nivela laser pentru gresie;Scule;segment;nivela laser;5,3;38;4;6;1;DA;
pistol de lipit cu acumulator;Scule;segment;pistol de lipit;6,5;38;5;8;1;DA;
pistol de lipit cu sarma;Scule;segment;pistol de lipit;6,5;38;5;9;1;DA;
pistol de lipit pentru decoratiuni;Scule;segment;pistol de lipit;6,5;38;5;9;1;DA;
pistol de lipit pentru silicon;Scule;segment;pistol de lipit;6,5;38;5;8;1;DA;
polizor unghiular cu acumulator milwaukee;Scule;segment;polizor unghiular;6,5;38;5;8;1;DA;
polizor unghiular pareri;Scule;recenzie;polizor unghiular;6,5;38;3;0;1;DA;
polizor unghiular total pareri;Scule;recenzie;polizor unghiular;6,5;38;4;2;1;DA;
scara ieftina;Scule;pret;scara;6,5;38;2;0;1;DA;
scara piscina ieftina;Scule;pret;scara;6,5;38;3;2;1;DA;
trusa scule cu ciocan;Scule;segment;trusa scule;6,5;38;4;6;1;DA;
trusa scule jbm pareri;Scule;recenzie;trusa scule;6,5;38;4;2;1;DA;
trusa scule pareri;Scule;recenzie;trusa scule;6,5;38;3;0;1;DA;
trusa scule pentru tractor;Scule;segment;trusa scule;6,5;38;4;6;1;DA;
turbina sau compresor;Scule;comparatie;compresor;6,5;38;3;8;1;DA;
aparat de sudura rotor pareri;Scule;recenzie;aparat de sudura;6,5;36;5;5;1;DA;
bormasina pentru suruburi;Scule;segment;bormasina;7,3;36;3;5;1;DA;
cel mai bun aparat de sudura forum;Scule;roundup;aparat de sudura;6,5;36;7;6;1;DA;
cel mai bun compresor aer 50l;Scule;roundup;compresor;6,5;36;6;6;1;DA;
compresor cu baterie;Scule;segment;compresor;6,5;36;3;5;1;DA;
fierastrau electric cu fir;Scule;segment;fierastrau electric;7,3;36;4;7;1;DA;
generator curent pentru sudura;Scule;segment;generator curent;6,5;36;4;7;1;DA;
generator curent stager pareri;Scule;recenzie;generator curent;6,5;36;4;3;1;DA;
nivela laser cu linii;Scule;segment;nivela laser;5,3;36;4;7;1;DA;
nivela laser hilda pareri;Scule;recenzie;nivela laser;5,3;36;4;3;1;DA;
nivela laser pentru colturi;Scule;segment;nivela laser;5,3;36;4;7;1;DA;
scara cu trepte late;Scule;segment;scara;6,5;36;4;7;1;DA;
scara pentru pisici;Scule;segment;scara;6,5;36;3;5;1;DA;
scara pod ieftina;Scule;pret;scara;6,5;36;3;3;1;DA;
scara serial pareri;Scule;recenzie;scara;6,5;36;3;1;1;DA;
trusa scule hbm pareri;Scule;recenzie;trusa scule;6,5;36;4;3;1;DA;
aparat de sudura invertor pareri;Scule;recenzie;aparat de sudura;6,5;34;5;6;1;DA;
aspirator industrial cu aburi;Scule;segment;aspirator industrial;5,3;34;4;8;1;DA;
aspirator industrial cu bataie;Scule;segment;aspirator industrial;5,3;34;4;9;1;DA;
bormasina cu acumulator ieftina;Scule;pret;bormasina;7,3;34;4;6;1;DA;
bormasina cu percutie parkside;Scule;segment;bormasina;7,3;34;4;8;1;DA;
bormasina pareri;Scule;recenzie;bormasina;7,3;34;2;0;1;DA;
bormasina steinhaus pareri;Scule;recenzie;bormasina;7,3;34;3;2;1;DA;
cel mai bun aparat de sudura cu electrozi;Scule;roundup;aparat de sudura;6,5;34;8;7;1;DA;
compresor pareri;Scule;recenzie;compresor;6,5;34;2;0;1;DA;
compresor pentru piscina;Scule;segment;compresor;6,5;34;3;6;1;DA;
compresor pentru umflat baloane;Scule;segment;compresor;6,5;34;4;8;1;DA;
fierastrau electric cu disc;Scule;segment;fierastrau electric;7,3;34;4;9;1;DA;
fierastrau electric pentru carne;Scule;segment;fierastrau electric;7,3;34;4;9;1;DA;
generator curent cu gpl;Scule;segment;generator curent;6,5;34;4;8;1;DA;
generator curent cu magneti;Scule;segment;generator curent;6,5;34;4;9;1;DA;
generator curent kraft&dele pareri;Scule;recenzie;generator curent;6,5;34;4;4;1;DA;
nivela laser cu detector;Scule;segment;nivela laser;5,3;34;4;9;1;DA;
nivela laser cu stativ;Scule;segment;nivela laser;5,3;34;4;8;1;DA;
nivela laser lidl pareri;Scule;recenzie;nivela laser;5,3;34;4;4;1;DA;
nivela laser pentru canalizare;Scule;segment;nivela laser;5,3;34;4;8;1;DA;
nivela laser pentru pardoseala;Scule;segment;nivela laser;5,3;34;4;9;1;DA;
scara cu 3 tronsoane;Scule;segment;scara;6,5;34;4;8;1;DA;
scara cu vang central;Scule;segment;scara;6,5;34;4;9;1;DA;
scara metalica ieftina;Scule;pret;scara;6,5;34;3;4;1;DA;
scara pentru casa;Scule;segment;scara;6,5;34;3;6;1;DA;
scara pod pareri;Scule;recenzie;scara;6,5;34;3;2;1;DA;
set bormasina ieftina;Scule;pret;bormasina;7,3;34;3;4;1;DA;
surubelnita cu acumulator milwaukee;Scule;segment;surubelnita cu acumulator;7,3;34;4;9;1;DA;
trusa scule cu clichet;Scule;segment;trusa scule;6,5;34;4;9;1;DA;
generator curent ieftin;Scule;pret;generator curent;6,5;33;3;4,5;1;DA;
aparat de sudura velt pareri;Scule;recenzie;aparat de sudura;6,5;32;5;7;1;DA;
bormasina cu impact ieftina;Scule;pret;bormasina;7,3;32;4;7;1;DA;
bormasina pentru prezoane;Scule;segment;bormasina;7,3;32;3;7;1;DA;
bormasina raider pareri;Scule;recenzie;bormasina;7,3;32;3;3;1;DA;
cel mai bun aparat de sudura aluminiu;Scule;roundup;aparat de sudura;6,5;32;7;8;1;DA;
cel mai bun aparat de sudura profesional;Scule;roundup;aparat de sudura;6,5;32;7;9;1;DA;
cel mai bun compresor pentru vopsit;Scule;roundup;compresor;6,5;32;6;9;1;DA;
compresor cu butelie;Scule;segment;compresor;6,5;32;3;7;1;DA;
compresor mai ieftin;Scule;pret;compresor;6,5;32;3;5;1;DA;
compresor pentru aerograf;Scule;segment;compresor;6,5;32;3;7;1;DA;
nivela laser yato pareri;Scule;recenzie;nivela laser;5,3;32;4;5;1;DA;
scara mansarda ieftina;Scule;pret;scara;6,5;32;3;5;1;DA;
scara pentru mansarda;Scule;segment;scara;6,5;32;3;7;1;DA;
trusa bormasina ieftina;Scule;pret;bormasina;7,3;32;3;5;1;DA;
bormasina cu percutie ieftina;Scule;pret;bormasina;7,3;30;4;8;1;DA;
bormasina panzer pareri;Scule;recenzie;bormasina;7,3;30;3;4;1;DA;
bormasina pentru carota;Scule;segment;bormasina;7,3;30;3;9;1;DA;
bormasina pentru lemn;Scule;segment;bormasina;7,3;30;3;8;1;DA;
compresor aer 50l ieftin;Scule;pret;compresor;6,5;30;4;9;1;DA;
compresor cu aer;Scule;segment;compresor;6,5;30;3;8;1;DA;
scara pentru trambulina;Scule;segment;scara;6,5;30;3;9;1;DA;
scara telescopica ieftina;Scule;pret;scara;6,5;30;3;6;1;DA;
trusa pentru scule;Scule;segment;trusa scule;6,5;30;3;8;1;DA;
bormasina erbauer pareri;Scule;recenzie;bormasina;7,3;28;3;5;1;DA;
compresor 50l ieftin;Scule;pret;compresor;6,5;28;3;7;1;DA;
scara interioara ieftina;Scule;pret;scara;6,5;28;3;7;1;DA;
bormasina dexter pareri;Scule;recenzie;bormasina;7,3;26;3;6;1;DA;
cele mai bune bormasina;Scule;roundup;bormasina;7,3;26;4;0;1;DA;
compresor nrf pareri;Scule;recenzie;compresor;6,5;26;3;6;1;DA;
compresor vopsit ieftin;Scule;pret;compresor;6,5;26;3;8;1;DA;
scara interior ieftina;Scule;pret;scara;6,5;26;3;9;1;DA;
scara pliabila ieftina;Scule;pret;scara;6,5;26;3;8;1;DA;
bormasina yato pareri;Scule;recenzie;bormasina;7,3;24;3;7;1;DA;
compresor tagred pareri;Scule;recenzie;compresor;6,5;24;3;7;1;DA;
bormasina total pareri;Scule;recenzie;bormasina;7,3;22;3;9;1;DA;
compresor hilmann pareri;Scule;recenzie;compresor;6,5;22;3;8;1;DA;
compresor kraftdele pareri;Scule;recenzie;compresor;6,5;22;3;9;1;DA;
cel mai bun compresor;Scule;roundup;compresor;6,5;18;4;4;1;DA;
cat consuma o bicicleta electrica;Sport;informational;bicicleta;4,7;72;5;0;2;DA;
cat consuma o banda de alergat electrica;Sport;informational;banda de alergat;6,6;70;7;1;1;DA;
cat consuma o trotineta electrica la incarcare;Sport;informational;trotineta electrica;6,9;70;7;1;1;DA;
cat curent consuma o bicicleta electrica;Sport;informational;bicicleta;4,7;70;6;1;1;DA;
cat consuma banda de alergat;Sport;informational;banda de alergat;6,6;68;5;0;1;DA;
cat consuma o trotineta electrica;Sport;informational;trotineta electrica;6,9;68;5;0;1;DA;
cat curent consuma o banda de alergat;Sport;informational;banda de alergat;6,6;68;7;2;1;DA;
cat curent consuma o trotineta electrica;Sport;informational;trotineta electrica;6,9;68;6;2;1;DA;
banda de alergat sau bicicleta forum;Sport;comparatie;banda de alergat;6,6;64;6;1;1;DA;
bicicleta fitness sau banda de alergat;Sport;comparatie;bicicleta fitness;7;63;6;3,5;2;DA;
banda de alergat sau bicicleta;Sport;comparatie;banda de alergat;6,6;62;5;0;1;DA;
banda de alergat sau bicicleta eliptica;Sport;comparatie;banda de alergat;6,6;62;6;2;1;DA;
bicicleta sau banda de alergat;Sport;comparatie;bicicleta;4,7;62;5;0;1;DA;
aparat multifunctional fitness cu sac de box;Sport;segment;aparat multifunctional fitness;8;58;7;0;1;DA;
banda de alergat mecanica sau electrica;Sport;comparatie;banda de alergat;6,6;58;6;4;1;DA;
bicicleta electrica sau scuter;Sport;comparatie;bicicleta electrica;4,7;58;4;0;1;DA;
bicicleta sau mers pe jos;Sport;comparatie;bicicleta;4,7;58;5;2;1;DA;
lanseta telescopica sau din bucati;Sport;comparatie;lanseta;6,9;58;5;2;1;DA;
ramat cu gantere sau bara;Sport;comparatie;gantere;6,6;58;5;2;1;DA;
banda de alergat cu inclinatie electrica;Sport;segment;banda de alergat;6,6;56;6;1;1;DA;
banda de alergat electrica sau magnetica;Sport;comparatie;banda de alergat;6,6;56;6;5;1;DA;
banda de alergat sau stepper;Sport;comparatie;banda de alergat;6,6;56;5;3;1;DA;
bicicleta electrica sau nu;Sport;comparatie;bicicleta electrica;4,7;56;4;1;1;DA;
bicicleta fitness sau eliptica;Sport;comparatie;bicicleta fitness;7;56;4;1;1;DA;
shrugs cu gantere sau bara;Sport;comparatie;gantere;6,6;56;5;3;1;DA;
trotineta electrica pentru copii de 12 ani;Sport;segment;trotineta electrica;6,9;56;7;1;1;DA;
aparat multifunctional fitness pentru acasa;Sport;segment;aparat multifunctional fitness;8;54;5;0;1;DA;
banda de alergat cu inclinatie automata;Sport;segment;banda de alergat;6,6;54;6;2;1;DA;
banda de alergat pentru acasa;Sport;segment;banda de alergat;6,6;54;5;0;1;DA;
bicicleta fitness pentru maini si picioare;Sport;segment;bicicleta fitness;7;54;6;2;1;DA;
gantere sau haltere;Sport;comparatie;gantere;6,6;54;3;0;1;DA;
lanseta 2 sau 3 tronsoane;Sport;comparatie;lanseta;6,9;54;5;4;1;DA;
lanseta sau undita;Sport;comparatie;lanseta;6,9;54;3;0;1;DA;
sac de dormit cu picioare;Sport;segment;sac de dormit;6,9;54;5;0;1;DA;
sac de dormit cu picioare de vara;Sport;segment;sac de dormit;6,9;54;7;2;1;DA;
sac de dormit pentru copii;Sport;segment;sac de dormit;6,9;54;5;0;1;DA;
trotineta electrica pana in 1000 lei;Sport;pret;trotineta electrica;6,9;54;6;0;1;DA;
trotineta electrica pentru copii de 8 ani;Sport;segment;trotineta electrica;6,9;54;7;2;1;DA;
aparat multifunctional fitness pentru picioare;Sport;segment;aparat multifunctional fitness;8;52;5;1;1;DA;
banda de alergat ieftina si buna;Sport;pret;banda de alergat;6,6;52;6;1;1;DA;
banda de alergat pentru apartament;Sport;segment;banda de alergat;6,6;52;5;1;1;DA;
bicicleta cu 3 roti adulti;Sport;segment;bicicleta;4,7;52;5;1;1;DA;
bicicleta electrica cu 3 roti;Sport;segment;bicicleta electrica;4,7;52;5;1;1;DA;
bicicleta sau bicicleta;Sport;comparatie;bicicleta;4,7;52;3;1;1;DA;
gantere sau gantere;Sport;comparatie;gantere;6,6;52;3;1;1;DA;
lanseta 3.60 sau 3.90;Sport;comparatie;lanseta;6,9;52;4;3;1;DA;
lanseta sau feeder;Sport;comparatie;lanseta;6,9;52;3;1;1;DA;
sac de dormit cu incalzire;Sport;segment;sac de dormit;6,9;52;5;1;1;DA;
sac de dormit pentru bebelusi;Sport;segment;sac de dormit;6,9;52;5;1;1;DA;
trotineta electrica cu 3 roti;Sport;segment;trotineta electrica;6,9;52;5;1;1;DA;
trotineta electrica pana in 2000 lei;Sport;pret;trotineta electrica;6,9;52;6;1;1;DA;
banda de alergat cu inclinatie;Sport;segment;banda de alergat;6,6;50;5;2;1;DA;
banda de alergat pentru copii;Sport;segment;banda de alergat;6,6;50;5;2;1;DA;
bicicleta electrica cu roti groase;Sport;segment;bicicleta electrica;4,7;50;5;2;1;DA;
bicicleta electrica pentru copii;Sport;segment;bicicleta electrica;4,7;50;4;0;1;DA;
bicicleta electrica pentru persoane cu handicap;Sport;segment;bicicleta electrica;4,7;50;6;4;1;DA;
bicicleta fitness pentru acasa;Sport;segment;bicicleta fitness;7;50;4;0;1;DA;
bicicleta pana in 1000 lei;Sport;pret;bicicleta;4,7;50;5;0;1;DA;
bicicleta sau trotineta electrica;Sport;comparatie;bicicleta;4,7;50;4;4;1;DA;
ceas sport cu cronometru;Sport;segment;ceas sport;6,9;50;4;0;1;DA;
ceas sport pentru inot;Sport;segment;ceas sport;6,9;50;4;0;1;DA;
lanseta cu mulineta crap;Sport;segment;lanseta;6,9;50;4;0;1;DA;
sac de dormit pentru cort;Sport;segment;sac de dormit;6,9;50;5;2;1;DA;
trotineta electrica cu scaun;Sport;segment;trotineta electrica;6,9;50;4;0;1;DA;
trotineta electrica pana in 1500 lei;Sport;pret;trotineta electrica;6,9;50;6;2;1;DA;
trotineta electrica pentru copii;Sport;segment;trotineta electrica;6,9;50;4;0;1;DA;
trotineta electrica pentru copii de 10 ani;Sport;segment;trotineta electrica;6,9;50;7;4;1;DA;
banda de alergat pentru slabit;Sport;segment;banda de alergat;6,6;48;5;3;1;DA;
bicicleta electrica ieftina si buna;Sport;pret;bicicleta electrica;4,7;48;5;1;1;DA;
bicicleta electrica pentru batrani;Sport;segment;bicicleta electrica;4,7;48;4;1;1;DA;
bicicleta fitness cu scaun;Sport;segment;bicicleta fitness;7;48;4;1;1;DA;
bicicleta fitness pentru slabit;Sport;segment;bicicleta fitness;7;48;4;1;1;DA;
bicicleta pana in 2000 lei;Sport;pret;bicicleta;4,7;48;5;1;1;DA;
bicicleta sau banda;Sport;comparatie;bicicleta;4,7;48;3;3;1;DA;
ceas sport pentru copii;Sport;segment;ceas sport;6,9;48;4;1;1;DA;
cel mai bun aparat multifunctional fitness;Sport;roundup;aparat multifunctional fitness;8;48;6;0;1;DA;
cel mai bun sac de dormit;Sport;roundup;sac de dormit;6,9;48;6;0;1;DA;
cele mai bune corturi de camping;Sport;roundup;cort;9;48;6;0;1;DA;
sac de dormit cu puf;Sport;segment;sac de dormit;6,9;48;5;3;1;DA;
trotineta electrica ieftina si buna;Sport;pret;trotineta electrica;6,9;48;5;1;1;DA;
trotineta electrica pana in 500 lei;Sport;pret;trotineta electrica;6,9;48;6;3;1;DA;
trotineta electrica pentru copii de 5 ani;Sport;segment;trotineta electrica;6,9;48;7;5;1;DA;
aparat multifunctional fitness ieftin;Sport;pret;aparat multifunctional fitness;8;46;4;0;1;DA;
aparat multifunctional pentru fitness;Sport;segment;aparat multifunctional fitness;8;46;4;2;1;DA;
banda de alergat ieftina;Sport;pret;banda de alergat;6,6;46;4;0;1;DA;
banda de alergat pentru caini;Sport;segment;banda de alergat;6,6;46;5;4;1;DA;
bicicleta cu roti ajutatoare;Sport;segment;bicicleta;4,7;46;4;2;1;DA;
bicicleta electrica pentru femei;Sport;segment;bicicleta electrica;4,7;46;4;2;1;DA;
bicicleta pana in 500 lei;Sport;pret;bicicleta;4,7;46;5;2;1;DA;
bicicleta sau banda pentru slabit;Sport;comparatie;bicicleta;4,7;46;5;9;1;DA;
cel mai bun cort de 4 persoane;Sport;roundup;cort;9;46;7;1;1;DA;
cel mai bun far de bicicleta;Sport;roundup;bicicleta;4,7;46;6;1;1;DA;
cel mai bun sac de dormit bebe;Sport;roundup;sac de dormit;6,9;46;7;1;1;DA;
cele mai bune corturi de pescuit;Sport;roundup;cort;9;46;6;1;1;DA;
cort cu 2 camere;Sport;segment;cort;9;46;4;2;1;DA;
cort pentru masina;Sport;segment;cort;9;46;3;0;1;DA;
gantere cu suport;Sport;segment;gantere;6,6;46;3;0;1;DA;
gantere pentru copii;Sport;segment;gantere;6,6;46;3;0;1;DA;
lanseta pentru somn;Sport;segment;lanseta;6,9;46;3;0;1;DA;
sac de dormit cu maneci;Sport;segment;sac de dormit;6,9;46;5;4;1;DA;
sac de dormit cu picioare 1.5 tog;Sport;segment;sac de dormit;6,9;46;7;6;1;DA;
sac de dormit ieftin;Sport;pret;sac de dormit;6,9;46;4;0;1;DA;
sac de dormit pentru carucior;Sport;segment;sac de dormit;6,9;46;5;4;1;DA;
saltea pentru fitness;Sport;segment;saltea fitness;6,6;46;3;0;1;DA;
trotineta electrica cu 4 roti;Sport;segment;trotineta electrica;6,9;46;5;4;1;DA;
trotineta electrica cu suspensii;Sport;segment;trotineta electrica;6,9;46;4;2;1;DA;
trotineta electrica pana in 1000 ron;Sport;pret;trotineta electrica;6,9;46;6;4;1;DA;
banda de alergat ieftina decathlon;Sport;pret;banda de alergat;6,6;44;5;3;1;DA;
banda de alergat pareri forum;Sport;recenzie;banda de alergat;6,6;44;5;1;1;DA;
banda de alergat pentru birou;Sport;segment;banda de alergat;6,6;44;5;5;1;DA;
bicicleta electrica cu pedale;Sport;segment;bicicleta electrica;4,7;44;4;3;1;DA;
bicicleta electrica pentru adulti;Sport;segment;bicicleta electrica;4,7;44;4;3;1;DA;
bicicleta electrica pentru teren accidentat;Sport;segment;bicicleta electrica;4,7;44;5;5;1;DA;
bicicleta fitness buna pentru slabit;Sport;segment;bicicleta fitness;7;44;5;5;1;DA;
bicicleta fitness cu manere;Sport;segment;bicicleta fitness;7;44;4;3;1;DA;
bicicleta fitness pentru copii;Sport;segment;bicicleta fitness;7;44;4;3;1;DA;
bicicleta fitness pliabila ieftina;Sport;pret;bicicleta fitness;7;44;4;1;1;DA;
bicicleta pana in 3000 lei;Sport;pret;bicicleta;4,7;44;5;3;1;DA;
ceas pentru sport barbati;Sport;segment;ceas sport;6,9;44;4;3;1;DA;
cel mai bun antifurt bicicleta;Sport;roundup;bicicleta;4,7;44;5;0;1;DA;
cel mai bun ceas sport;Sport;roundup;ceas sport;6,9;44;5;0;1;DA;
cel mai bun cort auto;Sport;roundup;cort;9;44;5;0;1;DA;
cel mai bun cort de 2 persoane;Sport;roundup;cort;9;44;7;2;1;DA;
cel mai bun lant de bicicleta;Sport;roundup;bicicleta;4,7;44;6;2;1;DA;
cel mai bun trotineta electrica;Sport;roundup;trotineta electrica;6,9;44;5;0;1;DA;
cele mai bune trotineta electrica;Sport;roundup;trotineta electrica;6,9;44;5;0;1;DA;
cort pentru copii;Sport;segment;cort;9;44;3;1;1;DA;
gantere cu apa;Sport;segment;gantere;6,6;44;3;1;1;DA;
gantere ieftine second hand;Sport;pret;gantere;6,6;44;4;1;1;DA;
gantere pentru acasa;Sport;segment;gantere;6,6;44;3;1;1;DA;
gantere pentru copii mici;Sport;segment;gantere;6,6;44;4;3;1;DA;
lanseta cu mulineta decathlon;Sport;segment;lanseta;6,9;44;4;3;1;DA;
lanseta cu pluta;Sport;segment;lanseta;6,9;44;3;1;1;DA;
lanseta pentru crap;Sport;segment;lanseta;6,9;44;3;1;1;DA;
sac de dormit bebe pareri;Sport;recenzie;sac de dormit;6,9;44;5;1;1;DA;
sac de dormit cu saltea;Sport;segment;sac de dormit;6,9;44;5;5;1;DA;
sac de dormit cu sistem de infasare;Sport;segment;sac de dormit;6,9;44;7;7;1;DA;
sac de dormit pentru iarna;Sport;segment;sac de dormit;6,9;44;5;5;1;DA;
sac de dormit pentru nou nascuti;Sport;segment;sac de dormit;6,9;44;6;7;1;DA;
trotineta electrica cu roti mari;Sport;segment;trotineta electrica;6,9;44;5;5;1;DA;
trotineta electrica cu sa;Sport;segment;trotineta electrica;6,9;44;4;3;1;DA;
trotineta electrica pentru adulti;Sport;segment;trotineta electrica;6,9;44;4;3;1;DA;
banda de alergat buna pareri;Sport;recenzie;banda de alergat;6,6;42;5;2;1;DA;
banda de alergat cu inclinatie 15;Sport;segment;banda de alergat;6,6;42;6;8;1;DA;
banda de alergat cu vibromasaj;Sport;segment;banda de alergat;6,6;42;5;6;1;DA;
banda de alergat pareri;Sport;recenzie;banda de alergat;6,6;42;4;0;1;DA;
banda de alergat pentru 150 kg;Sport;segment;banda de alergat;6,6;42;6;8;1;DA;
banda de alergat pentru casa;Sport;segment;banda de alergat;6,6;42;5;6;1;DA;
banda de alergat pliabila ieftina;Sport;pret;banda de alergat;6,6;42;5;4;1;DA;
bicicleta cu pedale 3 ani;Sport;segment;bicicleta;4,7;42;5;6;1;DA;
bicicleta electrica cu 3 roti second hand;Sport;segment;bicicleta electrica;4,7;42;7;9;1;DA;
bicicleta fitness cu ecran;Sport;segment;bicicleta fitness;7;42;4;4;1;DA;
bicicleta fitness cu spatar;Sport;segment;bicicleta fitness;7;42;4;4;1;DA;
bicicleta pana in 1000 ron;Sport;pret;bicicleta;4,7;42;5;4;1;DA;
ceas pentru sport;Sport;segment;ceas sport;6,9;42;3;2;1;DA;
ceas pentru sport femei;Sport;segment;ceas sport;6,9;42;4;4;1;DA;
ceas sport ieftin;Sport;pret;ceas sport;6,9;42;3;0;1;DA;
cel mai bun cort de pescuit;Sport;roundup;cort;9;42;6;3;1;DA;
cel mai bun motor electric bicicleta;Sport;roundup;bicicleta;4,7;42;6;3;1;DA;
cele mai bune corturi de iarna;Sport;roundup;cort;9;42;6;3;1;DA;
cele mai bune frane de bicicleta;Sport;roundup;bicicleta;4,7;42;6;3;1;DA;
cele mai bune gantere reglabile;Sport;roundup;gantere;6,6;42;5;1;1;DA;
cele mai bune mansoane bicicleta;Sport;roundup;bicicleta;4,7;42;5;1;1;DA;
cort ieftin si bun;Sport;pret;cort;9;42;4;2;1;DA;
cort pentru curte;Sport;segment;cort;9;42;3;2;1;DA;
gantere cu discuri;Sport;segment;gantere;6,6;42;3;2;1;DA;
gantere pentru picioare;Sport;segment;gantere;6,6;42;3;2;1;DA;
lanseta cu luneta;Sport;segment;lanseta;6,9;42;3;2;1;DA;
lanseta pentru copii;Sport;segment;lanseta;6,9;42;3;2;1;DA;
sac de dormit cu picioare 0.5 tog;Sport;segment;sac de dormit;6,9;42;7;8;1;DA;
sac de dormit cu picioare 1 tog;Sport;segment;sac de dormit;6,9;42;7;9;1;DA;
sac de dormit pareri;Sport;recenzie;sac de dormit;6,9;42;4;0;1;DA;
sac de dormit pentru caini;Sport;segment;sac de dormit;6,9;42;5;6;1;DA;
saltea fitness ieftina;Sport;pret;saltea fitness;6,6;42;3;0;1;DA;
trotineta electrica ieftina;Sport;pret;trotineta electrica;6,9;42;3;0;1;DA;
trotineta electrica pana in 500 ron;Sport;pret;trotineta electrica;6,9;42;6;6;1;DA;
banda de alergat cu masaj;Sport;segment;banda de alergat;6,6;40;5;7;1;DA;
banda de alergat electrica ieftina;Sport;pret;banda de alergat;6,6;40;5;5;1;DA;
banda de alergat magnetica pareri;Sport;recenzie;banda de alergat;6,6;40;5;3;1;DA;
banda de alergat pentru pisici;Sport;segment;banda de alergat;6,6;40;5;7;1;DA;
bicicleta cu motor;Sport;segment;bicicleta;4,7;40;3;3;1;DA;
bicicleta cu roti groase;Sport;segment;bicicleta;4,7;40;4;5;1;DA;
bicicleta electrica cu acceleratie;Sport;segment;bicicleta electrica;4,7;40;4;5;1;DA;
bicicleta electrica ieftina reddit;Sport;pret;bicicleta electrica;4,7;40;4;3;1;DA;
bicicleta electrica ulzomo pareri;Sport;recenzie;bicicleta electrica;4,7;40;4;1;1;DA;
bicicleta fitness cu volanta;Sport;segment;bicicleta fitness;7;40;4;5;1;DA;
bicicleta ieftina adulti;Sport;pret;bicicleta;4,7;40;3;1;1;DA;
bicicleta sau alergat;Sport;comparatie;bicicleta;4,7;40;3;7;1;DA;
ceas inteligent pentru sport;Sport;segment;ceas sport;6,9;40;4;5;1;DA;
cel mai bun suport telefon bicicleta;Sport;roundup;bicicleta;4,7;40;6;4;1;DA;
cele mai bune cauciucuri bicicleta;Sport;roundup;bicicleta;4,7;40;5;2;1;DA;
cele mai bune corturi de 4 persoane;Sport;roundup;cort;9;40;7;4;1;DA;
cele mai bune lumini pentru bicicleta;Sport;roundup;bicicleta;4,7;40;6;4;1;DA;
cort cu masa si scaune;Sport;segment;cort;9;40;5;7;1;DA;
cort cu pereti;Sport;segment;cort;9;40;3;3;1;DA;
cort pentru gradina;Sport;segment;cort;9;40;3;3;1;DA;
gantere cu nisip;Sport;segment;gantere;6,6;40;3;3;1;DA;
lanseta cu mulineta roz;Sport;segment;lanseta;6,9;40;4;5;1;DA;
lanseta feeder ieftina;Sport;pret;lanseta;6,9;40;3;1;1;DA;
lanseta pentru pluta;Sport;segment;lanseta;6,9;40;3;3;1;DA;
trotineta electrica cu 2 motoare;Sport;segment;trotineta electrica;6,9;40;5;7;1;DA;
trotineta electrica ieftina adulti;Sport;pret;trotineta electrica;6,9;40;4;3;1;DA;
trotineta electrica pana in 1500 ron;Sport;pret;trotineta electrica;6,9;40;6;7;1;DA;
banda de alergat decathlon pareri;Sport;recenzie;banda de alergat;6,6;38;5;4;1;DA;
banda de alergat mai ieftina;Sport;pret;banda de alergat;6,6;38;5;6;1;DA;
banda de alergat pentru camera;Sport;segment;banda de alergat;6,6;38;5;9;1;DA;
bicicleta electrica 25 km h ieftina;Sport;pret;bicicleta electrica;4,7;38;6;9;1;DA;
bicicleta electrica adulti ieftina;Sport;pret;bicicleta electrica;4,7;38;4;4;1;DA;
bicicleta electrica cu 2 motoare;Sport;segment;bicicleta electrica;4,7;38;5;8;1;DA;
bicicleta electrica cu remorca;Sport;segment;bicicleta electrica;4,7;38;4;6;1;DA;
bicicleta electrica devron pareri;Sport;recenzie;bicicleta electrica;4,7;38;4;2;1;DA;
bicicleta electrica pareri;Sport;recenzie;bicicleta electrica;4,7;38;3;0;1;DA;
bicicleta fara pedale;Sport;segment;bicicleta;4,7;38;3;4;1;DA;
bicicleta fitness pareri;Sport;recenzie;bicicleta fitness;7;38;3;0;1;DA;
bicicleta ieftina;Sport;pret;bicicleta;4,7;38;2;0;1;DA;
bicicleta ieftina copii;Sport;pret;bicicleta;4,7;38;3;2;1;DA;
bicicleta pentru fitness;Sport;segment;bicicleta fitness;7;38;3;4;1;DA;
bicicleta pentru sport;Sport;segment;bicicleta;4,7;38;3;4;1;DA;
ceas smartwatch pentru sport;Sport;segment;ceas sport;6,9;38;4;6;1;DA;
cel mai bun cort de 1 persoana;Sport;roundup;cort;9;38;7;5;1;DA;
cel mai bun motor de bicicleta;Sport;roundup;bicicleta;4,7;38;6;5;1;DA;
cele mai bune camere de bicicleta;Sport;roundup;bicicleta;4,7;38;6;5;1;DA;
cele mai bune corturi de familie;Sport;roundup;cort;9;38;6;5;1;DA;
cort cu plasa tantari;Sport;segment;cort;9;38;4;6;1;DA;
cort cu terasa;Sport;segment;cort;9;38;3;4;1;DA;
cort ieftin;Sport;pret;cort;9;38;2;0;1;DA;
cort pentru plaja;Sport;segment;cort;9;38;3;4;1;DA;
gantere cu greutati reglabile;Sport;segment;gantere;6,6;38;4;6;1;DA;
gantere cu maner;Sport;segment;gantere;6,6;38;3;4;1;DA;
gantere ieftine;Sport;pret;gantere;6,6;38;2;0;1;DA;
gantere pentru apa;Sport;segment;gantere;6,6;38;3;4;1;DA;
lanseta crap ieftina;Sport;pret;lanseta;6,9;38;3;2;1;DA;
lanseta cu camera;Sport;segment;lanseta;6,9;38;3;4;1;DA;
lanseta cu mulineta spinning;Sport;segment;lanseta;6,9;38;4;6;1;DA;
lanseta ieftina;Sport;pret;lanseta;6,9;38;2;0;1;DA;
lanseta pentru scrumbie;Sport;segment;lanseta;6,9;38;3;4;1;DA;
lanseta robinhan pareri;Sport;recenzie;lanseta;6,9;38;3;0;1;DA;
sac de dormit pentru pisici;Sport;segment;sac de dormit;6,9;38;5;8;1;DA;
sac de dormit pentru scoica;Sport;segment;sac de dormit;6,9;38;5;9;1;DA;
set gantere ieftine;Sport;pret;gantere;6,6;38;3;2;1;DA;
trotineta electrica cu cheie;Sport;segment;trotineta electrica;6,9;38;4;6;1;DA;
trotineta electrica kukirin g2 pareri;Sport;recenzie;trotineta electrica;6,9;38;5;4;1;DA;
trotineta electrica kukirin pareri;Sport;recenzie;trotineta electrica;6,9;38;4;2;1;DA;
trotineta electrica pareri;Sport;recenzie;trotineta electrica;6,9;38;3;0;1;DA;
trotineta electrica pentru 2 persoane;Sport;segment;trotineta electrica;6,9;38;5;8;1;DA;
trotineta electrica pentru batrani;Sport;segment;trotineta electrica;6,9;38;4;6;1;DA;
banda de alergat acasa pareri;Sport;recenzie;banda de alergat;6,6;36;5;5;1;DA;
bicicleta electrica carpat pareri;Sport;recenzie;bicicleta electrica;4,7;36;4;3;1;DA;
bicicleta electrica devron 28161 pareri;Sport;recenzie;bicicleta electrica;4,7;36;5;5;1;DA;
bicicleta electrica mai ieftina;Sport;pret;bicicleta electrica;4,7;36;4;5;1;DA;
bicicleta fitness ieftina;Sport;pret;bicicleta fitness;7;36;3;3;1;DA;
bicicleta ieftina dama;Sport;pret;bicicleta;4,7;36;3;3;1;DA;
bicicleta ieftina full suspension;Sport;pret;bicicleta;4,7;36;4;5;1;DA;
bicicleta pentru sarituri;Sport;segment;bicicleta;4,7;36;3;5;1;DA;
cel mai bun cort de 3 persoane;Sport;roundup;cort;9;36;7;6;1;DA;
cel mai bun suport de bicicleta;Sport;roundup;bicicleta;4,7;36;6;6;1;DA;
cele mai bune corturi pe masina;Sport;roundup;cort;9;36;6;6;1;DA;
cele mai bune sei de bicicleta;Sport;roundup;bicicleta;4,7;36;6;6;1;DA;
cort cu soba;Sport;segment;cort;9;36;3;5;1;DA;
cort ieftin copii;Sport;pret;cort;9;36;3;3;1;DA;
cort pentru evenimente;Sport;segment;cort;9;36;3;5;1;DA;
cort pentru sauna;Sport;segment;cort;9;36;3;5;1;DA;
cort vidaxl pareri;Sport;recenzie;cort;9;36;3;1;1;DA;
gantere cu bara;Sport;segment;gantere;6,6;36;3;5;1;DA;
gantere pentru femei;Sport;segment;gantere;6,6;36;3;5;1;DA;
gantere reglabile ieftine;Sport;pret;gantere;6,6;36;3;3;1;DA;
lanseta pentru spomb;Sport;segment;lanseta;6,9;36;3;5;1;DA;
lanseta spinning ieftina;Sport;pret;lanseta;6,9;36;3;3;1;DA;
mini banda de alergat ieftina;Sport;pret;banda de alergat;6,6;36;5;7;1;DA;
trotineta electrica ieftine ro;Sport;pret;trotineta electrica;6,9;36;4;5;1;DA;
trotineta electrica pentru fete;Sport;segment;trotineta electrica;6,9;36;4;7;1;DA;
banda de alergat acasa ieftina;Sport;pret;banda de alergat;6,6;34;5;9;1;DA;
banda de alergat pliabila pareri;Sport;recenzie;banda de alergat;6,6;34;5;6;1;DA;
bicicleta electrica cea mai ieftina;Sport;pret;bicicleta electrica;4,7;34;5;8;1;DA;
bicicleta electrica crivit pareri;Sport;recenzie;bicicleta electrica;4,7;34;4;4;1;DA;
bicicleta electrica devron vulcan pareri;Sport;recenzie;bicicleta electrica;4,7;34;5;6;1;DA;
bicicleta electrica ieftina;Sport;pret;bicicleta electrica;4,7;34;3;4;1;DA;
bicicleta electrica pliabila ieftina;Sport;pret;bicicleta electrica;4,7;34;4;6;1;DA;
bicicleta pentru slabit;Sport;segment;bicicleta;4,7;34;3;6;1;DA;
cel mai bun ulei de lant bicicleta;Sport;roundup;bicicleta;4,7;34;7;7;1;DA;
cele mai bune faruri de bicicleta;Sport;roundup;bicicleta;4,7;34;6;7;1;DA;
cele mai bune firme de corturi;Sport;roundup;cort;9;34;6;7;1;DA;
cort cu protectie uv;Sport;segment;cort;9;34;4;8;1;DA;
cort gonflabil pareri;Sport;recenzie;cort;9;34;3;2;1;DA;
cort ieftin 2 persoane;Sport;pret;cort;9;34;4;6;1;DA;
cort ieftin gradina;Sport;pret;cort;9;34;3;4;1;DA;
cort pentru dus;Sport;segment;cort;9;34;3;6;1;DA;
cort plafon auto pareri;Sport;recenzie;cort;9;34;4;4;1;DA;
gantere 10 kg ieftine;Sport;pret;gantere;6,6;34;4;6;1;DA;
gantere pentru sport;Sport;segment;gantere;6,6;34;3;6;1;DA;
greutati gantere ieftine;Sport;pret;gantere;6,6;34;3;4;1;DA;
lanseta cu mulineta feeder;Sport;segment;lanseta;6,9;34;4;9;1;DA;
lanseta cu mulineta somn;Sport;segment;lanseta;6,9;34;4;8;1;DA;
lanseta pentru macrou;Sport;segment;lanseta;6,9;34;3;6;1;DA;
lanseta spod ieftina;Sport;pret;lanseta;6,9;34;3;4;1;DA;
lanseta spod pareri;Sport;recenzie;lanseta;6,9;34;3;2;1;DA;
price banda de alergat ieftina;Sport;pret;banda de alergat;6,6;34;5;8;1;DA;
trotineta electrica cu leduri;Sport;segment;trotineta electrica;6,9;34;4;9;1;DA;
trotineta electrica cu semnalizare;Sport;segment;trotineta electrica;6,9;34;4;8;1;DA;
banda de alergat lotto pareri;Sport;recenzie;banda de alergat;6,6;32;5;7;1;DA;
bicicleta cu suspensie;Sport;segment;bicicleta;4,7;32;3;7;1;DA;
bicicleta ieftina si buna;Sport;pret;bicicleta;4,7;32;4;7;1;DA;
bicicleta pentru femei;Sport;segment;bicicleta;4,7;32;3;7;1;DA;
cel mai bun cort de munte;Sport;roundup;cort;9;32;6;9;1;DA;
cele mai bune casti de bicicleta;Sport;roundup;bicicleta;4,7;32;6;9;1;DA;
cele mai bune schimbatoare de bicicleta;Sport;roundup;bicicleta;4,7;32;6;8;1;DA;
cort auto pareri;Sport;recenzie;cort;9;32;3;3;1;DA;
cort ieftin decathlon;Sport;pret;cort;9;32;3;5;1;DA;
cort pentru pescuit;Sport;segment;cort;9;32;3;7;1;DA;
gantere 40 kg ieftine;Sport;pret;gantere;6,6;32;4;7;1;DA;
gantere cu greutati;Sport;segment;gantere;6,6;32;3;7;1;DA;
gantere hexagonale ieftine;Sport;pret;gantere;6,6;32;3;5;1;DA;
gantere pentru brate;Sport;segment;gantere;6,6;32;3;7;1;DA;
kit bicicleta electrica ieftin;Sport;pret;bicicleta electrica;4,7;32;4;7;1;DA;
lanseta cu senzor;Sport;segment;lanseta;6,9;32;3;7;1;DA;
lanseta pentru rapitor;Sport;segment;lanseta;6,9;32;3;7;1;DA;
lanseta shimano tx1 pareri;Sport;recenzie;lanseta;6,9;32;4;5;1;DA;
lanseta spinning pareri;Sport;recenzie;lanseta;6,9;32;3;3;1;DA;
lanseta telescopica ieftina;Sport;pret;lanseta;6,9;32;3;5;1;DA;
trotineta electrica ieftina copii;Sport;pret;trotineta electrica;6,9;32;4;7;1;DA;
banda de alergat myria pareri;Sport;recenzie;banda de alergat;6,6;30;5;8;1;DA;
banda de alergat orion pareri;Sport;recenzie;banda de alergat;6,6;30;5;9;1;DA;
bicicleta ieftina decathlon;Sport;pret;bicicleta;4,7;30;3;6;1;DA;
bicicleta pentru recuperare;Sport;segment;bicicleta;4,7;30;3;8;1;DA;
cel mai bun cort camping;Sport;roundup;cort;9;30;5;7;1;DA;
cort cu saltea;Sport;segment;cort;9;30;3;9;1;DA;
cort pentru rulota;Sport;segment;cort;9;30;3;9;1;DA;
cort pentru terasa;Sport;segment;cort;9;30;3;8;1;DA;
gantere 20 kg ieftine;Sport;pret;gantere;6,6;30;4;9;1;DA;
gantere 5 kg ieftine;Sport;pret;gantere;6,6;30;4;8;1;DA;
gantere cu banca;Sport;segment;gantere;6,6;30;3;8;1;DA;
gantere cu filet;Sport;segment;gantere;6,6;30;3;9;1;DA;
gantere pentru incepatori;Sport;segment;gantere;6,6;30;3;8;1;DA;
gantere pentru sala;Sport;segment;gantere;6,6;30;3;9;1;DA;
lanseta cu mulineta ieftina;Sport;pret;lanseta;6,9;30;4;8;1;DA;
lanseta feeder 3.90 ieftina;Sport;pret;lanseta;6,9;30;4;9;1;DA;
lanseta feeder pareri;Sport;recenzie;lanseta;6,9;30;3;4;1;DA;
lanseta okuma 8k pareri;Sport;recenzie;lanseta;6,9;30;4;6;1;DA;
lanseta pentru caras;Sport;segment;lanseta;6,9;30;3;9;1;DA;
lanseta pentru pastrav;Sport;segment;lanseta;6,9;30;3;8;1;DA;
lanseta somn ieftina;Sport;pret;lanseta;6,9;30;3;6;1;DA;
trotineta electrica ieftina kukirin;Sport;pret;trotineta electrica;6,9;30;4;9;1;DA;
cel mai bun cortizon natural;Sport;roundup;cort;9;28;5;8;1;DA;
cort pavilion ieftin;Sport;pret;cort;9;28;3;7;1;DA;
lanseta colmic calibra pareri;Sport;recenzie;lanseta;6,9;28;4;7;1;DA;
lanseta pescuit ieftina;Sport;pret;lanseta;6,9;28;3;7;1;DA;
bicicleta ieftina timisoara;Sport;pret;bicicleta;4,7;26;3;9;1;DA;
cele mai bune bicicleta;Sport;roundup;bicicleta;4,7;26;4;0;1;DA;
cele mai bune gantere;Sport;roundup;gantere;6,6;26;4;0;1;DA;
cort camping ieftin;Sport;pret;cort;9;26;3;9;1;DA;
cort curte ieftin;Sport;pret;cort;9;26;3;8;1;DA;
lanseta hakuyo tx5 pareri;Sport;recenzie;lanseta;6,9;26;4;8;1;DA;
lanseta spinning telescopica pareri;Sport;recenzie;lanseta;6,9;26;4;9;1;DA;
cele mai bune corturi;Sport;roundup;cort;9;22;4;2;1;DA;
cel mai bun cort;Sport;roundup;cort;9;18;4;4;1;DA;
cat consuma o camera de supraveghere;Supraveghere;informational;camera de supraveghere;7,3;72;6;0;1;DA;
cat consuma un senzor de miscare;Supraveghere;informational;senzor de miscare;4,8;72;6;0;1;DA;
cat consuma o camera de supraveghere pe luna;Supraveghere;informational;camera de supraveghere;7,3;70;8;1;1;DA;
cat internet consuma o camera de supraveghere 4g;Supraveghere;informational;camera de supraveghere;7,3;68;8;2;1;DA;
cat curent consuma o camera de supraveghere;Supraveghere;informational;camera de supraveghere;7,3;66;7;3;1;DA;
cat internet consuma o camera de supraveghere;Supraveghere;informational;camera de supraveghere;7,3;64;7;4;1;DA;
cat costa un sistem de alarma pentru casa;Supraveghere;informational;sistem de alarma;4,8;60;8;6;1;DA;
camera de supraveghere cu panou solar;Supraveghere;segment;camera de supraveghere;7,3;57;6;0,5;1;DA;
camera de supraveghere cu panou solar pareri;Supraveghere;segment;camera de supraveghere;7,3;56;7;1;1;DA;
kit camere supraveghere cu cartela sim;Supraveghere;segment;kit supraveghere;7,3;56;6;1;1;DA;
senzor de miscare pentru banda led;Supraveghere;segment;senzor de miscare;4,8;56;6;1;1;DA;
sistem de alarma cu camera video;Supraveghere;segment;sistem de alarma;4,8;56;6;1;1;DA;
camera de supraveghere cu cartela sim;Supraveghere;segment;camera de supraveghere;7,3;54;6;2;1;DA;
camera de supraveghere pentru bebelusi;Supraveghere;segment;camera de supraveghere;7,3;54;5;0;1;DA;
kit camere supraveghere cu panou solar;Supraveghere;segment;kit supraveghere;7,3;54;6;2;1;DA;
sistem de alarma cu cartela sim;Supraveghere;segment;sistem de alarma;4,8;54;6;2;1;DA;
sistem de alarma pentru casa;Supraveghere;segment;sistem de alarma;4,8;54;5;0;1;DA;
yala inteligenta pentru usa termopan;Supraveghere;segment;yala inteligenta;7,3;54;5;0;1;DA;
camera de supraveghere ieftina si buna;Supraveghere;pret;camera de supraveghere;7,3;52;6;1;1;DA;
camera de supraveghere pentru vizor usa;Supraveghere;segment;camera de supraveghere;7,3;52;6;3;1;DA;
senzor de miscare cu alarma la distanta;Supraveghere;segment;senzor de miscare;4,8;52;7;3;1;DA;
senzor de miscare pentru bec;Supraveghere;segment;senzor de miscare;4,8;52;5;1;1;DA;
sistem de alarma pentru masina;Supraveghere;segment;sistem de alarma;4,8;52;5;1;1;DA;
yala inteligenta pentru usa metalica;Supraveghere;segment;yala inteligenta;7,3;52;5;1;1;DA;
senzor de miscare cu alarma;Supraveghere;segment;senzor de miscare;4,8;51;5;1,5;1;DA;
camera de supraveghere cu panou solar ieftine;Supraveghere;pret;camera de supraveghere;7,3;50;7;2;1;DA;
camera de supraveghere pentru vizor;Supraveghere;segment;camera de supraveghere;7,3;50;5;2;1;DA;
kit supraveghere cu nvr;Supraveghere;segment;kit supraveghere;7,3;50;4;0;1;DA;
senzor de miscare cu microunde;Supraveghere;segment;senzor de miscare;4,8;50;5;2;1;DA;
senzor de miscare pentru exterior;Supraveghere;segment;senzor de miscare;4,8;50;5;2;1;DA;
sistem de alarma pentru apartament;Supraveghere;segment;sistem de alarma;4,8;50;5;2;1;DA;
yala inteligenta cu camera;Supraveghere;segment;yala inteligenta;7,3;50;4;0;1;DA;
automatizare pentru poarta culisanta;Supraveghere;segment;automatizare poarta;7,3;48;4;1;1;DA;
camera de supraveghere cu baterii;Supraveghere;segment;camera de supraveghere;7,3;48;5;3;1;DA;
camera de supraveghere cu panou solar si sim;Supraveghere;segment;camera de supraveghere;7,3;48;8;5;1;DA;
cea mai ieftina camera de supraveghere;Supraveghere;pret;camera de supraveghere;7,3;48;6;3;1;DA;
cel mai bun camera de supraveghere;Supraveghere;roundup;camera de supraveghere;7,3;48;6;0;1;DA;
cel mai bun kit automatizare poarta culisanta;Supraveghere;roundup;automatizare poarta;7,3;48;7;0;1;DA;
cel mai bun kit de supraveghere video;Supraveghere;roundup;kit supraveghere;7,3;48;7;0;1;DA;
cel mai bun senzor de miscare;Supraveghere;roundup;senzor de miscare;4,8;48;6;0;1;DA;
cele mai bune camera de supraveghere;Supraveghere;roundup;camera de supraveghere;7,3;48;6;0;1;DA;
kit camere supraveghere cu dvr;Supraveghere;segment;kit supraveghere;7,3;48;5;3;1;DA;
senzor de miscare cu alarma pe telefon;Supraveghere;segment;senzor de miscare;4,8;48;7;5;1;DA;
senzor de miscare cu sunet;Supraveghere;segment;senzor de miscare;4,8;48;5;3;1;DA;
senzor de miscare pentru lumina;Supraveghere;segment;senzor de miscare;4,8;48;5;3;1;DA;
sistem de alarma cu monitorizarea habitaclului;Supraveghere;segment;sistem de alarma;4,8;48;6;5;1;DA;
sistem de alarma pentru batrani;Supraveghere;segment;sistem de alarma;4,8;48;5;3;1;DA;
videointerfon cu control acces;Supraveghere;segment;videointerfon;6,8;48;4;1;1;DA;
yala inteligenta cu amprenta;Supraveghere;segment;yala inteligenta;7,3;48;4;1;1;DA;
yala inteligenta k9 pentru usi termopan;Supraveghere;segment;yala inteligenta;7,3;48;6;5;1;DA;
automatizare pentru poarta;Supraveghere;segment;automatizare poarta;7,3;46;3;0;1;DA;
camera de supraveghere cu sim;Supraveghere;segment;camera de supraveghere;7,3;46;5;4;1;DA;
camera de supraveghere ieftina;Supraveghere;pret;camera de supraveghere;7,3;46;4;0;1;DA;
camera de supraveghere pentru copii;Supraveghere;segment;camera de supraveghere;7,3;46;5;4;1;DA;
cel mai bun bec cu senzor de miscare;Supraveghere;roundup;senzor de miscare;4,8;46;8;1;1;DA;
cel mai bun kit de camere de supraveghere;Supraveghere;roundup;kit supraveghere;7,3;46;8;1;1;DA;
kit camere supraveghere cu monitor;Supraveghere;segment;kit supraveghere;7,3;46;5;4;1;DA;
kit camere supraveghere ieftine;Supraveghere;pret;kit supraveghere;7,3;46;4;0;1;DA;
senzor de miscare cu infrarosu;Supraveghere;segment;senzor de miscare;4,8;46;5;4;1;DA;
senzor de miscare pentru plafoniera;Supraveghere;segment;senzor de miscare;4,8;46;5;4;1;DA;
sistem de alarma cu baterie;Supraveghere;segment;sistem de alarma;4,8;46;5;4;1;DA;
sistem de alarma cu senzori;Supraveghere;segment;sistem de alarma;4,8;46;5;4;1;DA;
sistem de alarma pentru magazin;Supraveghere;segment;sistem de alarma;4,8;46;5;4;1;DA;
videointerfon cu yala electromagnetica;Supraveghere;segment;videointerfon;6,8;46;4;2;1;DA;
videointerfon pentru casa;Supraveghere;segment;videointerfon;6,8;46;3;0;1;DA;
yala inteligenta cu cod;Supraveghere;segment;yala inteligenta;7,3;46;4;2;1;DA;
yala inteligenta cu recunoastere faciala;Supraveghere;segment;yala inteligenta;7,3;46;5;4;1;DA;
yala inteligenta pentru termopan;Supraveghere;segment;yala inteligenta;7,3;46;4;2;1;DA;
videointerfon cu 2 posturi interioare;Supraveghere;segment;videointerfon;6,8;45;5;4,5;1;DA;
cablu pentru videointerfon;Supraveghere;segment;videointerfon;6,8;44;3;1;1;DA;
camera de supraveghere pentru interior;Supraveghere;segment;camera de supraveghere;7,3;44;5;5;1;DA;
kit camere supraveghere cu nvr;Supraveghere;segment;kit supraveghere;7,3;44;5;5;1;DA;
senzor de miscare cu camera ascunsa;Supraveghere;segment;senzor de miscare;4,8;44;6;7;1;DA;
senzor de miscare pentru aplica;Supraveghere;segment;senzor de miscare;4,8;44;5;5;1;DA;
senzor de miscare wireless pentru iluminat;Supraveghere;segment;senzor de miscare;4,8;44;6;7;1;DA;
videointerfon cu 2 fire;Supraveghere;segment;videointerfon;6,8;44;4;3;1;DA;
yala inteligenta cu montaj;Supraveghere;segment;yala inteligenta;7,3;44;4;3;1;DA;
yala inteligenta pentru poarta;Supraveghere;segment;yala inteligenta;7,3;44;4;3;1;DA;
cel mai bun sistem de alarma pentru casa;Supraveghere;roundup;sistem de alarma;4,8;43;8;2,5;1;DA;
alarma cu senzor de miscare pentru exterior;Supraveghere;segment;senzor de miscare;4,8;42;7;9;1;DA;
automatizare poarta culisanta pareri;Supraveghere;recenzie;automatizare poarta;7,3;42;4;0;1;DA;
camera de supraveghere cu cartela;Supraveghere;segment;camera de supraveghere;7,3;42;5;6;1;DA;
camera de supraveghere cu panou solar si wifi;Supraveghere;segment;camera de supraveghere;7,3;42;8;8;1;DA;
camera de supraveghere pareri;Supraveghere;recenzie;camera de supraveghere;7,3;42;4;0;1;DA;
camera de supraveghere pentru masina;Supraveghere;segment;camera de supraveghere;7,3;42;5;6;1;DA;
kit camere supraveghere exterior cu microfon;Supraveghere;segment;kit supraveghere;7,3;42;6;9;1;DA;
kit supraveghere video cu monitor;Supraveghere;segment;kit supraveghere;7,3;42;5;6;1;DA;
senzor de miscare cu temporizator;Supraveghere;segment;senzor de miscare;4,8;42;5;6;1;DA;
senzor de miscare pentru lampa;Supraveghere;segment;senzor de miscare;4,8;42;5;6;1;DA;
sistem alarma ieftin;Supraveghere;pret;sistem de alarma;4,8;42;3;0;1;DA;
sistem de alarma cu fir;Supraveghere;segment;sistem de alarma;4,8;42;5;6;1;DA;
videointerfon cu recunoastere faciala;Supraveghere;segment;videointerfon;6,8;42;4;4;1;DA;
yala inteligenta pentru exterior;Supraveghere;segment;yala inteligenta;7,3;42;4;4;1;DA;
camera de supraveghere cu acumulator;Supraveghere;segment;camera de supraveghere;7,3;40;5;7;1;DA;
camera de supraveghere pentru exterior;Supraveghere;segment;camera de supraveghere;7,3;40;5;7;1;DA;
kit camere supraveghere cu microfon;Supraveghere;segment;kit supraveghere;7,3;40;5;7;1;DA;
sistem alarma cu bariera infrarosu;Supraveghere;segment;sistem de alarma;4,8;40;5;7;1;DA;
yala inteligenta cu cartela;Supraveghere;segment;yala inteligenta;7,3;40;4;5;1;DA;
camera de supraveghere cu wifi;Supraveghere;segment;camera de supraveghere;7,3;38;5;9;1;DA;
camera de supraveghere pentru camera;Supraveghere;segment;camera de supraveghere;7,3;38;5;8;1;DA;
kit camere supraveghere cu montaj;Supraveghere;segment;kit supraveghere;7,3;38;5;8;1;DA;
senzor de miscare cu baterii;Supraveghere;segment;senzor de miscare;4,8;38;5;8;1;DA;
senzor de miscare cu camera;Supraveghere;segment;senzor de miscare;4,8;38;5;9;1;DA;
sistem alarma cu panou solar;Supraveghere;segment;sistem de alarma;4,8;38;5;8;1;DA;
videointerfon cu doua monitoare;Supraveghere;segment;videointerfon;6,8;38;4;6;1;DA;
videointerfon ieftin;Supraveghere;pret;videointerfon;6,8;38;2;0;1;DA;
yala inteligenta cu butuc;Supraveghere;segment;yala inteligenta;7,3;38;4;6;1;DA;
yala inteligenta pareri;Supraveghere;recenzie;yala inteligenta;7,3;38;3;0;1;DA;
videointerfon cu amprenta;Supraveghere;segment;videointerfon;6,8;36;3;5;1;DA;
camera supraveghere pentru padure;Supraveghere;segment;camera de supraveghere;7,3;34;4;9;1;DA;
senzor miscare pentru proiector;Supraveghere;segment;senzor de miscare;4,8;34;4;8;1;DA;
sistem alarma cu sirena;Supraveghere;segment;sistem de alarma;4,8;34;4;9;1;DA;
videointerfon cu deschidere poarta;Supraveghere;segment;videointerfon;6,8;34;4;9;1;DA;
videointerfon cu tastatura;Supraveghere;segment;videointerfon;6,8;32;3;7;1;DA;
videointerfon cu cartela;Supraveghere;segment;videointerfon;6,8;30;3;8;1;DA;
cel mai bun videointerfon;Supraveghere;roundup;videointerfon;6,8;26;4;0;1;DA;
cat consuma o perna electrica;Textile casa;informational;perna;7,6;68;5;0;1;DA;
cat consuma un covor electric;Textile casa;informational;covor;7,6;68;5;0;1;DA;
detergent de rufe cu miros de tei;Textile casa;segment;detergent de rufe;5,9;56;7;1;1;DA;
lenjerie de pat cu elastic 160x200;Textile casa;segment;lenjerie de pat;7,6;56;6;1;1;DA;
lenjerie de pat pentru o persoana;Textile casa;segment;lenjerie de pat;7,6;56;6;1;1;DA;
perna sau perina dex;Textile casa;comparatie;perna;7,6;56;4;1;1;DA;
prosoape de baie cu gluga pentru copii;Textile casa;segment;prosoape de baie;7,6;55;7;1,5;1;DA;
aspirator de mana pentru par de animale;Textile casa;segment;aspirator de mana;5,7;54;7;2;1;DA;
covor poliester sau polipropilena;Textile casa;comparatie;covor;7,6;54;4;2;1;DA;
detergent de rufe pentru bebelusi;Textile casa;segment;detergent de rufe;5,9;54;5;0;1;DA;
detergent de rufe pentru piele sensibila;Textile casa;segment;detergent de rufe;5,9;54;6;2;1;DA;
draperii sau jaluzele;Textile casa;comparatie;draperii;7,6;54;3;0;1;DA;
jaluzele sau perdele;Textile casa;comparatie;jaluzele;7,6;54;3;0;1;DA;
lenjerie de pat pentru copii;Textile casa;segment;lenjerie de pat;7,6;54;5;0;1;DA;
perna sau perina;Textile casa;comparatie;perna;7,6;54;3;0;1;DA;
pilota sau plapuma;Textile casa;comparatie;pilota;7,6;54;3;0;1;DA;
prosoape de baie pentru copii;Textile casa;segment;prosoape de baie;7,6;54;5;0;1;DA;
aspirator de mana bun si ieftin;Textile casa;pret;aspirator de mana;5,7;52;6;1;1;DA;
aspirator de mana cu fir;Textile casa;segment;aspirator de mana;5,7;52;5;1;1;DA;
covor persan sau persian;Textile casa;comparatie;covor;7,6;52;4;3;1;DA;
covor sau mocheta;Textile casa;comparatie;covor;7,6;52;3;1;1;DA;
detergent de rufe cu miros de tei dm;Textile casa;segment;detergent de rufe;5,9;52;8;3;1;DA;
detergent de rufe ieftin si bun;Textile casa;pret;detergent de rufe;5,9;52;6;1;1;DA;
detergent de rufe pentru bebelusi 1l hygienium;Textile casa;segment;detergent de rufe;5,9;52;7;3;1;DA;
detergent de rufe pentru copii;Textile casa;segment;detergent de rufe;5,9;52;5;1;1;DA;
draperii lungi sau scurte;Textile casa;comparatie;draperii;7,6;52;4;3;1;DA;
draperii pe sina sau galerie;Textile casa;comparatie;draperii;7,6;52;5;5;1;DA;
draperii sau perdele;Textile casa;comparatie;draperii;7,6;52;3;1;1;DA;
jaluzele sau draperii;Textile casa;comparatie;jaluzele;7,6;52;3;1;1;DA;
lenjerie de pat cu elastic;Textile casa;segment;lenjerie de pat;7,6;52;5;1;1;DA;
lenjerie de pat cu elastic 140x200;Textile casa;segment;lenjerie de pat;7,6;52;6;3;1;DA;
perna cu spuma de memorie;Textile casa;segment;perna;7,6;52;5;1;1;DA;
pilota cu puf de gasca;Textile casa;segment;pilota;7,6;52;5;1;1;DA;
prosoape de baie pentru picioare;Textile casa;segment;prosoape de baie;7,6;52;5;1;1;DA;
aspirator de mana cu spalare;Textile casa;segment;aspirator de mana;5,7;50;5;2;1;DA;
cu covor sau fara;Textile casa;comparatie;covor;7,6;50;4;4;1;DA;
detergent de rufe cu enzime;Textile casa;segment;detergent de rufe;5,9;50;5;2;1;DA;
detergent de rufe cu parfum de tei;Textile casa;segment;detergent de rufe;5,9;50;7;4;1;DA;
detergent de rufe pentru dermatita atopica;Textile casa;segment;detergent de rufe;5,9;50;6;4;1;DA;
draperii sau draperi;Textile casa;comparatie;draperii;7,6;50;3;2;1;DA;
jaluzele sau rolete;Textile casa;comparatie;jaluzele;7,6;50;3;2;1;DA;
lenjerie de pat cu elastic 200x220;Textile casa;segment;lenjerie de pat;7,6;50;6;4;1;DA;
lenjerie de pat cu volanase;Textile casa;segment;lenjerie de pat;7,6;50;5;2;1;DA;
lenjerie de pat ieftine la 30 lei;Textile casa;pret;lenjerie de pat;7,6;50;7;2;1;DA;
lenjerie de pat pentru vara;Textile casa;segment;lenjerie de pat;7,6;50;5;2;1;DA;
perna cu samburi de cirese;Textile casa;segment;perna;7,6;50;5;2;1;DA;
pilota cu efect de racire;Textile casa;segment;pilota;7,6;50;5;2;1;DA;
prosoape de baie pentru bebelusi;Textile casa;segment;prosoape de baie;7,6;50;5;2;1;DA;
steinteppich sau covor de piatra;Textile casa;comparatie;covor;7,6;50;5;6;1;DA;
aspirator de mana cu aburi;Textile casa;segment;aspirator de mana;5,7;48;5;3;1;DA;
aspirator de mana cu acumulator;Textile casa;segment;aspirator de mana;5,7;48;5;3;1;DA;
aspirator de mana cu acumulator silvercrest;Textile casa;segment;aspirator de mana;5,7;48;6;5;1;DA;
aspirator de mana pentru praf;Textile casa;segment;aspirator de mana;5,7;48;5;3;1;DA;
cel mai bun aspirator de mana;Textile casa;roundup;aspirator de mana;5,7;48;6;0;1;DA;
cel mai bun detergent de rufe;Textile casa;roundup;detergent de rufe;5,9;48;6;0;1;DA;
cel mai bun material pentru draperii;Textile casa;roundup;draperii;7,6;48;6;0;1;DA;
cel mai bun material pentru lenjerie de pat;Textile casa;roundup;lenjerie de pat;7,6;48;8;0;1;DA;
cele mai bune prosoape de baie;Textile casa;roundup;prosoape de baie;7,6;48;6;0;1;DA;
covor din pvc sau cauciuc;Textile casa;comparatie;covor;7,6;48;5;7;1;DA;
covor rotund sau dreptunghiular;Textile casa;comparatie;covor;7,6;48;4;5;1;DA;
detergent de rufe cu parfum de tei dm;Textile casa;segment;detergent de rufe;5,9;48;8;5;1;DA;
jaluzele cu prindere pe geam;Textile casa;segment;jaluzele;7,6;48;5;3;1;DA;
jaluzele sau rulouri;Textile casa;comparatie;jaluzele;7,6;48;3;3;1;DA;
lenjerie de pat ieftina chisinau;Textile casa;pret;lenjerie de pat;7,6;48;5;1;1;DA;
lenjerie de pat pentru bebelusi;Textile casa;segment;lenjerie de pat;7,6;48;5;3;1;DA;
lenjerie de pat pentru copii md;Textile casa;segment;lenjerie de pat;7,6;48;6;5;1;DA;
pilota cu lana de oaie;Textile casa;segment;pilota;7,6;48;5;3;1;DA;
prosoape mari de baie ieftine;Textile casa;pret;prosoape de baie;7,6;48;5;1;1;DA;
aspirator de mana cu apa;Textile casa;segment;aspirator de mana;5,7;46;5;4;1;DA;
aspirator de mana ieftin;Textile casa;pret;aspirator de mana;5,7;46;4;0;1;DA;
aspirator de mana pentru canapea;Textile casa;segment;aspirator de mana;5,7;46;5;4;1;DA;
cel mai bun aspirator de mana fara fir;Textile casa;roundup;aspirator de mana;5,7;46;8;1;1;DA;
cel mai bun covor de baie;Textile casa;roundup;covor;7,6;46;6;1;1;DA;
cel mai ieftin detergent de rufe;Textile casa;pret;detergent de rufe;5,9;46;6;4;1;DA;
cele mai bune covorase de baie;Textile casa;roundup;covor;7,6;46;6;1;1;DA;
corect perna sau perina;Textile casa;comparatie;perna;7,6;46;4;6;1;DA;
covor cu flori;Textile casa;segment;covor;7,6;46;3;0;1;DA;
covor pentru copii;Textile casa;segment;covor;7,6;46;3;0;1;DA;
detergent de rufe cu bicarbonat;Textile casa;segment;detergent de rufe;5,9;46;5;4;1;DA;
detergent lichid de rufe ieftin;Textile casa;pret;detergent de rufe;5,9;46;5;2;1;DA;
draperii cu inele;Textile casa;segment;draperii;7,6;46;3;0;1;DA;
draperii pentru terasa;Textile casa;segment;draperii;7,6;46;3;0;1;DA;
jaluzele cu ventuze;Textile casa;segment;jaluzele;7,6;46;3;0;1;DA;
jaluzele cu ventuze leroy merlin;Textile casa;segment;jaluzele;7,6;46;5;4;1;DA;
jaluzele pentru geamuri;Textile casa;segment;jaluzele;7,6;46;3;0;1;DA;
jaluzele sau storuri;Textile casa;comparatie;jaluzele;7,6;46;3;4;1;DA;
lenjerie de pat ieftine;Textile casa;pret;lenjerie de pat;7,6;46;4;0;1;DA;
lenjerie de pat microfibra pareri;Textile casa;recenzie;lenjerie de pat;7,6;46;5;0;1;DA;
lenjerie de pat pentru camion;Textile casa;segment;lenjerie de pat;7,6;46;5;4;1;DA;
perdele sau jaluzele in living;Textile casa;comparatie;jaluzele;7,6;46;5;8;1;DA;
perdele sau jaluzele la balcon;Textile casa;comparatie;jaluzele;7,6;46;5;9;1;DA;
perna cu memorie;Textile casa;segment;perna;7,6;46;3;0;1;DA;
perna pentru gravide;Textile casa;segment;perna;7,6;46;3;0;1;DA;
perna sau perna;Textile casa;comparatie;perna;7,6;46;3;4;1;DA;
pilota cu perne;Textile casa;segment;pilota;7,6;46;3;0;1;DA;
pilota lana sau puf;Textile casa;comparatie;pilota;7,6;46;4;6;1;DA;
pilota pentru copii;Textile casa;segment;pilota;7,6;46;3;0;1;DA;
prosoape de bumbac pentru baie;Textile casa;segment;prosoape de baie;7,6;46;5;4;1;DA;
rulouri sau draperii;Textile casa;comparatie;draperii;7,6;46;3;4;1;DA;
aspirator de mana pentru masina;Textile casa;segment;aspirator de mana;5,7;45;5;4,5;1;DA;
cel mai bun detergent de rufe pareri;Textile casa;roundup;detergent de rufe;5,9;45;7;1,5;1;DA;
aspirator de mana lidl pareri;Textile casa;recenzie;aspirator de mana;5,7;44;5;1;1;DA;
aspirator de mana pentru casa;Textile casa;segment;aspirator de mana;5,7;44;5;5;1;DA;
cel mai bun aspirator de mana cu acumulator;Textile casa;roundup;aspirator de mana;5,7;44;8;2;1;DA;
cel mai bun detergent de rufe lichid;Textile casa;roundup;detergent de rufe;5,9;44;7;2;1;DA;
cele mai bune covorase absorbante caini;Textile casa;roundup;covor;7,6;44;6;2;1;DA;
cele mai bune jaluzele interioare;Textile casa;roundup;jaluzele;7,6;44;5;0;1;DA;
covor de piatra cu rasina;Textile casa;segment;covor;7,6;44;5;5;1;DA;
covor pentru piscina;Textile casa;segment;covor;7,6;44;3;1;1;DA;
detergent de rufe asevi pareri;Textile casa;recenzie;detergent de rufe;5,9;44;5;1;1;DA;
draperii cu rejansa;Textile casa;segment;draperii;7,6;44;3;1;1;DA;
draperii ieftine gata facute;Textile casa;pret;draperii;7,6;44;4;1;1;DA;
draperii pentru geamuri;Textile casa;segment;draperii;7,6;44;3;1;1;DA;
jaluzele pentru terase;Textile casa;segment;jaluzele;7,6;44;3;1;1;DA;
jaluzele sau obloane;Textile casa;comparatie;jaluzele;7,6;44;3;5;1;DA;
lenjerie de pat cu efect de racire;Textile casa;segment;lenjerie de pat;7,6;44;7;7;1;DA;
lenjerie de pat cu stitch;Textile casa;segment;lenjerie de pat;7,6;44;5;5;1;DA;
lenjerie de pat ieftine md;Textile casa;pret;lenjerie de pat;7,6;44;5;3;1;DA;
majestique detergent de rufe profesional 5l elixir pareri;Textile casa;recenzie;detergent de rufe;5,9;44;8;3;1;DA;
perna cu apa calda;Textile casa;segment;perna;7,6;44;4;3;1;DA;
perna cu puf de gasca;Textile casa;segment;perna;7,6;44;5;5;1;DA;
perna pentru cervicala;Textile casa;segment;perna;7,6;44;3;1;1;DA;
pilota ieftina si buna;Textile casa;pret;pilota;7,6;44;4;1;1;DA;
pilota pentru vara;Textile casa;segment;pilota;7,6;44;3;1;1;DA;
pilota sau pilota;Textile casa;comparatie;pilota;7,6;44;3;5;1;DA;
rulouri sau jaluzele exterioare;Textile casa;comparatie;jaluzele;7,6;44;4;7;1;DA;
aspirator de mana cu sac;Textile casa;segment;aspirator de mana;5,7;42;5;6;1;DA;
aspirator de mana pareri;Textile casa;recenzie;aspirator de mana;5,7;42;4;0;1;DA;
aspirator de mana pentru bucatarie;Textile casa;segment;aspirator de mana;5,7;42;5;6;1;DA;
aspirator de mana silvercrest pareri;Textile casa;recenzie;aspirator de mana;5,7;42;5;2;1;DA;
cel mai bun aspirator de mana cu fir;Textile casa;roundup;aspirator de mana;5,7;42;8;3;1;DA;
cel mai bun detergent de rufe albe;Textile casa;roundup;detergent de rufe;5,9;42;7;3;1;DA;
cele mai bune jaluzele exterioare;Textile casa;roundup;jaluzele;7,6;42;5;1;1;DA;
covor cu verde;Textile casa;segment;covor;7,6;42;3;2;1;DA;
covor pentru exterior;Textile casa;segment;covor;7,6;42;3;2;1;DA;
covor pentru incalzire pardoseala;Textile casa;segment;covor;7,6;42;4;4;1;DA;
cu perna sau fara;Textile casa;comparatie;perna;7,6;42;4;8;1;DA;
detergent de rufe cu balsam;Textile casa;segment;detergent de rufe;5,9;42;5;6;1;DA;
detergent de rufe pareri;Textile casa;recenzie;detergent de rufe;5,9;42;4;0;1;DA;
draperii cu flori;Textile casa;segment;draperii;7,6;42;3;2;1;DA;
draperii cu inele metalice;Textile casa;segment;draperii;7,6;42;4;4;1;DA;
draperii ieftine la metru;Textile casa;pret;draperii;7,6;42;4;2;1;DA;
draperii pentru balcon;Textile casa;segment;draperii;7,6;42;3;2;1;DA;
jaluzele cu telecomanda;Textile casa;segment;jaluzele;7,6;42;3;2;1;DA;
jaluzele pentru balcon;Textile casa;segment;jaluzele;7,6;42;3;2;1;DA;
jaluzele pentru geamuri termopan;Textile casa;segment;jaluzele;7,6;42;4;4;1;DA;
jaluzele sau jaluzele;Textile casa;comparatie;jaluzele;7,6;42;3;6;1;DA;
lenjerie de pat bumbac ieftina;Textile casa;pret;lenjerie de pat;7,6;42;5;4;1;DA;
lenjerie de pat cu lamai;Textile casa;segment;lenjerie de pat;7,6;42;5;6;1;DA;
lenjerie de pat cu stitch 160x200;Textile casa;segment;lenjerie de pat;7,6;42;6;9;1;DA;
lenjerie de pat pentru dormitor;Textile casa;segment;lenjerie de pat;7,6;42;5;6;1;DA;
perna cu apa calda pepco;Textile casa;segment;perna;7,6;42;5;6;1;DA;
perna cu memorie jysk;Textile casa;segment;perna;7,6;42;4;4;1;DA;
perna moale sau tare;Textile casa;comparatie;perna;7,6;42;4;9;1;DA;
perna pentru bebelusi;Textile casa;segment;perna;7,6;42;3;2;1;DA;
pilota pentru bebelusi;Textile casa;segment;pilota;7,6;42;3;2;1;DA;
pilota pentru pat de o persoana;Textile casa;segment;pilota;7,6;42;6;9;1;DA;
pilota pentru pat dublu;Textile casa;segment;pilota;7,6;42;4;4;1;DA;
suport de prosoape pentru baie;Textile casa;segment;prosoape de baie;7,6;42;5;6;1;DA;
aspirator de mana bun pareri;Textile casa;recenzie;aspirator de mana;5,7;40;5;3;1;DA;
aspirator de mana pentru piscina;Textile casa;segment;aspirator de mana;5,7;40;5;7;1;DA;
aspirator de mana umed uscat silvercrest pareri;Textile casa;recenzie;aspirator de mana;5,7;40;7;5;1;DA;
cel mai bun detergent de rufe din germania;Textile casa;roundup;detergent de rufe;5,9;40;8;4;1;DA;
cele mai bune jaluzele verticale;Textile casa;roundup;jaluzele;7,6;40;5;2;1;DA;
covor cu masinute;Textile casa;segment;covor;7,6;40;3;3;1;DA;
covor ieftin 160x230;Textile casa;pret;covor;7,6;40;3;1;1;DA;
covor pentru bebelusi;Textile casa;segment;covor;7,6;40;3;3;1;DA;
detergent de rufe cu dezinfectant;Textile casa;segment;detergent de rufe;5,9;40;5;7;1;DA;
detergent rufe ieftin capsule;Textile casa;pret;detergent de rufe;5,9;40;4;3;1;DA;
detergent rufe pentru alergii;Textile casa;segment;detergent de rufe;5,9;40;4;5;1;DA;
detergent rufe pentru apa dura;Textile casa;segment;detergent de rufe;5,9;40;5;7;1;DA;
draperii cu sina;Textile casa;segment;draperii;7,6;40;3;3;1;DA;
draperii ieftine pe sina;Textile casa;pret;draperii;7,6;40;4;3;1;DA;
draperii pentru sina;Textile casa;segment;draperii;7,6;40;3;3;1;DA;
dulap de prosoape pentru baie;Textile casa;segment;prosoape de baie;7,6;40;5;7;1;DA;
jaluzele cu folie de aluminiu;Textile casa;segment;jaluzele;7,6;40;5;7;1;DA;
jaluzele ieftine interior;Textile casa;pret;jaluzele;7,6;40;3;1;1;DA;
jaluzele pentru termopane;Textile casa;segment;jaluzele;7,6;40;3;3;1;DA;
lenjerie de pat cocolino ieftine;Textile casa;pret;lenjerie de pat;7,6;40;5;5;1;DA;
lenjerie de pat pentru baieti;Textile casa;segment;lenjerie de pat;7,6;40;5;7;1;DA;
perna cu efect de racire;Textile casa;segment;perna;7,6;40;5;7;1;DA;
perna gravide ieftina;Textile casa;pret;perna;7,6;40;3;1;1;DA;
perna pentru alaptat;Textile casa;segment;perna;7,6;40;3;3;1;DA;
pilota pentru pat;Textile casa;segment;pilota;7,6;40;3;3;1;DA;
detergent de rufe ieftin;Textile casa;pret;detergent de rufe;5,9;39;4;3,5;1;DA;
aspirator de mana parkside pareri;Textile casa;recenzie;aspirator de mana;5,7;38;5;4;1;DA;
aspirator de mana pentru covoare;Textile casa;segment;aspirator de mana;5,7;38;5;9;1;DA;
aspirator de mana pentru masa;Textile casa;segment;aspirator de mana;5,7;38;5;8;1;DA;
cel mai bun detergent de rufe pudra;Textile casa;roundup;detergent de rufe;5,9;38;7;5;1;DA;
covor cu franjuri;Textile casa;segment;covor;7,6;38;3;4;1;DA;
covor cu rapirea din serai;Textile casa;segment;covor;7,6;38;5;9;1;DA;
covor ieftin;Textile casa;pret;covor;7,6;38;2;0;1;DA;
covor ieftin mare;Textile casa;pret;covor;7,6;38;3;2;1;DA;
cuier de baie pentru prosoape;Textile casa;segment;prosoape de baie;7,6;38;5;8;1;DA;
detergent de casa pentru rufe;Textile casa;segment;detergent de rufe;5,9;38;5;9;1;DA;
detergent de rufe cu lavanda;Textile casa;segment;detergent de rufe;5,9;38;5;9;1;DA;
detergent de rufe cu parfum;Textile casa;segment;detergent de rufe;5,9;38;5;8;1;DA;
detergent rufe pentru lana;Textile casa;segment;detergent de rufe;5,9;38;4;6;1;DA;
draperii fonoabsorbante pareri;Textile casa;recenzie;draperii;7,6;38;3;0;1;DA;
draperii ieftine;Textile casa;pret;draperii;7,6;38;2;0;1;DA;
draperii pentru foisor;Textile casa;segment;draperii;7,6;38;3;4;1;DA;
jaluzele cu ventuze pentru geamuri;Textile casa;segment;jaluzele;7,6;38;5;8;1;DA;
jaluzele ieftine;Textile casa;pret;jaluzele;7,6;38;2;0;1;DA;
jaluzele ieftine ikea;Textile casa;pret;jaluzele;7,6;38;3;2;1;DA;
lenjerie de pat cu elastic ieftine;Textile casa;pret;lenjerie de pat;7,6;38;6;9;1;DA;
lenjerie de pat cu inimioare;Textile casa;segment;lenjerie de pat;7,6;38;5;8;1;DA;
lenjerie de pat pentru fete;Textile casa;segment;lenjerie de pat;7,6;38;5;8;1;DA;
lenjerie de pat pentru paste;Textile casa;segment;lenjerie de pat;7,6;38;5;9;1;DA;
perna ieftina;Textile casa;pret;perna;7,6;38;2;0;1;DA;
perna pentru picioare;Textile casa;segment;perna;7,6;38;3;4;1;DA;
perna scaun ieftina;Textile casa;pret;perna;7,6;38;3;2;1;DA;
pilota 200x230 ieftine;Textile casa;pret;pilota;7,6;38;3;2;1;DA;
pilota bambus pareri;Textile casa;recenzie;pilota;7,6;38;3;0;1;DA;
pilota cu pene de gasca;Textile casa;segment;pilota;7,6;38;5;9;1;DA;
pilota cu puf;Textile casa;segment;pilota;7,6;38;3;4;1;DA;
pilota ieftina;Textile casa;pret;pilota;7,6;38;2;0;1;DA;
pilota lana pucioasa pareri;Textile casa;recenzie;pilota;7,6;38;4;2;1;DA;
raft de baie pentru prosoape;Textile casa;segment;prosoape de baie;7,6;38;5;9;1;DA;
set lenjerie de pat ieftine;Textile casa;pret;lenjerie de pat;7,6;38;5;6;1;DA;
prosoape de baie ieftine;Textile casa;pret;prosoape de baie;7,6;37;4;4,5;1;DA;
cel mai bun detergent de rufe italian;Textile casa;roundup;detergent de rufe;5,9;36;7;6;1;DA;
covor cu pisici;Textile casa;segment;covor;7,6;36;3;5;1;DA;
covor ieftin 200x300;Textile casa;pret;covor;7,6;36;3;3;1;DA;
covor pentru terasa;Textile casa;segment;covor;7,6;36;3;5;1;DA;
covor polipropilena pareri;Textile casa;recenzie;covor;7,6;36;3;1;1;DA;
draperii cu telecomanda;Textile casa;segment;draperii;7,6;36;3;5;1;DA;
draperii ieftine cu inele;Textile casa;pret;draperii;7,6;36;4;5;1;DA;
draperii pentru bucatarie;Textile casa;segment;draperii;7,6;36;3;5;1;DA;
draperii pentru terasa md;Textile casa;segment;draperii;7,6;36;4;7;1;DA;
jaluzele cu magnet;Textile casa;segment;jaluzele;7,6;36;3;5;1;DA;
jaluzele ieftine chisinau;Textile casa;pret;jaluzele;7,6;36;3;3;1;DA;
jaluzele ieftine pentru geamuri;Textile casa;pret;jaluzele;7,6;36;4;5;1;DA;
jaluzele pentru velux;Textile casa;segment;jaluzele;7,6;36;3;5;1;DA;
jaluzele plisate pareri;Textile casa;recenzie;jaluzele;7,6;36;3;1;1;DA;
lenjerie de pat dublu ieftina;Textile casa;pret;lenjerie de pat;7,6;36;5;7;1;DA;
perna pentru hemoroizi;Textile casa;segment;perna;7,6;36;3;5;1;DA;
perna pentru leagan suspendat;Textile casa;segment;perna;7,6;36;4;7;1;DA;
perna sezlong ieftina;Textile casa;pret;perna;7,6;36;3;3;1;DA;
pilota cu blanita;Textile casa;segment;pilota;7,6;36;3;5;1;DA;
pilota groasa ieftina;Textile casa;pret;pilota;7,6;36;3;3;1;DA;
pilota lana pareri;Textile casa;recenzie;pilota;7,6;36;3;1;1;DA;
pilota pentru iarna;Textile casa;segment;pilota;7,6;36;3;5;1;DA;
pilota puf siliconat pareri;Textile casa;recenzie;pilota;7,6;36;4;3;1;DA;
prosoape pentru baie;Textile casa;segment;prosoape de baie;7,6;36;3;5;1;DA;
cel mai bun detergent de rufe romanesc;Textile casa;roundup;detergent de rufe;5,9;34;7;7;1;DA;
covor acril pareri;Textile casa;recenzie;covor;7,6;34;3;2;1;DA;
covor pentru bucatarie;Textile casa;segment;covor;7,6;34;3;6;1;DA;
covor pentru terasa exterioara;Textile casa;segment;covor;7,6;34;4;9;1;DA;
detergent rufe pentru pete;Textile casa;segment;detergent de rufe;5,9;34;4;8;1;DA;
draperii ieftine chisinau;Textile casa;pret;draperii;7,6;34;3;4;1;DA;
draperii ieftine cu rejansa;Textile casa;pret;draperii;7,6;34;4;6;1;DA;
draperii pentru soare;Textile casa;segment;draperii;7,6;34;3;6;1;DA;
draperii pentru terasa exterior;Textile casa;segment;draperii;7,6;34;4;8;1;DA;
jaluzele cu adeziv;Textile casa;segment;jaluzele;7,6;34;3;6;1;DA;
jaluzele cu protectie solara;Textile casa;segment;jaluzele;7,6;34;4;9;1;DA;
jaluzele exterioare pareri;Textile casa;recenzie;jaluzele;7,6;34;3;2;1;DA;
jaluzele ieftine textile;Textile casa;pret;jaluzele;7,6;34;3;4;1;DA;
jaluzele pentru ferestre velux;Textile casa;segment;jaluzele;7,6;34;4;9;1;DA;
jaluzele pentru gard;Textile casa;segment;jaluzele;7,6;34;3;6;1;DA;
jaluzele zi noapte pareri;Textile casa;recenzie;jaluzele;7,6;34;4;4;1;DA;
lenjerie de pat craciun ieftine;Textile casa;pret;lenjerie de pat;7,6;34;5;8;1;DA;
perna pentru balansoar;Textile casa;segment;perna;7,6;34;3;6;1;DA;
perna pentru spondiloza cervicala;Textile casa;segment;perna;7,6;34;4;8;1;DA;
perna personalizata ieftina;Textile casa;pret;perna;7,6;34;3;4;1;DA;
pilota cocolino ieftina;Textile casa;pret;pilota;7,6;34;3;4;1;DA;
pilota cu 2 perne;Textile casa;segment;pilota;7,6;34;4;8;1;DA;
pilota cu blana;Textile casa;segment;pilota;7,6;34;3;6;1;DA;
pilota pentru 2 persoane;Textile casa;segment;pilota;7,6;34;4;8;1;DA;
pilota pentru patut;Textile casa;segment;pilota;7,6;34;3;6;1;DA;
cel mai bun detergent de rufe capsule;Textile casa;roundup;detergent de rufe;5,9;32;7;8;1;DA;
cel mai bun detergent de rufe forum;Textile casa;roundup;detergent de rufe;5,9;32;7;9;1;DA;
covor cu ciucuri;Textile casa;segment;covor;7,6;32;3;7;1;DA;
covor ieftin living;Textile casa;pret;covor;7,6;32;3;5;1;DA;
covor pentru balcon;Textile casa;segment;covor;7,6;32;3;7;1;DA;
covor poliester pareri;Textile casa;recenzie;covor;7,6;32;3;3;1;DA;
draperii cu model;Textile casa;segment;draperii;7,6;32;3;7;1;DA;
jaluzele pentru foisor;Textile casa;segment;jaluzele;7,6;32;3;7;1;DA;
perna antisforait pareri;Textile casa;recenzie;perna;7,6;32;3;3;1;DA;
perna gene ieftina;Textile casa;pret;perna;7,6;32;3;5;1;DA;
perna pentru sauna;Textile casa;segment;perna;7,6;32;3;7;1;DA;
pilota cu lana;Textile casa;segment;pilota;7,6;32;3;7;1;DA;
pilota iarna ieftina;Textile casa;pret;pilota;7,6;32;3;5;1;DA;
pilota pentru saltea;Textile casa;segment;pilota;7,6;32;3;7;1;DA;
covor cu stitch;Textile casa;segment;covor;7,6;30;3;8;1;DA;
covor ieftin bucatarie;Textile casa;pret;covor;7,6;30;3;6;1;DA;
covor iuta pareri;Textile casa;recenzie;covor;7,6;30;3;4;1;DA;
covor pentru baie;Textile casa;segment;covor;7,6;30;3;8;1;DA;
covor piatra naturala pareri;Textile casa;recenzie;covor;7,6;30;4;6;1;DA;
draperii cu carlige;Textile casa;segment;draperii;7,6;30;3;8;1;DA;
draperii cu perdele;Textile casa;segment;draperii;7,6;30;3;9;1;DA;
draperii pentru hol;Textile casa;segment;draperii;7,6;30;3;9;1;DA;
jaluzele pentru usa;Textile casa;segment;jaluzele;7,6;30;3;8;1;DA;
perna antireflux pareri;Textile casa;recenzie;perna;7,6;30;3;4;1;DA;
perna cu lavanda;Textile casa;segment;perna;7,6;30;3;8;1;DA;
perna electrica ieftina;Textile casa;pret;perna;7,6;30;3;6;1;DA;
perna pentru scaun;Textile casa;segment;perna;7,6;30;3;9;1;DA;
top jaluzele pareri;Textile casa;roundup;jaluzele;7,6;30;3;3;1;DA;
covor ieftin gri;Textile casa;pret;covor;7,6;28;3;7;1;DA;
covor lana pareri;Textile casa;recenzie;covor;7,6;28;3;5;1;DA;
draperii ieftine bucuresti;Textile casa;pret;draperii;7,6;28;3;7;1;DA;
fete perna ieftine;Textile casa;pret;perna;7,6;28;3;7;1;DA;
jaluzele verticale ieftine;Textile casa;pret;jaluzele;7,6;28;3;7;1;DA;
perna antirid pareri;Textile casa;recenzie;perna;7,6;28;3;5;1;DA;
cel mai bun covor;Textile casa;roundup;covor;7,6;26;4;0;1;DA;
cele mai bune draperii;Textile casa;roundup;draperii;7,6;26;4;0;1;DA;
draperii ieftine catifea;Textile casa;pret;draperii;7,6;26;3;9;1;DA;
draperii ieftine pepco;Textile casa;pret;draperii;7,6;26;3;8;1;DA;
jaluzele orizontale ieftine;Textile casa;pret;jaluzele;7,6;26;3;8;1;DA;
jaluzele zebra ieftine;Textile casa;pret;jaluzele;7,6;26;3;9;1;DA;
perna cervicala pareri;Textile casa;recenzie;perna;7,6;26;3;6;1;DA;
perna ortopedica ieftina;Textile casa;pret;perna;7,6;26;3;8;1;DA;
perna plagiocefalie pareri;Textile casa;recenzie;perna;7,6;24;3;7;1;DA;
perna gravide pareri;Textile casa;recenzie;perna;7,6;22;3;9;1;DA;
perna lana pareri;Textile casa;recenzie;perna;7,6;22;3;8;1;DA;
cele mai bune jaluzele;Textile casa;roundup;jaluzele;7,6;20;4;3;1;DA;
cat consuma o oala sub presiune;Vase si ustensile;informational;oala sub presiune;9;72;6;0;1;DA;
cat consuma un termosemineu pe peleti;Vase si ustensile;informational;termos;9;72;6;0;1;DA;
cat consuma un termosemineu pe lemne;Vase si ustensile;informational;termos;9;70;6;1;1;DA;
cat curent consuma un termosemineu pe peleti;Vase si ustensile;informational;termos;9;68;7;2;1;DA;
cana filtranta sau apa imbuteliata;Vase si ustensile;comparatie;cana filtranta;9;62;5;0;1;DA;
oala sub presiune sau multicooker;Vase si ustensile;comparatie;oala sub presiune;9;62;5;0;1;DA;
cana filtranta brita sau aquaphor;Vase si ustensile;comparatie;cana filtranta;9;60;5;1;1;DA;
cana filtranta cu ioni de argint;Vase si ustensile;segment;cana filtranta;9;58;6;0;1;DA;
set oale pentru plita cu inductie;Vase si ustensile;segment;set oale;9;58;6;0;1;DA;
tava de copt pentru friteuza cu aer cald;Vase si ustensile;segment;tava de copt;9;58;8;0;1;DA;
oala sub presiune pentru plita cu inductie;Vase si ustensile;segment;oala sub presiune;9;56;7;1;1;DA;
tava de copt pentru air fryer;Vase si ustensile;segment;tava de copt;9;56;6;1;1;DA;
cos de rufe cu 3 compartimente;Vase si ustensile;segment;cos de rufe;9;54;6;2;1;DA;
cos de rufe cu capac;Vase si ustensile;segment;cos de rufe;9;54;5;0;1;DA;
cos de rufe pentru copii;Vase si ustensile;segment;cos de rufe;9;54;5;0;1;DA;
cos de rufe pentru dulap baie;Vase si ustensile;segment;cos de rufe;9;54;6;2;1;DA;
filtru de apa cu osmoza inversa;Vase si ustensile;segment;filtru de apa;9;54;6;2;1;DA;
filtru de apa pentru robinet;Vase si ustensile;segment;filtru de apa;9;54;5;0;1;DA;
fund sau tocator;Vase si ustensile;comparatie;tocator;9;54;3;0;1;DA;
masa de calcat cu priza;Vase si ustensile;segment;masa de calcat;9;54;5;0;1;DA;
masa de calcat pentru statie;Vase si ustensile;segment;masa de calcat;9;54;5;0;1;DA;
oala sub presiune pentru aragaz;Vase si ustensile;segment;oala sub presiune;9;54;5;0;1;DA;
tava de copt cu pereti detasabili;Vase si ustensile;segment;tava de copt;9;54;6;2;1;DA;
termos sau thermos;Vase si ustensile;comparatie;termos;9;54;3;0;1;DA;
tocator lemn sau plastic;Vase si ustensile;comparatie;tocator;9;54;4;2;1;DA;
cana filtranta cu osmoza inversa;Vase si ustensile;segment;cana filtranta;9;52;5;1;1;DA;
cos de rufe cu 2 compartimente;Vase si ustensile;segment;cos de rufe;9;52;6;3;1;DA;
cos de rufe cu raft;Vase si ustensile;segment;cos de rufe;9;52;5;1;1;DA;
cos de rufe pentru bebelusi;Vase si ustensile;segment;cos de rufe;9;52;5;1;1;DA;
dulap baie cu cos de rufe ieftin;Vase si ustensile;pret;cos de rufe;9;52;7;1;1;DA;
filtru de apa cu autocuratare;Vase si ustensile;segment;filtru de apa;9;52;5;1;1;DA;
masa de calcat cu blat de lemn;Vase si ustensile;segment;masa de calcat;9;52;7;3;1;DA;
masa de calcat cu oglinda;Vase si ustensile;segment;masa de calcat;9;52;5;1;1;DA;
masa de calcat ieftina si buna;Vase si ustensile;pret;masa de calcat;9;52;6;1;1;DA;
oala sub presiune ieftina si buna;Vase si ustensile;pret;oala sub presiune;9;52;6;1;1;DA;
set cutite cu suport din lemn;Vase si ustensile;segment;set cutite;9;52;6;3;1;DA;
set cutite cu suport magnetic;Vase si ustensile;segment;set cutite;9;52;5;1;1;DA;
set oale pentru plita electrica;Vase si ustensile;segment;set oale;9;52;5;1;1;DA;
set vase termorezistente cu capac;Vase si ustensile;segment;vase termorezistente;9;52;5;1;1;DA;
tava de copt cu fund detasabil;Vase si ustensile;segment;tava de copt;9;52;6;3;1;DA;
tava de copt cu gratar;Vase si ustensile;segment;tava de copt;9;52;5;1;1;DA;
tigaie pentru plita cu inductie;Vase si ustensile;segment;tigaie;9;52;5;1;1;DA;
tocator sau blender;Vase si ustensile;comparatie;tocator;9;52;3;1;1;DA;
cana cu filtru de apa pareri;Vase si ustensile;segment;filtru de apa;9;50;6;4;1;DA;
cana filtranta pentru ulei;Vase si ustensile;segment;cana filtranta;9;50;4;0;1;DA;
filtru de apa cu osmoza;Vase si ustensile;segment;filtru de apa;9;50;5;2;1;DA;
masa de calcat cu dulap;Vase si ustensile;segment;masa de calcat;9;50;5;2;1;DA;
masa de calcat pentru maneci;Vase si ustensile;segment;masa de calcat;9;50;5;2;1;DA;
oala sub presiune pentru conserve;Vase si ustensile;segment;oala sub presiune;9;50;5;2;1;DA;
set cutite cu suport;Vase si ustensile;segment;set cutite;9;50;4;0;1;DA;
set cutite pentru friptura;Vase si ustensile;segment;set cutite;9;50;4;0;1;DA;
set tacamuri cu maner de lemn;Vase si ustensile;segment;set tacamuri;9;50;6;4;1;DA;
set tacamuri cu suport;Vase si ustensile;segment;set tacamuri;9;50;4;0;1;DA;
set tacamuri pentru copii;Vase si ustensile;segment;set tacamuri;9;50;4;0;1;DA;
storcator citrice cu maner;Vase si ustensile;segment;storcator de citrice;9;50;4;0;1;DA;
tava de copt pentru baghete;Vase si ustensile;segment;tava de copt;9;50;5;2;1;DA;
tigaie sau tigae;Vase si ustensile;comparatie;tigaie;9;50;3;2;1;DA;
vase termorezistente cu capac;Vase si ustensile;segment;vase termorezistente;9;49;4;0,5;1;DA;
aspirator cu filtru de apa pareri;Vase si ustensile;segment;filtru de apa;9;48;6;5;1;DA;
cana filtranta cu carbune activ;Vase si ustensile;segment;cana filtranta;9;48;5;3;1;DA;
cana filtranta pentru apa;Vase si ustensile;segment;cana filtranta;9;48;4;1;1;DA;
carpator sau tocator;Vase si ustensile;comparatie;tocator;9;48;3;3;1;DA;
cea mai ieftina masa de calcat;Vase si ustensile;pret;masa de calcat;9;48;6;3;1;DA;
cel mai bun filtru de apa potabila;Vase si ustensile;roundup;filtru de apa;9;48;7;0;1;DA;
cel mai bun mop cu aburi;Vase si ustensile;roundup;mop;9;48;6;0;1;DA;
cel mai bun set de cutite;Vase si ustensile;roundup;set cutite;9;48;6;0;1;DA;
cel mai bun set de tacamuri din inox;Vase si ustensile;roundup;set tacamuri;9;48;8;0;1;DA;
cel mai bun set oale inox;Vase si ustensile;roundup;set oale;9;48;6;0;1;DA;
cel mai bun storcator de citrice;Vase si ustensile;roundup;storcator de citrice;9;48;6;0;1;DA;
cel mai bun termosemineu pe lemne;Vase si ustensile;roundup;termos;9;48;6;0;1;DA;
cel mai bun tocator de crengi;Vase si ustensile;roundup;tocator;9;48;6;0;1;DA;
cele mai bune pompe cu tocator;Vase si ustensile;roundup;tocator;9;48;6;0;1;DA;
cele mai bune termoseminee pe peleti;Vase si ustensile;roundup;termos;9;48;6;0;1;DA;
cos de rufe pentru baie;Vase si ustensile;segment;cos de rufe;9;48;5;3;1;DA;
filtru de apa cu sare;Vase si ustensile;segment;filtru de apa;9;48;5;3;1;DA;
filtru de apa pentru piscina;Vase si ustensile;segment;filtru de apa;9;48;5;3;1;DA;
masa de calcat cu suport pentru statie;Vase si ustensile;segment;masa de calcat;9;48;7;5;1;DA;
masa de calcat pentru dulap;Vase si ustensile;segment;masa de calcat;9;48;5;3;1;DA;
mop cu aburi vileda;Vase si ustensile;segment;mop;9;48;4;1;1;DA;
mop pentru servetele umede;Vase si ustensile;segment;mop;9;48;4;1;1;DA;
oala sub presiune pentru orez;Vase si ustensile;segment;oala sub presiune;9;48;5;3;1;DA;
pareri mop cu aburi;Vase si ustensile;segment;mop;9;48;4;1;1;DA;
pareri mop cu aburi lidl;Vase si ustensile;segment;mop;9;48;5;3;1;DA;
set cutite pentru copii;Vase si ustensile;segment;set cutite;9;48;4;1;1;DA;
set oale cu inductie;Vase si ustensile;segment;set oale;9;48;4;1;1;DA;
set oale cu maner detasabil;Vase si ustensile;segment;set oale;9;48;5;3;1;DA;
set tacamuri cu auriu;Vase si ustensile;segment;set tacamuri;9;48;4;1;1;DA;
tava de copt cu capac;Vase si ustensile;segment;tava de copt;9;48;5;3;1;DA;
tava de copt pentru cuptor;Vase si ustensile;segment;tava de copt;9;48;5;3;1;DA;
tocator crengi ieftin si bun;Vase si ustensile;pret;tocator;9;48;5;1;1;DA;
vase termorezistente pentru cuptor;Vase si ustensile;segment;vase termorezistente;9;47,4;4;1,3;1;DA;
cana filtranta cu filtre;Vase si ustensile;segment;cana filtranta;9;46;4;2;1;DA;
cana filtranta pentru ceai;Vase si ustensile;segment;cana filtranta;9;46;4;2;1;DA;
cel mai bun filtru de apa;Vase si ustensile;roundup;filtru de apa;9;46;6;1;1;DA;
cel mai bun peste la tigaie;Vase si ustensile;roundup;tigaie;9;46;6;1;1;DA;
cel mai bun set de oale;Vase si ustensile;roundup;set oale;9;46;6;1;1;DA;
cel mai bun termosemineu pe peleti;Vase si ustensile;roundup;termos;9;46;6;1;1;DA;
cel mai bun tocator de crengi electric;Vase si ustensile;roundup;tocator;9;46;7;1;1;DA;
cele mai bune pompe submersibile cu tocator;Vase si ustensile;roundup;tocator;9;46;7;1;1;DA;
cele mai bune turte la tigaie;Vase si ustensile;roundup;tigaie;9;46;6;1;1;DA;
cos de rufe cu roti;Vase si ustensile;segment;cos de rufe;9;46;5;4;1;DA;
cos de rufe ieftin;Vase si ustensile;pret;cos de rufe;9;46;4;0;1;DA;
cos de rufe pentru dulap;Vase si ustensile;segment;cos de rufe;9;46;5;4;1;DA;
filtru de apa cu apa minerala;Vase si ustensile;segment;filtru de apa;9;46;6;6;1;DA;
filtru de apa cu osmoza inversa pareri;Vase si ustensile;segment;filtru de apa;9;46;7;6;1;DA;
filtru de apa cu racire;Vase si ustensile;segment;filtru de apa;9;46;5;4;1;DA;
filtru de apa ieftin;Vase si ustensile;pret;filtru de apa;9;46;4;0;1;DA;
filtru de apa pentru hidrofor;Vase si ustensile;segment;filtru de apa;9;46;5;4;1;DA;
filtru de apa pentru masina de spalat;Vase si ustensile;segment;filtru de apa;9;46;7;6;1;DA;
masa de calcat cu manecar;Vase si ustensile;segment;masa de calcat;9;46;5;4;1;DA;
masa de calcat ieftina;Vase si ustensile;pret;masa de calcat;9;46;4;0;1;DA;
masa de calcat pentru perete;Vase si ustensile;segment;masa de calcat;9;46;5;4;1;DA;
masa de calcat rufe ieftina;Vase si ustensile;pret;masa de calcat;9;46;5;2;1;DA;
mop cu aburi;Vase si ustensile;segment;mop;9;46;3;0;1;DA;
mop pentru geamuri;Vase si ustensile;segment;mop;9;46;3;0;1;DA;
oala sub presiune ieftina;Vase si ustensile;pret;oala sub presiune;9;46;4;0;1;DA;
oala sub presiune pentru lapte;Vase si ustensile;segment;oala sub presiune;9;46;5;4;1;DA;
pareri mop cu aburi vileda;Vase si ustensile;segment;mop;9;46;5;4;1;DA;
set cutite pentru glet;Vase si ustensile;segment;set cutite;9;46;4;2;1;DA;
set oale cu capac;Vase si ustensile;segment;set oale;9;46;4;2;1;DA;
set oale pentru inductie;Vase si ustensile;segment;set oale;9;46;4;2;1;DA;
set tacamuri pentru 12 persoane;Vase si ustensile;segment;set tacamuri;9;46;5;4;1;DA;
set tacamuri pentru peste;Vase si ustensile;segment;set tacamuri;9;46;4;2;1;DA;
storcator pentru citrice;Vase si ustensile;segment;storcator de citrice;9;46;3;0;1;DA;
tava de copt cu separator;Vase si ustensile;segment;tava de copt;9;46;5;4;1;DA;
tava de copt pentru cuptor electric;Vase si ustensile;segment;tava de copt;9;46;6;6;1;DA;
tava de copt pentru tort;Vase si ustensile;segment;tava de copt;9;46;5;4;1;DA;
termos cu termometru;Vase si ustensile;segment;termos;9;46;3;0;1;DA;
termos pentru lapte praf;Vase si ustensile;segment;termos;9;46;4;2;1;DA;
termos pentru mancare;Vase si ustensile;segment;termos;9;46;3;0;1;DA;
tigaie pentru clatite;Vase si ustensile;segment;tigaie;9;46;3;0;1;DA;
tigaie teflon sau ceramica;Vase si ustensile;comparatie;tigaie;9;46;4;6;1;DA;
tocator pentru motocultor;Vase si ustensile;segment;tocator;9;46;3;0;1;DA;
cel mai bun filtru de apa potabila forum;Vase si ustensile;roundup;filtru de apa;9;44;8;2;1;DA;
cel mai bun material tigaie;Vase si ustensile;roundup;tigaie;9;44;5;0;1;DA;
cel mai bun somon la tigaie;Vase si ustensile;roundup;tigaie;9;44;6;2;1;DA;
cele mai bune ciuperci la tigaie;Vase si ustensile;roundup;tigaie;9;44;6;2;1;DA;
cele mai bune mopuri cu aburi;Vase si ustensile;roundup;mop;9;44;6;2;1;DA;
cele mai bune termoseminee pe lemne;Vase si ustensile;roundup;termos;9;44;6;2;1;DA;
cos de rufe cu etajera;Vase si ustensile;segment;cos de rufe;9;44;5;5;1;DA;
cos de rufe pentru colt;Vase si ustensile;segment;cos de rufe;9;44;5;5;1;DA;
filtru de apa cu carbune;Vase si ustensile;segment;filtru de apa;9;44;5;5;1;DA;
filtru de apa cu carbune activ;Vase si ustensile;segment;filtru de apa;9;44;6;7;1;DA;
filtru de apa pentru dus;Vase si ustensile;segment;filtru de apa;9;44;5;5;1;DA;
filtru de apa zepter pareri;Vase si ustensile;recenzie;filtru de apa;9;44;5;1;1;DA;
garnitura pentru oala sub presiune;Vase si ustensile;segment;oala sub presiune;9;44;5;5;1;DA;
masa de calcat buna pareri;Vase si ustensile;recenzie;masa de calcat;9;44;5;1;1;DA;
masa de calcat pentru copii;Vase si ustensile;segment;masa de calcat;9;44;5;5;1;DA;
mop cu servetele umede;Vase si ustensile;segment;mop;9;44;4;3;1;DA;
mop ieftin si bun;Vase si ustensile;pret;mop;9;44;4;1;1;DA;
mop pentru gresie lucioasa;Vase si ustensile;segment;mop;9;44;4;3;1;DA;
oala sub presiune lidl pareri;Vase si ustensile;recenzie;oala sub presiune;9;44;5;1;1;DA;
set cutite bucatarie ieftine;Vase si ustensile;pret;set cutite;9;44;4;1;1;DA;
set cutite pentru gratar;Vase si ustensile;segment;set cutite;9;44;4;3;1;DA;
set de oale pentru gatit vanora home medina;Vase si ustensile;segment;set oale;9;44;8;7;1;DA;
set oale ieftine inox;Vase si ustensile;pret;set oale;9;44;4;1;1;DA;
set oale pentru copii;Vase si ustensile;segment;set oale;9;44;4;3;1;DA;
set tacamuri cu model;Vase si ustensile;segment;set tacamuri;9;44;4;3;1;DA;
set tacamuri inox ieftine;Vase si ustensile;pret;set tacamuri;9;44;4;1;1;DA;
set tacamuri pentru friptura;Vase si ustensile;segment;set tacamuri;9;44;4;3;1;DA;
tava de copt cu forme;Vase si ustensile;segment;tava de copt;9;44;5;5;1;DA;
termos cu pai;Vase si ustensile;segment;termos;9;44;3;1;1;DA;
termos cu sticla in interior;Vase si ustensile;segment;termos;9;44;5;5;1;DA;
termos ieftin si bun;Vase si ustensile;pret;termos;9;44;4;1;1;DA;
termos pentru apa rece;Vase si ustensile;segment;termos;9;44;4;3;1;DA;
termos pentru cafea;Vase si ustensile;segment;termos;9;44;3;1;1;DA;
tigaie cu capac;Vase si ustensile;segment;tigaie;9;44;3;1;1;DA;
tigaie cu maner detasabil;Vase si ustensile;segment;tigaie;9;44;4;3;1;DA;
tigaie fonta sau inox;Vase si ustensile;comparatie;tigaie;9;44;4;7;1;DA;
tocator cu palpator;Vase si ustensile;segment;tocator;9;44;3;1;1;DA;
tocator pentru chiuveta;Vase si ustensile;segment;tocator;9;44;3;1;1;DA;
cana filtranta aquaphor amethyst cu 3 filtre rosu;Vase si ustensile;segment;cana filtranta;9;42;8;9;1;DA;
cana filtranta ieftina;Vase si ustensile;pret;cana filtranta;9;42;3;0;1;DA;
capac pentru oala sub presiune;Vase si ustensile;segment;oala sub presiune;9;42;5;6;1;DA;
care este cel mai bun material pentru tigaie;Vase si ustensile;segment;tigaie;9;42;8;8;1;DA;
cel mai bun filtru de apa pentru robinet;Vase si ustensile;roundup;filtru de apa;9;42;8;3;1;DA;
cel mai bun mop pentru parchet;Vase si ustensile;roundup;mop;9;42;6;3;1;DA;
cel mai bun termosemineu pe peleti forum;Vase si ustensile;roundup;termos;9;42;7;3;1;DA;
cel mai bun tip de tigaie;Vase si ustensile;roundup;tigaie;9;42;6;3;1;DA;
cel mai bun tocator de crengi pe benzina;Vase si ustensile;roundup;tocator;9;42;8;3;1;DA;
cele mai bune aripioare la tigaie;Vase si ustensile;roundup;tigaie;9;42;6;3;1;DA;
cele mai bune mopuri electrice;Vase si ustensile;roundup;mop;9;42;5;1;1;DA;
cos de rufe cu dulap;Vase si ustensile;segment;cos de rufe;9;42;5;6;1;DA;
cos de rufe pentru camera;Vase si ustensile;segment;cos de rufe;9;42;5;6;1;DA;
filtru de apa amway pareri;Vase si ustensile;recenzie;filtru de apa;9;42;5;2;1;DA;
filtru de apa pareri;Vase si ustensile;recenzie;filtru de apa;9;42;4;0;1;DA;
masa de calcat cu statie;Vase si ustensile;segment;masa de calcat;9;42;5;6;1;DA;
masa de calcat ikea pareri;Vase si ustensile;recenzie;masa de calcat;9;42;5;2;1;DA;
masa de calcat pareri;Vase si ustensile;recenzie;masa de calcat;9;42;4;0;1;DA;
mop cu pulverizator;Vase si ustensile;segment;mop;9;42;3;2;1;DA;
mop pentru gresie abraziva;Vase si ustensile;segment;mop;9;42;4;4;1;DA;
mop pentru parchet;Vase si ustensile;segment;mop;9;42;3;2;1;DA;
oala sub presiune novio pareri;Vase si ustensile;recenzie;oala sub presiune;9;42;5;2;1;DA;
oala sub presiune pareri;Vase si ustensile;recenzie;oala sub presiune;9;42;4;0;1;DA;
retete pentru oala sub presiune electrica;Vase si ustensile;segment;oala sub presiune;9;42;6;9;1;DA;
set cutite cu ascutitor;Vase si ustensile;segment;set cutite;9;42;4;4;1;DA;
set cutite ieftine;Vase si ustensile;pret;set cutite;9;42;3;0;1;DA;
set cutite macelarie ieftine;Vase si ustensile;pret;set cutite;9;42;4;2;1;DA;
set cutite pentru carne;Vase si ustensile;segment;set cutite;9;42;4;4;1;DA;
set de cutite pentru bucatarie orient;Vase si ustensile;segment;set cutite;9;42;6;9;1;DA;
set oale cu buline;Vase si ustensile;segment;set oale;9;42;4;4;1;DA;
set oale grunberg pareri;Vase si ustensile;recenzie;set oale;9;42;4;0;1;DA;
set oale inox pentru inductie;Vase si ustensile;segment;set oale;9;42;5;6;1;DA;
set oale inox pentru plita cu inductie;Vase si ustensile;segment;set oale;9;42;7;8;1;DA;
set oale pentru aragaz;Vase si ustensile;segment;set oale;9;42;4;4;1;DA;
set oale royalty line pareri;Vase si ustensile;recenzie;set oale;9;42;5;2;1;DA;
set tacamuri ieftine;Vase si ustensile;pret;set tacamuri;9;42;3;0;1;DA;
tava de copt cu inel;Vase si ustensile;segment;tava de copt;9;42;5;6;1;DA;
termos cu pai copii;Vase si ustensile;segment;termos;9;42;4;4;1;DA;
tigaie aluminiu sau ceramica;Vase si ustensile;comparatie;tigaie;9;42;4;9;1;DA;
tigaie aluminiu sau inox;Vase si ustensile;comparatie;tigaie;9;42;4;8;1;DA;
tigaie cu inductie;Vase si ustensile;segment;tigaie;9;42;3;2;1;DA;
tigaie cu pui si legume;Vase si ustensile;segment;tigaie;9;42;5;6;1;DA;
tigaie pentru oua ochiuri;Vase si ustensile;segment;tigaie;9;42;4;4;1;DA;
tigaie pentru oua ochiuri cu capac;Vase si ustensile;segment;tigaie;9;42;6;8;1;DA;
tigaie pentru paella;Vase si ustensile;segment;tigaie;9;42;3;2;1;DA;
tocator cu tava;Vase si ustensile;segment;tocator;9;42;3;2;1;DA;
tocator pentru carne;Vase si ustensile;segment;tocator;9;42;3;2;1;DA;
vase termorezistente pentru airfryer;Vase si ustensile;segment;vase termorezistente;9;42;4;4;1;DA;
cana filtranta aquaphor pareri;Vase si ustensile;recenzie;cana filtranta;9;40;4;1;1;DA;
cana filtranta cu rezerve;Vase si ustensile;segment;cana filtranta;9;40;4;5;1;DA;
cel mai bun aluat pentru placinte la tigaie;Vase si ustensile;roundup;tigaie;9;40;8;4;1;DA;
cel mai bun mop cu aburi fara fir;Vase si ustensile;roundup;mop;9;40;8;4;1;DA;
cel mai bun mop electric;Vase si ustensile;roundup;mop;9;40;5;2;1;DA;
cel mai bun tocator de legume;Vase si ustensile;roundup;tocator;9;40;6;4;1;DA;
cel mai bun tocator electric;Vase si ustensile;roundup;tocator;9;40;5;2;1;DA;
cele mai bune placinte pe tigaie;Vase si ustensile;roundup;tigaie;9;40;6;4;1;DA;
cele mai bune termostate pentru centrala;Vase si ustensile;roundup;termos;9;40;6;4;1;DA;
cos de rufe pentru dormitor;Vase si ustensile;segment;cos de rufe;9;40;5;7;1;DA;
filtru de apa aquator pareri;Vase si ustensile;recenzie;filtru de apa;9;40;5;3;1;DA;
filtru de apa pentru put;Vase si ustensile;segment;filtru de apa;9;40;5;7;1;DA;
masa de calcat cu aburi;Vase si ustensile;segment;masa de calcat;9;40;5;7;1;DA;
masa de calcat vileda pareri;Vase si ustensile;recenzie;masa de calcat;9;40;5;3;1;DA;
mop pentru gresie poroasa;Vase si ustensile;segment;mop;9;40;4;5;1;DA;
oala sub presiune electrica pareri;Vase si ustensile;recenzie;oala sub presiune;9;40;5;3;1;DA;
retete pentru oala sub presiune;Vase si ustensile;segment;oala sub presiune;9;40;5;7;1;DA;
set cutite cu zimti;Vase si ustensile;segment;set cutite;9;40;4;5;1;DA;
set cutite pentru bucatarie;Vase si ustensile;segment;set cutite;9;40;4;5;1;DA;
set oale bohmann pareri;Vase si ustensile;recenzie;set oale;9;40;4;1;1;DA;
set oale cu capac inox;Vase si ustensile;segment;set oale;9;40;5;7;1;DA;
set oale cu tigai;Vase si ustensile;segment;set oale;9;40;4;5;1;DA;
set oale emailate ieftine;Vase si ustensile;pret;set oale;9;40;4;3;1;DA;
set oale pentru gatit;Vase si ustensile;segment;set oale;9;40;4;5;1;DA;
set tacamuri cu polonic;Vase si ustensile;segment;set tacamuri;9;40;4;5;1;DA;
set tacamuri pentru picnic;Vase si ustensile;segment;set tacamuri;9;40;4;5;1;DA;
tava de copt cu gauri;Vase si ustensile;segment;tava de copt;9;40;5;7;1;DA;
tava de copt pentru briose;Vase si ustensile;segment;tava de copt;9;40;5;7;1;DA;
termos cu incalzire;Vase si ustensile;segment;termos;9;40;3;3;1;DA;
tigaie clatite ieftina;Vase si ustensile;pret;tigaie;9;40;3;1;1;DA;
tigaie cu gauri in mijloc;Vase si ustensile;segment;tigaie;9;40;5;7;1;DA;
tigaie pentru cartofi prajiti;Vase si ustensile;segment;tigaie;9;40;4;5;1;DA;
tigaie pentru gratar;Vase si ustensile;segment;tigaie;9;40;3;3;1;DA;
tocator cu sfoara;Vase si ustensile;segment;tocator;9;40;3;3;1;DA;
tocator pentru peleti;Vase si ustensile;segment;tocator;9;40;3;3;1;DA;
cana filtranta cu alcalinizare;Vase si ustensile;segment;cana filtranta;9;38;4;6;1;DA;
cana filtranta pareri;Vase si ustensile;recenzie;cana filtranta;9;38;3;0;1;DA;
cana filtranta zerowater pareri;Vase si ustensile;recenzie;cana filtranta;9;38;4;2;1;DA;
cel mai bun filtru de apa alcalina;Vase si ustensile;roundup;filtru de apa;9;38;7;5;1;DA;
cel mai bun mop de spalat pe jos;Vase si ustensile;roundup;mop;9;38;8;5;1;DA;
cel mai bun piept de pui la tigaie;Vase si ustensile;roundup;tigaie;9;38;8;5;1;DA;
cele mai bune mopuri rotative;Vase si ustensile;roundup;mop;9;38;5;3;1;DA;
cele mai bune placinte cu branza la tigaie;Vase si ustensile;roundup;tigaie;9;38;8;5;1;DA;
cele mai bune termostate wireless;Vase si ustensile;roundup;termos;9;38;5;3;1;DA;
cos de plastic pentru rufe;Vase si ustensile;segment;cos de rufe;9;38;5;9;1;DA;
cos de rufe cu manere;Vase si ustensile;segment;cos de rufe;9;38;5;8;1;DA;
cos de rufe cu picioare;Vase si ustensile;segment;cos de rufe;9;38;5;9;1;DA;
filtru de apa cu ultraviolete;Vase si ustensile;segment;filtru de apa;9;38;5;9;1;DA;
filtru de apa pentru cana;Vase si ustensile;segment;filtru de apa;9;38;5;9;1;DA;
masa de calcat cu aspiratie;Vase si ustensile;segment;masa de calcat;9;38;5;8;1;DA;
masa de calcat cu scara;Vase si ustensile;segment;masa de calcat;9;38;5;9;1;DA;
mop cu aburi fara fir;Vase si ustensile;segment;mop;9;38;5;9;1;DA;
mop cu aburi ieftin si bun;Vase si ustensile;pret;mop;9;38;6;9;1;DA;
mop cu galeata;Vase si ustensile;segment;mop;9;38;3;4;1;DA;
mop ieftin;Vase si ustensile;pret;mop;9;38;2;0;1;DA;
mop rotativ ieftin;Vase si ustensile;pret;mop;9;38;3;2;1;DA;
set cutite cu tocator;Vase si ustensile;segment;set cutite;9;38;4;6;1;DA;
set de cutite pentru macelarie;Vase si ustensile;segment;set cutite;9;38;5;8;1;DA;
set de oale pentru bucatarie;Vase si ustensile;segment;set oale;9;38;5;9;1;DA;
set de tacamuri pentru bebelusi;Vase si ustensile;segment;set tacamuri;9;38;5;9;1;DA;
set oale ceramica ieftine;Vase si ustensile;pret;set oale;9;38;4;4;1;DA;
set oale cu flori;Vase si ustensile;segment;set oale;9;38;4;6;1;DA;
set oale cu interior ceramic;Vase si ustensile;segment;set oale;9;38;5;9;1;DA;
set tacamuri pentru gratar;Vase si ustensile;segment;set tacamuri;9;38;4;6;1;DA;
tava de copt cu grilaj;Vase si ustensile;segment;tava de copt;9;38;5;8;1;DA;
tava de copt pentru paine;Vase si ustensile;segment;tava de copt;9;38;5;8;1;DA;
tava de copt pentru prajituri;Vase si ustensile;segment;tava de copt;9;38;5;9;1;DA;
termos ieftin;Vase si ustensile;pret;termos;9;38;2;0;1;DA;
termos pentru ceai;Vase si ustensile;segment;termos;9;38;3;4;1;DA;
tigaie fonta ieftina;Vase si ustensile;pret;tigaie;9;38;3;2;1;DA;
tigaie ieftina;Vase si ustensile;pret;tigaie;9;38;2;0;1;DA;
tocator crengi ieftin;Vase si ustensile;pret;tocator;9;38;3;2;1;DA;
tocator crengi pareri forum;Vase si ustensile;recenzie;tocator;9;38;4;2;1;DA;
tocator cu palpator pentru livada;Vase si ustensile;segment;tocator;9;38;5;8;1;DA;
tocator cu telecomanda;Vase si ustensile;segment;tocator;9;38;3;4;1;DA;
tocator ieftin;Vase si ustensile;pret;tocator;9;38;2;0;1;DA;
tocator pentru tractor;Vase si ustensile;segment;tocator;9;38;3;4;1;DA;
set oale ieftine;Vase si ustensile;pret;set oale;9;37;3;2,5;1;DA;
cana filtranta brita pareri;Vase si ustensile;recenzie;cana filtranta;9;36;4;3;1;DA;
cana filtranta cu magneziu;Vase si ustensile;segment;cana filtranta;9;36;4;7;1;DA;
cana termos ieftina;Vase si ustensile;pret;termos;9;36;3;3;1;DA;
cea mai buna cana filtranta pareri;Vase si ustensile;roundup;cana filtranta;9;36;6;6;1;DA;
cel mai bun ficat de pui la tigaie;Vase si ustensile;roundup;tigaie;9;36;8;6;1;DA;
cel mai bun filtru de apa pentru apartament;Vase si ustensile;roundup;filtru de apa;9;36;8;6;1;DA;
cel mai bun mop pentru gresie;Vase si ustensile;roundup;mop;9;36;6;6;1;DA;
cel mai bun termosemineu pe lemne forum;Vase si ustensile;roundup;termos;9;36;7;6;1;DA;
cel mai bun termostat wireless;Vase si ustensile;roundup;termos;9;36;5;4;1;DA;
cele mai bune mopuri plate;Vase si ustensile;roundup;mop;9;36;5;4;1;DA;
cele mai bune pulpe de pui la tigaie;Vase si ustensile;roundup;tigaie;9;36;8;6;1;DA;
mop cu aburi lidl;Vase si ustensile;segment;mop;9;36;4;7;1;DA;
mop pentru geamuri lung;Vase si ustensile;segment;mop;9;36;4;7;1;DA;
mop vileda ieftin;Vase si ustensile;pret;mop;9;36;3;3;1;DA;
oala sub presiune vitapur pareri;Vase si ustensile;recenzie;oala sub presiune;9;36;5;5;1;DA;
set cutite cu satar;Vase si ustensile;segment;set cutite;9;36;4;7;1;DA;
set cutite pentru porc;Vase si ustensile;segment;set cutite;9;36;4;7;1;DA;
set oale teflon ieftine;Vase si ustensile;pret;set oale;9;36;4;5;1;DA;
set tacamuri pentru birou;Vase si ustensile;segment;set tacamuri;9;36;4;7;1;DA;
termos pentru ciorba;Vase si ustensile;segment;termos;9;36;3;5;1;DA;
tigaie cu aburi;Vase si ustensile;segment;tigaie;9;36;3;5;1;DA;
tigaie grill ieftina;Vase si ustensile;pret;tigaie;9;36;3;3;1;DA;
tocator biovita pareri;Vase si ustensile;recenzie;tocator;9;36;3;1;1;DA;
tocator cu sertar;Vase si ustensile;segment;tocator;9;36;3;5;1;DA;
tocator cu sertar integrat;Vase si ustensile;segment;tocator;9;36;4;7;1;DA;
tocator electric ieftin;Vase si ustensile;pret;tocator;9;36;3;3;1;DA;
tocator pentru vinete;Vase si ustensile;segment;tocator;9;36;3;5;1;DA;
top cele mai bune mopuri electrice;Vase si ustensile;roundup;mop;9;36;6;6;1;DA;
cana filtranta laica pareri;Vase si ustensile;recenzie;cana filtranta;9;34;4;4;1;DA;
cel mai bun ficat de porc la tigaie;Vase si ustensile;roundup;tigaie;9;34;8;7;1;DA;
cel mai bun filtru de apa din romania;Vase si ustensile;roundup;filtru de apa;9;34;8;7;1;DA;
cel mai bun termostat centrala;Vase si ustensile;roundup;termos;9;34;5;5;1;DA;
cel mai bun termostat incalzire pardoseala;Vase si ustensile;roundup;termos;9;34;6;7;1;DA;
cel mai bun tocator legume electric;Vase si ustensile;roundup;tocator;9;34;6;7;1;DA;
cele mai bune aspiratoare cu mop;Vase si ustensile;roundup;mop;9;34;6;7;1;DA;
cos rufe pentru calcat;Vase si ustensile;segment;cos de rufe;9;34;4;8;1;DA;
mop electric ieftin;Vase si ustensile;pret;mop;9;34;3;4;1;DA;
mop pareri;Vase si ustensile;recenzie;mop;9;34;2;0;1;DA;
mop pentru pereti;Vase si ustensile;segment;mop;9;34;3;6;1;DA;
set cutite cu magnet;Vase si ustensile;segment;set cutite;9;34;4;8;1;DA;
set cutite cu topor;Vase si ustensile;segment;set cutite;9;34;4;9;1;DA;
set de oale mai ieftine;Vase si ustensile;pret;set oale;9;34;5;9;1;DA;
set oale si tigai ieftine;Vase si ustensile;pret;set oale;9;34;5;8;1;DA;
termos cafea ieftin;Vase si ustensile;pret;termos;9;34;3;4;1;DA;
termos cu afisaj temperatura;Vase si ustensile;segment;termos;9;34;4;8;1;DA;
termos cu pompa;Vase si ustensile;segment;termos;9;34;3;6;1;DA;
termos pentru insulina;Vase si ustensile;segment;termos;9;34;3;6;1;DA;
tigaie cu invelis ceramic;Vase si ustensile;segment;tigaie;9;34;4;9;1;DA;
tigaie inox ieftina;Vase si ustensile;pret;tigaie;9;34;3;4;1;DA;
tigaie pareri;Vase si ustensile;recenzie;tigaie;9;34;2;0;1;DA;
tigaie pentru paste;Vase si ustensile;segment;tigaie;9;34;3;6;1;DA;
tocator cu brat hidraulic;Vase si ustensile;segment;tocator;9;34;4;9;1;DA;
tocator cu picioare;Vase si ustensile;segment;tocator;9;34;3;6;1;DA;
tocator lemn ieftin;Vase si ustensile;pret;tocator;9;34;3;4;1;DA;
tocator pentru varza;Vase si ustensile;segment;tocator;9;34;3;6;1;DA;
top cele mai bune mopuri;Vase si ustensile;roundup;mop;9;34;5;5;1;DA;
cana filtranta apa pareri;Vase si ustensile;recenzie;cana filtranta;9;32;4;5;1;DA;
cel mai bun filtru de apa cana;Vase si ustensile;roundup;filtru de apa;9;32;7;8;1;DA;
cel mai bun filtru de apa pentru dus;Vase si ustensile;roundup;filtru de apa;9;32;8;9;1;DA;
cel mai bun mop electric fara fir;Vase si ustensile;roundup;mop;9;32;7;9;1;DA;
cel mai bun tocator de bucatarie;Vase si ustensile;roundup;tocator;9;32;6;8;1;DA;
cel mai bun tocator legume manual;Vase si ustensile;roundup;tocator;9;32;6;9;1;DA;
cele mai bune aspiratoare robot cu mop;Vase si ustensile;roundup;mop;9;32;7;9;1;DA;
cele mai bune galeti cu mop;Vase si ustensile;roundup;mop;9;32;6;8;1;DA;
cele mai bune termostate auto;Vase si ustensile;roundup;termos;9;32;5;6;1;DA;
cele mai bune termostate de ambient;Vase si ustensile;roundup;termos;9;32;6;8;1;DA;
mop cu aburi ieftin;Vase si ustensile;pret;mop;9;32;4;7;1;DA;
mop plat ieftin;Vase si ustensile;pret;mop;9;32;3;5;1;DA;
set oale inductie ieftine;Vase si ustensile;pret;set oale;9;32;4;7;1;DA;
termos cu afisaj;Vase si ustensile;segment;termos;9;32;3;7;1;DA;
termos pentru bebelusi;Vase si ustensile;segment;termos;9;32;3;7;1;DA;
tigaie pentru vita;Vase si ustensile;segment;tigaie;9;32;3;7;1;DA;
tigaie titan pareri;Vase si ustensile;recenzie;tigaie;9;32;3;3;1;DA;
tocator hartie ieftin;Vase si ustensile;pret;tocator;9;32;3;5;1;DA;
tocator pentru bobcat;Vase si ustensile;segment;tocator;9;32;3;7;1;DA;
tocator resturi vegetale ieftin;Vase si ustensile;pret;tocator;9;32;4;7;1;DA;
tocator titan pareri;Vase si ustensile;recenzie;tocator;9;32;3;3;1;DA;
cel mai bun mop rotativ;Vase si ustensile;roundup;mop;9;30;5;7;1;DA;
galeata mop ieftina;Vase si ustensile;pret;mop;9;30;3;6;1;DA;
mop cu galeata ieftin;Vase si ustensile;pret;mop;9;30;4;8;1;DA;
mop cu servetele;Vase si ustensile;segment;mop;9;30;3;8;1;DA;
mop pentru podea;Vase si ustensile;segment;mop;9;30;3;9;1;DA;
mop pentru tavan;Vase si ustensile;segment;mop;9;30;3;8;1;DA;
pompa cu tocator ieftina;Vase si ustensile;pret;tocator;9;30;4;9;1;DA;
set pentru tacamuri;Vase si ustensile;segment;set tacamuri;9;30;3;8;1;DA;
termos cu grade;Vase si ustensile;segment;termos;9;30;3;9;1;DA;
termos pentru biberoane;Vase si ustensile;segment;termos;9;30;3;9;1;DA;
termos pentru copii;Vase si ustensile;segment;termos;9;30;3;8;1;DA;
tigaie aluminiu pareri;Vase si ustensile;recenzie;tigaie;9;30;3;4;1;DA;
tigaie electrica ieftina;Vase si ustensile;pret;tigaie;9;30;3;6;1;DA;
tigaie pentru ochiuri;Vase si ustensile;segment;tigaie;9;30;3;9;1;DA;
tocator crengi benzina ieftin;Vase si ustensile;pret;tocator;9;30;4;8;1;DA;
tocator crengi ruris pareri;Vase si ustensile;recenzie;tocator;9;30;4;6;1;DA;
tocator electric pareri;Vase si ustensile;recenzie;tocator;9;30;3;4;1;DA;
tocator legume ieftin;Vase si ustensile;pret;tocator;9;30;3;6;1;DA;
tocator pentru compost;Vase si ustensile;segment;tocator;9;30;3;8;1;DA;
tocator pentru excavator;Vase si ustensile;segment;tocator;9;30;3;9;1;DA;
cel mai bun mop vileda;Vase si ustensile;roundup;mop;9;28;5;8;1;DA;
cel mai bun termostat calorifer;Vase si ustensile;roundup;termos;9;28;5;8;1;DA;
cele mai bune termostate inteligente;Vase si ustensile;roundup;termos;9;28;5;9;1;DA;
tigaie doubletta pareri;Vase si ustensile;recenzie;tigaie;9;28;3;5;1;DA;
tigaie wok ieftina;Vase si ustensile;pret;tigaie;9;28;3;7;1;DA;
tocator crengi electric pareri;Vase si ustensile;recenzie;tocator;9;28;4;7;1;DA;
cele mai bune mopuri;Vase si ustensile;roundup;mop;9;26;4;0;1;DA;
cele mai bune tigaie;Vase si ustensile;roundup;tigaie;9;26;4;0;1;DA;
tigaie cupru pareri;Vase si ustensile;recenzie;tigaie;9;26;3;6;1;DA;
tocator crengi parkside pareri;Vase si ustensile;recenzie;tocator;9;26;4;8;1;DA;
tocator resturi vegetale pareri;Vase si ustensile;recenzie;tocator;9;26;4;9;1;DA;
cel mai bun mop;Vase si ustensile;roundup;mop;9;24;4;1;1;DA;
cele mai bune termosuri;Vase si ustensile;roundup;termos;9;24;4;1;1;DA;
mop bun pareri;Vase si ustensile;recenzie;mop;9;24;3;7;1;DA;
tigaie granit pareri;Vase si ustensile;recenzie;tigaie;9;24;3;7;1;DA;
cel mai bun termos;Vase si ustensile;roundup;termos;9;22;4;2;1;DA;
mop electric pareri;Vase si ustensile;recenzie;mop;9;22;3;8;1;DA;
mop rotativ pareri;Vase si ustensile;recenzie;mop;9;22;3;9;1;DA;
tigaie ceramica pareri;Vase si ustensile;recenzie;tigaie;9;22;3;9;1;DA;
tigaie hexclad pareri;Vase si ustensile;recenzie;tigaie;9;22;3;8;1;DA;
cele mai bune termostate;Vase si ustensile;roundup;termos;9;16;4;5;1;DA;
cel mai bun tocator;Vase si ustensile;roundup;tocator;9;14;4;6;1;DA;
cele mai bune termoseminee;Vase si ustensile;roundup;termos;9;12;4;7;1;DA;
cel mai bun termostat;Vase si ustensile;roundup;termos;9;10;4;9;1;DA;
baterie externa;Accesorii telefon;;baterie externa;9;;2;0;1;NU;fara forma de intentie clara
baterie externa 20000 mah;Accesorii telefon;;baterie externa;9;;4;4;1;NU;fara forma de intentie clara
baterie externa 50000 mah;Accesorii telefon;;baterie externa;9;;4;6;1;NU;fara forma de intentie clara
baterie externa altex;Accesorii telefon;;baterie externa;9;;3;3;1;NU;termen de magazin
baterie externa anker;Accesorii telefon;;baterie externa;9;;3;8;1;NU;fara forma de intentie clara
baterie externa apple;Accesorii telefon;;baterie externa;9;;3;5;1;NU;fara forma de intentie clara
baterie externa cele mai bune;Accesorii telefon;;baterie externa;9;;5;0;1;NU;fara forma de intentie clara
baterie externa iphone;Accesorii telefon;;baterie externa;9;;3;1;1;NU;fara forma de intentie clara
baterie externa pentru samsung;Accesorii telefon;segment;baterie externa;9;;4;5;1;NU;nume de brand
baterie externa pentru telefon samsung;Accesorii telefon;segment;baterie externa;9;;5;6;1;NU;nume de brand
baterie externa samsung;Accesorii telefon;;baterie externa;9;;3;2;1;NU;nume de brand
baterie externa telefon;Accesorii telefon;;baterie externa;9;;3;9;1;NU;fara forma de intentie clara
baterie externa wireless;Accesorii telefon;;baterie externa;9;;3;7;1;NU;fara forma de intentie clara
cablu de date;Accesorii telefon;;cablu de date;9;;3;0;1;NU;fara forma de intentie clara
cablu de date altex;Accesorii telefon;;cablu de date;9;;4;8;1;NU;termen de magazin
cablu de date apple;Accesorii telefon;;cablu de date;9;;4;6;1;NU;fara forma de intentie clara
cablu de date iphone;Accesorii telefon;;cablu de date;9;;4;2;1;NU;fara forma de intentie clara
cablu de date micro usb;Accesorii telefon;;cablu de date;9;;5;4;1;NU;fara forma de intentie clara
cablu de date pentru samsung;Accesorii telefon;segment;cablu de date;9;;5;3;1;NU;nume de brand
cablu de date samsung;Accesorii telefon;;cablu de date;9;;4;1;1;NU;nume de brand
cablu de date samsung original;Accesorii telefon;;cablu de date;9;;5;7;1;NU;nume de brand
cablu de date sata;Accesorii telefon;;cablu de date;9;;4;9;1;NU;fara forma de intentie clara
cablu de date usb;Accesorii telefon;;cablu de date;9;;4;5;1;NU;fara forma de intentie clara
cablu de date usb c;Accesorii telefon;;cablu de date;9;;5;3;1;NU;fara forma de intentie clara
card de memorie;Accesorii telefon;;card de memorie;9;;3;0;1;NU;fara forma de intentie clara
card de memorie 128 gb;Accesorii telefon;;card de memorie;9;;5;2;1;NU;fara forma de intentie clara
card de memorie 1tb;Accesorii telefon;;card de memorie;9;;4;9;1;NU;fara forma de intentie clara
card de memorie 256 gb;Accesorii telefon;;card de memorie;9;;5;8;1;NU;fara forma de intentie clara
card de memorie 32 gb;Accesorii telefon;;card de memorie;9;;5;3;1;NU;fara forma de intentie clara
card de memorie 512 gb;Accesorii telefon;;card de memorie;9;;5;4;1;NU;fara forma de intentie clara
card de memorie 64 gb;Accesorii telefon;;card de memorie;9;;5;1;1;NU;fara forma de intentie clara
card de memorie altex;Accesorii telefon;;card de memorie;9;;4;6;1;NU;termen de magazin
card de memorie pentru telefon samsung;Accesorii telefon;segment;card de memorie;9;;6;6;1;NU;nume de brand
card de memorie telefon;Accesorii telefon;;card de memorie;9;;4;7;1;NU;fara forma de intentie clara
cat consuma un incarcator de telefon lasat in priza;Accesorii telefon;informational;incarcator telefon;9;;9;1,5;2;NU;prea lung (titlu de produs)
cea mai buna folie de protectie pentru telefon iphone;Accesorii telefon;roundup;folie de protectie telefon;9;;9;3;1;NU;prea lung (titlu de produs)
folie de protectie ecran telefon;Accesorii telefon;;folie de protectie telefon;9;;5;8;1;NU;fara forma de intentie clara
folie de protectie telefon;Accesorii telefon;;folie de protectie telefon;9;;4;0;1;NU;fara forma de intentie clara
folie de protectie telefon in engleza;Accesorii telefon;;folie de protectie telefon;9;;6;1;1;NU;fara forma de intentie clara
folie de protectie telefon iphone 11;Accesorii telefon;;folie de protectie telefon;9;;6;6;1;NU;fara forma de intentie clara
folie de protectie telefon iphone 15;Accesorii telefon;;folie de protectie telefon;9;;6;5;1;NU;fara forma de intentie clara
folie de protectie telefon pret;Accesorii telefon;;folie de protectie telefon;9;;5;4;1;NU;termen de magazin
folie de protectie telefon privacy;Accesorii telefon;;folie de protectie telefon;9;;5;1;1;NU;fara forma de intentie clara
folie de protectie telefon silicon;Accesorii telefon;;folie de protectie telefon;9;;5;3;1;NU;fara forma de intentie clara
folie de protectie telefon spate;Accesorii telefon;;folie de protectie telefon;9;;5;7;1;NU;fara forma de intentie clara
husa pentru telefon samsung;Accesorii telefon;segment;husa telefon;9;;4;7;1;NU;nume de brand
husa telefon;Accesorii telefon;;husa telefon;9;;2;0;1;NU;fara forma de intentie clara
husa telefon curea;Accesorii telefon;;husa telefon;9;;3;5;1;NU;fara forma de intentie clara
husa telefon honor magic 7 lite;Accesorii telefon;;husa telefon;9;;6;5;1;NU;fara forma de intentie clara
husa telefon honor magic 8 lite;Accesorii telefon;;husa telefon;9;;6;4;1;NU;fara forma de intentie clara
husa telefon iphone 17 pro max;Accesorii telefon;;husa telefon;9;;6;8;1;NU;fara forma de intentie clara
husa telefon personalizata;Accesorii telefon;;husa telefon;9;;3;6;1;NU;fara forma de intentie clara
husa telefon samsung;Accesorii telefon;;husa telefon;9;;3;1;1;NU;nume de brand
husa telefon samsung a16;Accesorii telefon;;husa telefon;9;;4;2;1;NU;cod de model
husa telefon samsung a17;Accesorii telefon;;husa telefon;9;;4;3;1;NU;cod de model
husa telefon samsung s25;Accesorii telefon;;husa telefon;9;;4;7;1;NU;cod de model
husa telefon samsung s25 ultra;Accesorii telefon;;husa telefon;9;;5;9;1;NU;cod de model
incarcator pentru telefon samsung;Accesorii telefon;segment;incarcator telefon;9;;4;3;1;NU;nume de brand
incarcator telefon;Accesorii telefon;;incarcator telefon;9;;2;0;1;NU;fara forma de intentie clara
incarcator telefon 65w;Accesorii telefon;;incarcator telefon;9;;3;9;1;NU;fara forma de intentie clara
incarcator telefon altex;Accesorii telefon;;incarcator telefon;9;;3;1;1;NU;termen de magazin
incarcator telefon auto;Accesorii telefon;;incarcator telefon;9;;3;2;1;NU;fara forma de intentie clara
incarcator telefon motocicleta;Accesorii telefon;;incarcator telefon;9;;3;6;1;NU;fara forma de intentie clara
incarcator telefon samsung;Accesorii telefon;;incarcator telefon;9;;3;3;1;NU;nume de brand
incarcator telefon solar;Accesorii telefon;;incarcator telefon;9;;3;7;1;NU;fara forma de intentie clara
incarcator telefon tip c;Accesorii telefon;;incarcator telefon;9;;4;8;1;NU;fara forma de intentie clara
incarcator telefon universal;Accesorii telefon;;incarcator telefon;9;;3;4;1;NU;fara forma de intentie clara
incarcator telefon wireless;Accesorii telefon;;incarcator telefon;9;;3;5;1;NU;fara forma de intentie clara
samsung cu card de memorie;Accesorii telefon;segment;card de memorie;9;;5;4;1;NU;nume de brand
suport telefon auto;Accesorii telefon;;suport telefon auto;6,4;;3;0;1;NU;fara forma de intentie clara
suport telefon auto altex;Accesorii telefon;;suport telefon auto;6,4;;4;2;1;NU;termen de magazin
suport telefon auto dedeman;Accesorii telefon;;suport telefon auto;6,4;;4;3;1;NU;termen de magazin
suport telefon auto emag;Accesorii telefon;;suport telefon auto;6,4;;4;9;1;NU;termen de magazin
suport telefon auto in engleza;Accesorii telefon;;suport telefon auto;6,4;;5;2;1;NU;fara forma de intentie clara
suport telefon auto in spate;Accesorii telefon;;suport telefon auto;6,4;;5;3;1;NU;fara forma de intentie clara
suport telefon auto incarcare wireless;Accesorii telefon;;suport telefon auto;6,4;;5;0;1;NU;fara forma de intentie clara
suport telefon auto inteligent;Accesorii telefon;;suport telefon auto;6,4;;4;1;1;NU;fara forma de intentie clara
suport telefon auto magnetic;Accesorii telefon;;suport telefon auto;6,4;;4;1;1;NU;fara forma de intentie clara
suport telefon auto magnetic altex;Accesorii telefon;;suport telefon auto;6,4;;5;8;1;NU;termen de magazin
suport telefon auto magsafe;Accesorii telefon;;suport telefon auto;6,4;;4;6;1;NU;fara forma de intentie clara
cablu hdmi;Accesorii TV;;cablu hdmi;10,9;;2;0;1;NU;fara forma de intentie clara
cablu hdmi 10m;Accesorii TV;;cablu hdmi;10,9;;3;3;1;NU;fara forma de intentie clara
cablu hdmi 15m;Accesorii TV;;cablu hdmi;10,9;;3;8;1;NU;fara forma de intentie clara
cablu hdmi 2.1;Accesorii TV;;cablu hdmi;10,9;;3;6;1;NU;fara forma de intentie clara
cablu hdmi 20m;Accesorii TV;;cablu hdmi;10,9;;3;9;1;NU;fara forma de intentie clara
cablu hdmi 5m;Accesorii TV;;cablu hdmi;10,9;;3;5;1;NU;fara forma de intentie clara
cablu hdmi altex;Accesorii TV;;cablu hdmi;10,9;;3;1;1;NU;termen de magazin
cablu hdmi displayport;Accesorii TV;;cablu hdmi;10,9;;3;7;1;NU;fara forma de intentie clara
cablu hdmi usb c;Accesorii TV;;cablu hdmi;10,9;;4;2;1;NU;fara forma de intentie clara
cablu hdmi vga;Accesorii TV;;cablu hdmi;10,9;;3;4;1;NU;fara forma de intentie clara
ce cablu hdmi sa cumpar;Accesorii TV;;cablu hdmi;10,9;;5;0;1;NU;fara forma de intentie clara
kit curatare ecran;Accesorii TV;;kit curatare ecran;10,9;;3;0;1;NU;fara forma de intentie clara
kit curatare ecran laptop;Accesorii TV;;kit curatare ecran;10,9;;4;1;1;NU;fara forma de intentie clara
suport tv de perete;Accesorii TV;;suport tv de perete;10,9;;4;0;1;NU;fara forma de intentie clara
suport tv de perete a+ sp44t;Accesorii TV;;suport tv de perete;10,9;;6;2;1;NU;cod de model
suport tv de perete a+ spb446;Accesorii TV;;suport tv de perete;10,9;;6;6;1;NU;cod de model
suport tv de perete a+ spb446 reglabil 32 -70 (80cm-177cm) negru;Accesorii TV;;suport tv de perete;10,9;;11;3;1;NU;prea lung (titlu de produs)
suport tv de perete altex;Accesorii TV;;suport tv de perete;10,9;;5;7;1;NU;termen de magazin
suport tv de perete dedeman;Accesorii TV;;suport tv de perete;10,9;;5;5;1;NU;termen de magazin
suport tv de perete mobil;Accesorii TV;;suport tv de perete;10,9;;5;8;1;NU;fara forma de intentie clara
suport tv de perete pivotant universal diagonala 32 70;Accesorii TV;;suport tv de perete;10,9;;9;9;1;NU;prea lung (titlu de produs)
suport tv de perete reglabil;Accesorii TV;;suport tv de perete;10,9;;5;4;1;NU;fara forma de intentie clara
suport tv perete cu brat altex;Accesorii TV;segment;suport tv de perete;10,9;;6;8;1;NU;termen de magazin
suport tv perete culisant;Accesorii TV;;suport tv de perete;10,9;;4;7;1;NU;fara forma de intentie clara
telecomanda universala;Accesorii TV;;telecomanda universala;10,9;;2;0;1;NU;fara forma de intentie clara
telecomanda universala aer conditionat;Accesorii TV;;telecomanda universala;10,9;;4;1;1;NU;fara forma de intentie clara
telecomanda universala aer conditionat altex;Accesorii TV;;telecomanda universala;10,9;;5;9;1;NU;termen de magazin
telecomanda universala altex;Accesorii TV;;telecomanda universala;10,9;;3;3;1;NU;termen de magazin
telecomanda universala dedeman;Accesorii TV;;telecomanda universala;10,9;;3;8;1;NU;termen de magazin
telecomanda universala home instructiuni;Accesorii TV;;telecomanda universala;10,9;;4;7;1;NU;fara forma de intentie clara
telecomanda universala lg;Accesorii TV;;telecomanda universala;10,9;;3;4;1;NU;nume de brand
telecomanda universala pentru lg;Accesorii TV;segment;telecomanda universala;10,9;;4;8;1;NU;nume de brand
telecomanda universala pentru samsung;Accesorii TV;segment;telecomanda universala;10,9;;4;2;1;NU;nume de brand
telecomanda universala pentru televizor samsung;Accesorii TV;segment;telecomanda universala;10,9;;5;5;1;NU;nume de brand
telecomanda universala philips;Accesorii TV;;telecomanda universala;10,9;;3;5;1;NU;nume de brand
telecomanda universala poarta culisanta;Accesorii TV;;telecomanda universala;10,9;;4;9;1;NU;fara forma de intentie clara
telecomanda universala samsung;Accesorii TV;;telecomanda universala;10,9;;3;2;1;NU;nume de brand
telecomanda universala vortex;Accesorii TV;;telecomanda universala;10,9;;3;6;1;NU;fara forma de intentie clara
acvariu;Animale;;acvariu;6,1;;1;3;1;NU;fara forma de intentie clara
acvariu antalya;Animale;;acvariu;6,1;;2;5;1;NU;fara forma de intentie clara
acvariu broasca testoasa;Animale;;acvariu;6,1;;3;6;1;NU;fara forma de intentie clara
acvariu constanta;Animale;;acvariu;6,1;;2;0;1;NU;fara forma de intentie clara
acvariu cu pesti pret;Animale;segment;acvariu;6,1;;4;5;1;NU;termen de magazin
acvariu cub;Animale;;acvariu;6,1;;2;4;1;NU;fara forma de intentie clara
acvariu curbat;Animale;;acvariu;6,1;;2;7;1;NU;fara forma de intentie clara
acvariu genova;Animale;;acvariu;6,1;;2;7;1;NU;fara forma de intentie clara
acvariu hornbach;Animale;;acvariu;6,1;;2;8;1;NU;fara forma de intentie clara
acvariu istanbul;Animale;;acvariu;6,1;;2;4;1;NU;fara forma de intentie clara
acvariu pesti;Animale;;acvariu;6,1;;2;1;1;NU;fara forma de intentie clara
acvariu pesti dedeman;Animale;;acvariu;6,1;;3;9;1;NU;termen de magazin
acvariu tulcea;Animale;;acvariu;6,1;;2;2;1;NU;fara forma de intentie clara
cusca caine;Animale;;cusca caine;6,1;;2;0;1;NU;fara forma de intentie clara
cusca caine curte;Animale;;cusca caine;6,1;;3;4;1;NU;fara forma de intentie clara
cusca caine dedeman;Animale;;cusca caine;6,1;;3;1;1;NU;termen de magazin
cusca caine hornbach;Animale;;cusca caine;6,1;;3;3;1;NU;fara forma de intentie clara
cusca caine ieftina dedeman;Animale;pret;cusca caine;6,1;;4;1;1;NU;termen de magazin
cusca caine ieftina olx;Animale;pret;cusca caine;6,1;;4;2;1;NU;termen de magazin
cusca caine leroy merlin;Animale;;cusca caine;6,1;;4;4;1;NU;fara forma de intentie clara
cusca caine mare;Animale;;cusca caine;6,1;;3;9;1;NU;fara forma de intentie clara
cusca caine talie mare;Animale;;cusca caine;6,1;;4;2;1;NU;fara forma de intentie clara
cusca caine talie mare dedeman;Animale;;cusca caine;6,1;;5;6;1;NU;termen de magazin
cusca caine talie mica;Animale;;cusca caine;6,1;;4;8;1;NU;fara forma de intentie clara
cusca caine transport;Animale;;cusca caine;6,1;;3;5;1;NU;fara forma de intentie clara
ham caine;Animale;;ham caine;6,1;;2;0;1;NU;fara forma de intentie clara
ham caine julius k9;Animale;;ham caine;6,1;;4;6;1;NU;fara forma de intentie clara
ham caine jumbo;Animale;;ham caine;6,1;;3;9;1;NU;fara forma de intentie clara
ham caine mic;Animale;;ham caine;6,1;;3;8;1;NU;fara forma de intentie clara
ham caine pepco;Animale;;ham caine;6,1;;3;7;1;NU;fara forma de intentie clara
ham caine talie mare;Animale;;ham caine;6,1;;4;1;1;NU;fara forma de intentie clara
ham caine talie mare dedeman;Animale;;ham caine;6,1;;5;4;1;NU;termen de magazin
ham caine talie medie;Animale;;ham caine;6,1;;4;3;1;NU;fara forma de intentie clara
ham caine talie mica;Animale;;ham caine;6,1;;4;2;1;NU;fara forma de intentie clara
hrana caini;Animale;;hrana caini;6,1;;2;0;1;NU;fara forma de intentie clara
hrana caini brit;Animale;;hrana caini;6,1;;3;2;1;NU;fara forma de intentie clara
hrana caini dedeman;Animale;;hrana caini;6,1;;3;6;1;NU;termen de magazin
hrana caini junior;Animale;;hrana caini;6,1;;3;1;1;NU;fara forma de intentie clara
hrana caini kaufland;Animale;;hrana caini;6,1;;3;4;1;NU;fara forma de intentie clara
hrana caini lidl;Animale;;hrana caini;6,1;;3;3;1;NU;fara forma de intentie clara
hrana caini pedigree 15 kg;Animale;;hrana caini;6,1;;5;8;1;NU;fara forma de intentie clara
hrana caini penny;Animale;;hrana caini;6,1;;3;7;1;NU;fara forma de intentie clara
hrana caini sterilizati;Animale;;hrana caini;6,1;;3;5;1;NU;fara forma de intentie clara
hrana pisici;Animale;;hrana pisici;6,1;;2;0;1;NU;fara forma de intentie clara
hrana pisici brit;Animale;;hrana pisici;6,1;;3;6;1;NU;fara forma de intentie clara
hrana pisici coshida pret;Animale;;hrana pisici;6,1;;4;7;1;NU;termen de magazin
hrana pisici junior;Animale;;hrana pisici;6,1;;3;2;1;NU;fara forma de intentie clara
hrana pisici kaufland;Animale;;hrana pisici;6,1;;3;9;1;NU;fara forma de intentie clara
hrana pisici lidl pret;Animale;;hrana pisici;6,1;;4;5;1;NU;termen de magazin
hrana pisici royal canin;Animale;;hrana pisici;6,1;;4;8;1;NU;fara forma de intentie clara
hrana pisici sterilizate;Animale;;hrana pisici;6,1;;3;1;1;NU;fara forma de intentie clara
hrana pisici urinary;Animale;;hrana pisici;6,1;;3;4;1;NU;fara forma de intentie clara
litiera;Animale;;litiera;6,1;;1;3;1;NU;fara forma de intentie clara
litiera acoperita;Animale;;litiera;6,1;;2;6;1;NU;fara forma de intentie clara
litiera automata;Animale;;litiera;6,1;;2;1;1;NU;fara forma de intentie clara
litiera automata pisici;Animale;;litiera;6,1;;3;2;1;NU;fara forma de intentie clara
litiera caini;Animale;;litiera;6,1;;2;7;1;NU;fara forma de intentie clara
litiera curatare automata;Animale;;litiera;6,1;;3;3;1;NU;fara forma de intentie clara
litiera electrica;Animale;;litiera;6,1;;2;9;1;NU;fara forma de intentie clara
litiera inox;Animale;;litiera;6,1;;2;4;1;NU;fara forma de intentie clara
litiera inox pisici;Animale;;litiera;6,1;;3;8;1;NU;fara forma de intentie clara
litiera pisici;Animale;;litiera;6,1;;2;0;1;NU;fara forma de intentie clara
litiera pisici acoperita;Animale;;litiera;6,1;;3;5;1;NU;fara forma de intentie clara
pareri litiera automata;Animale;;litiera;6,1;;3;0;1;NU;fara forma de intentie clara
pareri litiera automata ihunt;Animale;;litiera;6,1;;4;2;1;NU;fara forma de intentie clara
pareri litiera ihunt;Animale;;litiera;6,1;;3;1;1;NU;fara forma de intentie clara
pareri litiera shaw;Animale;;litiera;6,1;;3;3;1;NU;fara forma de intentie clara
aspirator auto;Auto;;aspirator auto;8;;2;0;1;NU;fara forma de intentie clara
aspirator auto altex;Auto;;aspirator auto;8;;3;3;1;NU;termen de magazin
aspirator auto cu acumulator altex;Auto;segment;aspirator auto;8;;5;4,5;1;NU;termen de magazin
aspirator auto cu acumulator dedeman;Auto;segment;aspirator auto;8;;5;5;1;NU;termen de magazin
aspirator auto cu acumulator makita;Auto;segment;aspirator auto;8;;5;8;1;NU;nume de brand
aspirator auto dedeman;Auto;;aspirator auto;8;;3;6;1;NU;termen de magazin
aspirator auto karcher;Auto;;aspirator auto;8;;3;7;1;NU;nume de brand
aspirator auto parkside;Auto;;aspirator auto;8;;3;9;1;NU;fara forma de intentie clara
aspirator auto profesional;Auto;;aspirator auto;8;;3;5;1;NU;fara forma de intentie clara
aspirator auto puternic;Auto;;aspirator auto;8;;3;2;1;NU;fara forma de intentie clara
aspirator automat;Auto;;aspirator auto;8;;2;4;1;NU;fara forma de intentie clara
baterie auto;Auto;;baterie auto;6,2;;2;0;1;NU;fara forma de intentie clara
baterie auto 100ah;Auto;;baterie auto;6,2;;3;2;1;NU;cod de model
baterie auto 100ah ieftine;Auto;pret;baterie auto;6,2;;4;3;1;NU;cod de model
baterie auto 60ah;Auto;;baterie auto;6,2;;3;9;1;NU;fara forma de intentie clara
baterie auto 70 ah;Auto;;baterie auto;6,2;;4;8;1;NU;fara forma de intentie clara
baterie auto 75 ah;Auto;;baterie auto;6,2;;4;1;1;NU;fara forma de intentie clara
baterie auto 80 ah;Auto;;baterie auto;6,2;;4;3;1;NU;fara forma de intentie clara
baterie auto altex;Auto;;baterie auto;6,2;;3;5;1;NU;termen de magazin
baterie auto carrefour;Auto;;baterie auto;6,2;;3;7;1;NU;fara forma de intentie clara
baterie auto cu gel 100ah;Auto;segment;baterie auto;6,2;;5;5;1;NU;cod de model
baterie auto dedeman;Auto;;baterie auto;6,2;;3;4;1;NU;termen de magazin
baterie auto start stop;Auto;;baterie auto;6,2;;4;6;1;NU;fara forma de intentie clara
camera auto;Auto;;camera auto;6,2;;2;0;1;NU;fara forma de intentie clara
camera auto 360;Auto;;camera auto;6,2;;3;3;1;NU;fara forma de intentie clara
camera auto 70mai;Auto;;camera auto;6,2;;3;1;1;NU;fara forma de intentie clara
camera auto 70mai m310 pareri;Auto;recenzie;camera auto;6,2;;5;8;1;NU;cod de model
camera auto altex;Auto;;camera auto;6,2;;3;4;1;NU;termen de magazin
camera auto de bord;Auto;;camera auto;6,2;;4;6;1;NU;fara forma de intentie clara
camera auto evo smart;Auto;;camera auto;6,2;;4;5;1;NU;fara forma de intentie clara
camera auto fata spate;Auto;;camera auto;6,2;;4;2;1;NU;fara forma de intentie clara
camera auto noar vision pro 4k;Auto;;camera auto;6,2;;6;7;1;NU;fara forma de intentie clara
care sunt cele mai bune baterie auto;Auto;;baterie auto;6,2;;7;0;1;NU;fara forma de intentie clara
ce baterie auto sa cumpar;Auto;;baterie auto;6,2;;5;0;1;NU;fara forma de intentie clara
ce camera auto sa cumpar;Auto;;camera auto;6,2;;5;0;1;NU;fara forma de intentie clara
ce redresor auto sa cumpar;Auto;;redresor auto;8;;5;0;1;NU;fara forma de intentie clara
cel mai bun aspirator auto altex;Auto;roundup;aspirator auto;8;;6;2;1;NU;termen de magazin
cel.mai bun aspirator autonom;Auto;;aspirator auto;8;;4;6;1;NU;fara forma de intentie clara
compresor auto;Auto;;compresor auto;8;;2;0,5;2;NU;fara forma de intentie clara
compresor auto 12v;Auto;;compresor auto;8;;3;2;1;NU;fara forma de intentie clara
compresor auto altex;Auto;;compresor auto;8;;3;8;1;NU;termen de magazin
compresor auto cu acumulator dedeman;Auto;segment;compresor auto;8;;5;5;1;NU;termen de magazin
compresor auto cu acumulator makita;Auto;segment;compresor auto;8;;5;8;1;NU;nume de brand
compresor auto dedeman;Auto;;compresor auto;8;;3;5;2;NU;termen de magazin
compresor auto kaufland;Auto;;compresor auto;8;;3;9;1;NU;fara forma de intentie clara
compresor auto leroy merlin;Auto;;compresor auto;8;;4;7;1;NU;fara forma de intentie clara
compresor auto lidl;Auto;;compresor auto;8;;3;4;1;NU;fara forma de intentie clara
compresor auto parkside;Auto;;compresor auto;8;;3;6;1;NU;fara forma de intentie clara
compresor auto portabil;Auto;;compresor auto;8;;3;3;1;NU;fara forma de intentie clara
covorase auto;Auto;;covorase auto;8;;2;1,5;2;NU;fara forma de intentie clara
covorase auto cauciuc;Auto;;covorase auto;8;;3;4;1;NU;fara forma de intentie clara
covorase auto cupra formentor;Auto;;covorase auto;8;;4;2;1;NU;fara forma de intentie clara
covorase auto cupra terramar;Auto;;covorase auto;8;;4;4;1;NU;fara forma de intentie clara
covorase auto custom;Auto;;covorase auto;8;;3;0;1;NU;fara forma de intentie clara
covorase auto dedeman;Auto;;covorase auto;8;;3;6;1;NU;termen de magazin
covorase auto dedicate;Auto;;covorase auto;8;;3;1;1;NU;fara forma de intentie clara
covorase auto eva;Auto;;covorase auto;8;;3;5;1;NU;fara forma de intentie clara
covorase auto ford transit custom;Auto;;covorase auto;8;;5;8;1;NU;fara forma de intentie clara
covorase auto la comanda;Auto;;covorase auto;8;;4;7;1;NU;fara forma de intentie clara
covorase auto originale;Auto;;covorase auto;8;;3;9;1;NU;fara forma de intentie clara
covorase auto personalizate;Auto;;covorase auto;8;;3;3;1;NU;fara forma de intentie clara
covorase auto premium;Auto;;covorase auto;8;;3;8;1;NU;fara forma de intentie clara
covorase auto tavita;Auto;;covorase auto;8;;3;2;1;NU;fara forma de intentie clara
curatator covorase auto;Auto;;covorase auto;8;;3;9;1;NU;fara forma de intentie clara
cutie portbagaj;Auto;;cutie portbagaj;8;;2;1;1;NU;fara forma de intentie clara
cutie portbagaj auto;Auto;;cutie portbagaj;8;;3;0;1;NU;fara forma de intentie clara
cutie portbagaj auto dedeman;Auto;;cutie portbagaj;8;;4;4;1;NU;termen de magazin
cutie portbagaj auto olx;Auto;;cutie portbagaj;8;;4;3;1;NU;termen de magazin
cutie portbagaj auto thule;Auto;;cutie portbagaj;8;;4;7;1;NU;fara forma de intentie clara
cutie portbagaj bicicleta;Auto;;cutie portbagaj;8;;3;8;1;NU;fara forma de intentie clara
cutie portbagaj cui;Auto;;cutie portbagaj;8;;3;4;1;NU;fara forma de intentie clara
cutie portbagaj cupra;Auto;;cutie portbagaj;8;;3;3;1;NU;fara forma de intentie clara
cutie portbagaj cupra formentor;Auto;;cutie portbagaj;8;;4;0;1;NU;fara forma de intentie clara
cutie portbagaj dacia sandero stepway;Auto;;cutie portbagaj;8;;5;9;1;NU;fara forma de intentie clara
cutie portbagaj duster;Auto;;cutie portbagaj;8;;3;6;1;NU;fara forma de intentie clara
cutie portbagaj pe cui;Auto;;cutie portbagaj;8;;4;5;1;NU;fara forma de intentie clara
cutie portbagaj scuter;Auto;;cutie portbagaj;8;;3;5;1;NU;fara forma de intentie clara
cutie portbagaj thule;Auto;;cutie portbagaj;8;;3;2;1;NU;fara forma de intentie clara
husa auto;Auto;;husa auto;8;;2;0;1;NU;fara forma de intentie clara
husa auto antigrindina;Auto;;husa auto;8;;3;1;1;NU;fara forma de intentie clara
husa auto antigrindina suv;Auto;;husa auto;8;;4;5;1;NU;fara forma de intentie clara
husa auto dedeman;Auto;;husa auto;8;;3;3;1;NU;termen de magazin
husa auto exterior;Auto;;husa auto;8;;3;2;1;NU;fara forma de intentie clara
husa auto exterior lidl;Auto;;husa auto;8;;4;8;1;NU;fara forma de intentie clara
husa auto impermeabila;Auto;;husa auto;8;;3;4;1;NU;fara forma de intentie clara
husa auto suv;Auto;;husa auto;8;;3;9;1;NU;fara forma de intentie clara
navigatie gps;Auto;;navigatie gps;6,2;;2;2;1;NU;fara forma de intentie clara
navigatie gps auto;Auto;;navigatie gps;6,2;;3;0;1;NU;fara forma de intentie clara
navigatie gps auto altex;Auto;;navigatie gps;6,2;;4;1;1;NU;termen de magazin
navigatie gps auto flanco;Auto;;navigatie gps;6,2;;4;7;1;NU;fara forma de intentie clara
navigatie gps auto online;Auto;;navigatie gps;6,2;;4;6;1;NU;fara forma de intentie clara
navigatie gps camion;Auto;;navigatie gps;6,2;;3;3;1;NU;fara forma de intentie clara
navigatie gps tir;Auto;;navigatie gps;6,2;;3;4;1;NU;fara forma de intentie clara
navigatie gps tractor;Auto;;navigatie gps;6,2;;3;5;1;NU;fara forma de intentie clara
navigatie gps.ro;Auto;;navigatie gps;6,2;;2;8;1;NU;fara forma de intentie clara
redresor auto;Auto;;redresor auto;8;;2;0;1;NU;fara forma de intentie clara
redresor auto 12v;Auto;;redresor auto;8;;3;6;1;NU;fara forma de intentie clara
redresor auto altex;Auto;;redresor auto;8;;3;4;1;NU;termen de magazin
redresor auto brico depot;Auto;;redresor auto;8;;4;7;1;NU;fara forma de intentie clara
redresor auto dedeman;Auto;;redresor auto;8;;3;1;1;NU;termen de magazin
redresor auto kaufland;Auto;;redresor auto;8;;3;3;1;NU;fara forma de intentie clara
redresor auto leroy merlin;Auto;;redresor auto;8;;4;5;1;NU;fara forma de intentie clara
redresor auto lidl;Auto;;redresor auto;8;;3;2;1;NU;fara forma de intentie clara
redresor auto lidl pret;Auto;;redresor auto;8;;4;8;1;NU;termen de magazin
redresor auto portabil;Auto;;redresor auto;8;;3;9;1;NU;fara forma de intentie clara
scaun auto copii 15 36 kg;Auto;;scaun auto copii;5,9;;6;3;1;NU;fara forma de intentie clara
scaun auto copii 2 ani;Auto;;scaun auto copii;5,9;;5;9;1;NU;fara forma de intentie clara
scaun auto copii 3 ani;Auto;;scaun auto copii;5,9;;5;4;1;NU;fara forma de intentie clara
scaun auto copii 4 ani;Auto;;scaun auto copii;5,9;;5;1;1;NU;fara forma de intentie clara
scaun auto copii 5 ani;Auto;;scaun auto copii;5,9;;5;2;1;NU;fara forma de intentie clara
scaun auto copii 9 36 kg cu pozitie de somn;Auto;segment;scaun auto copii;5,9;;10;5;1;NU;prea lung (titlu de produs)
scaun auto copii cele mai bune;Auto;;scaun auto copii;5,9;;6;0;1;NU;fara forma de intentie clara
scaun auto copii cybex;Auto;;scaun auto copii;5,9;;4;6;1;NU;fara forma de intentie clara
scaun auto copii in fata;Auto;;scaun auto copii;5,9;;5;2;1;NU;fara forma de intentie clara
scaun auto copii in germania;Auto;;scaun auto copii;5,9;;5;5;1;NU;fara forma de intentie clara
scaun auto copii inaltator;Auto;;scaun auto copii;5,9;;4;0;1;NU;fara forma de intentie clara
scaun auto copii inaltime;Auto;;scaun auto copii;5,9;;4;4;1;NU;fara forma de intentie clara
scaun auto copii inglesina;Auto;;scaun auto copii;5,9;;4;3;1;NU;fara forma de intentie clara
scaun auto copii ingust;Auto;;scaun auto copii;5,9;;4;1;1;NU;fara forma de intentie clara
scaun auto copii isofix;Auto;;scaun auto copii;5,9;;4;0;1;NU;fara forma de intentie clara
scaun auto copii joie;Auto;;scaun auto copii;5,9;;4;8;1;NU;fara forma de intentie clara
scaun auto copii olx;Auto;;scaun auto copii;5,9;;4;7;1;NU;termen de magazin
scaun auto pentru copii cybex platinum solution t i fix plus;Auto;segment;scaun auto copii;5,9;;11;8;1;NU;prea lung (titlu de produs)
scaun auto pentru copii graco junior maxi black i size;Auto;segment;scaun auto copii;5,9;;10;7;1;NU;prea lung (titlu de produs)
scaun auto pentru copii joie i trillo fx shale;Auto;segment;scaun auto copii;5,9;;9;5;1;NU;prea lung (titlu de produs)
statie radio cb;Auto;;statie radio cb;6,2;;3;0;1;NU;fara forma de intentie clara
statie radio cb albrecht ae 6110;Auto;;statie radio cb;6,2;;6;4;1;NU;fara forma de intentie clara
statie radio cb avanti delta 4 8 15w;Auto;;statie radio cb;6,2;;8;3;1;NU;fara forma de intentie clara
statie radio cb pe telefon;Auto;;statie radio cb;6,2;;5;8;1;NU;fara forma de intentie clara
statie radio cb portabila;Auto;;statie radio cb;6,2;;4;1;1;NU;fara forma de intentie clara
statie radio cb portabila midland alan 42;Auto;;statie radio cb;6,2;;7;5;1;NU;fara forma de intentie clara
statie radio cb president;Auto;;statie radio cb;6,2;;4;7;1;NU;fara forma de intentie clara
statie radio cb president barry ii;Auto;;statie radio cb;6,2;;6;9;1;NU;fara forma de intentie clara
statie radio cb president william ii;Auto;;statie radio cb;6,2;;6;2;1;NU;fara forma de intentie clara
statie radio cb second hand;Auto;;statie radio cb;6,2;;5;6;1;NU;fara forma de intentie clara
tester baterie auto;Auto;;tester baterie auto;8;;3;0;1;NU;fara forma de intentie clara
tester baterie auto altex;Auto;;tester baterie auto;8;;4;3;1;NU;termen de magazin
tester baterie auto dedeman;Auto;;tester baterie auto;8;;4;1;1;NU;termen de magazin
tester baterie auto emag;Auto;;tester baterie auto;8;;4;4;1;NU;termen de magazin
tester baterie auto leroy merlin;Auto;;tester baterie auto;8;;5;7;1;NU;fara forma de intentie clara
tester baterie auto lidl;Auto;;tester baterie auto;8;;4;6;1;NU;fara forma de intentie clara
tester baterie auto profesional;Auto;;tester baterie auto;8;;4;5;1;NU;fara forma de intentie clara
tester baterie auto si alternator;Auto;;tester baterie auto;8;;5;9;1;NU;fara forma de intentie clara
tester baterie auto yato;Auto;;tester baterie auto;8;;4;8;1;NU;fara forma de intentie clara
bicicleta copii;Bebe si copii;;bicicleta copii;4,7;;2;1;2;NU;fara forma de intentie clara
bicicleta copii 1 an;Bebe si copii;;bicicleta copii;4,7;;4;9;1;NU;fara forma de intentie clara
bicicleta copii 10 ani;Bebe si copii;;bicicleta copii;4,7;;4;7;1;NU;fara forma de intentie clara
bicicleta copii 2 ani;Bebe si copii;;bicicleta copii;4,7;;4;2;1;NU;fara forma de intentie clara
bicicleta copii 3 ani;Bebe si copii;;bicicleta copii;4,7;;4;3;2;NU;fara forma de intentie clara
bicicleta copii 4 ani;Bebe si copii;;bicicleta copii;4,7;;4;4;1;NU;fara forma de intentie clara
bicicleta copii 5 ani;Bebe si copii;;bicicleta copii;4,7;;4;5;1;NU;fara forma de intentie clara
bicicleta copii 6 ani;Bebe si copii;;bicicleta copii;4,7;;4;8;1;NU;fara forma de intentie clara
bicicleta copii cube;Bebe si copii;;bicicleta copii;4,7;;3;6;1;NU;fara forma de intentie clara
bicicleta copii cube 24 inch;Bebe si copii;;bicicleta copii;4,7;;5;8;1;NU;fara forma de intentie clara
bicicleta copii decathlon;Bebe si copii;;bicicleta copii;4,7;;3;5;2;NU;fara forma de intentie clara
bicicleta copii emag ieftine;Bebe si copii;pret;bicicleta copii;4,7;;4;2;1;NU;termen de magazin
carucior copii;Bebe si copii;;carucior copii;5,9;;2;0;1;NU;fara forma de intentie clara
carucior copii 2 ani;Bebe si copii;;carucior copii;5,9;;4;4;1;NU;fara forma de intentie clara
carucior copii 3 in 1;Bebe si copii;;carucior copii;5,9;;5;1;1;NU;fara forma de intentie clara
carucior copii 5 ani;Bebe si copii;;carucior copii;5,9;;4;8;1;NU;fara forma de intentie clara
carucior copii bicicleta;Bebe si copii;;carucior copii;5,9;;3;7;1;NU;fara forma de intentie clara
carucior copii cumparaturi;Bebe si copii;;carucior copii;5,9;;3;6;1;NU;fara forma de intentie clara
carucior copii cybex;Bebe si copii;;carucior copii;5,9;;3;5;1;NU;fara forma de intentie clara
carucior copii jucarie;Bebe si copii;;carucior copii;5,9;;3;6;1;NU;fara forma de intentie clara
carucior copii pliabil;Bebe si copii;;carucior copii;5,9;;3;2;1;NU;fara forma de intentie clara
carucior copii sport;Bebe si copii;;carucior copii;5,9;;3;3;1;NU;fara forma de intentie clara
cele mai bune preturi la lego;Bebe si copii;roundup;lego;7,4;;6;0;1;NU;termen de magazin
lego cel mai bun pret;Bebe si copii;;lego;7,4;;5;0;1;NU;termen de magazin
lego cupa mondiala;Bebe si copii;;lego;7,4;;3;3,5;1;NU;fara forma de intentie clara
lego cupa mondiala 2026;Bebe si copii;;lego;7,4;;4;1;1;NU;fara forma de intentie clara
lego flori;Bebe si copii;;lego;7,4;;2;9;1;NU;fara forma de intentie clara
lego ieftin emag;Bebe si copii;pret;lego;7,4;;3;4;1;NU;termen de magazin
lego messi;Bebe si copii;;lego;7,4;;2;8;1;NU;fara forma de intentie clara
lego minecraft;Bebe si copii;;lego;7,4;;2;5;1;NU;fara forma de intentie clara
lego ninjago;Bebe si copii;;lego;7,4;;2;3;1;NU;fara forma de intentie clara
lego sau;Bebe si copii;;lego;7,4;;2;4;1;NU;fara forma de intentie clara
lego sauber;Bebe si copii;;lego;7,4;;2;5;1;NU;fara forma de intentie clara
lego sauron;Bebe si copii;;lego;7,4;;2;0;1;NU;fara forma de intentie clara
lego sauron bust;Bebe si copii;;lego;7,4;;3;9;1;NU;fara forma de intentie clara
lego sauron head;Bebe si copii;;lego;7,4;;3;6;1;NU;fara forma de intentie clara
lego sauron helmet;Bebe si copii;;lego;7,4;;3;1;1;NU;fara forma de intentie clara
lego sauron helmet dimensions;Bebe si copii;;lego;7,4;;4;7;1;NU;fara forma de intentie clara
lego sauron mask;Bebe si copii;;lego;7,4;;3;2;1;NU;fara forma de intentie clara
lego sauron set;Bebe si copii;;lego;7,4;;3;8;1;NU;fara forma de intentie clara
lego sauron tower;Bebe si copii;;lego;7,4;;3;3;1;NU;fara forma de intentie clara
lego technic;Bebe si copii;;lego;7,4;;2;6;1;NU;fara forma de intentie clara
legoland;Bebe si copii;;lego;7,4;;1;4;1;NU;fara forma de intentie clara
legoland germania;Bebe si copii;;lego;7,4;;2;1;1;NU;fara forma de intentie clara
legoland germany;Bebe si copii;;lego;7,4;;2;2;1;NU;fara forma de intentie clara
monitor bebe;Bebe si copii;;monitor bebe;8,1;;2;0;1;NU;fara forma de intentie clara
monitor bebe cual es mejor;Bebe si copii;;monitor bebe;8,1;;5;5;1;NU;fara forma de intentie clara
monitor bebe cuna;Bebe si copii;;monitor bebe;8,1;;3;2;1;NU;fara forma de intentie clara
monitor bebe emag;Bebe si copii;;monitor bebe;8,1;;3;3;1;NU;termen de magazin
monitor bebe momcozy;Bebe si copii;;monitor bebe;8,1;;3;6;1;NU;fara forma de intentie clara
monitor bebe motorola;Bebe si copii;;monitor bebe;8,1;;3;7;1;NU;fara forma de intentie clara
monitor bebe olx;Bebe si copii;;monitor bebe;8,1;;3;9;1;NU;termen de magazin
monitor bebe tapo;Bebe si copii;;monitor bebe;8,1;;3;4;1;NU;fara forma de intentie clara
monitor bebelusi;Bebe si copii;;monitor bebe;8,1;;2;1;1;NU;fara forma de intentie clara
monitor bebelusi altex;Bebe si copii;;monitor bebe;8,1;;3;2;1;NU;termen de magazin
monitor bebelusi tapo;Bebe si copii;;monitor bebe;8,1;;3;8;1;NU;fara forma de intentie clara
monitor cuarto bebe;Bebe si copii;;monitor bebe;8,1;;3;3;1;NU;fara forma de intentie clara
monitor para cuidar bebe;Bebe si copii;;monitor bebe;8,1;;4;4;1;NU;fara forma de intentie clara
patut bebe;Bebe si copii;;patut bebe;7,4;;2;2;2;NU;fara forma de intentie clara
patut bebe dedeman;Bebe si copii;;patut bebe;7,4;;3;7;1;NU;termen de magazin
patut bebe ieftin emag;Bebe si copii;pret;patut bebe;7,4;;4;3;1;NU;termen de magazin
patut bebe ieftin olx;Bebe si copii;pret;patut bebe;7,4;;4;2;1;NU;termen de magazin
patut bebe ikea;Bebe si copii;;patut bebe;7,4;;3;3;1;NU;fara forma de intentie clara
patut bebe lemn;Bebe si copii;;patut bebe;7,4;;3;2;1;NU;fara forma de intentie clara
patut bebe olx;Bebe si copii;;patut bebe;7,4;;3;6;1;NU;termen de magazin
patut bebe pliabil;Bebe si copii;;patut bebe;7,4;;3;5;1;NU;fara forma de intentie clara
patut bebe tei;Bebe si copii;;patut bebe;7,4;;3;9;1;NU;fara forma de intentie clara
patut bebelusi;Bebe si copii;;patut bebe;7,4;;2;1;1;NU;fara forma de intentie clara
puzzle;Bebe si copii;;puzzle;7,4;;1;0;1;NU;fara forma de intentie clara
puzzle 1000 piese;Bebe si copii;;puzzle;7,4;;3;3;1;NU;fara forma de intentie clara
puzzle 3d;Bebe si copii;;puzzle;7,4;;2;4;1;NU;fara forma de intentie clara
puzzle 500 piese;Bebe si copii;;puzzle;7,4;;3;9;1;NU;fara forma de intentie clara
puzzle copii 3 ani;Bebe si copii;;puzzle;7,4;;4;6;1;NU;fara forma de intentie clara
puzzle cuburi;Bebe si copii;;puzzle;7,4;;2;9;1;NU;fara forma de intentie clara
puzzle games;Bebe si copii;;puzzle;7,4;;2;7;1;NU;fara forma de intentie clara
puzzle lemn;Bebe si copii;;puzzle;7,4;;2;5;1;NU;fara forma de intentie clara
puzzle magnetic;Bebe si copii;;puzzle;7,4;;2;8;1;NU;fara forma de intentie clara
puzzle online;Bebe si copii;;puzzle;7,4;;2;1;1;NU;fara forma de intentie clara
puzzle personalizat;Bebe si copii;;puzzle;7,4;;2;2;1;NU;fara forma de intentie clara
puzzle sauce;Bebe si copii;;puzzle;7,4;;2;2;1;NU;fara forma de intentie clara
puzzle saucisson;Bebe si copii;;puzzle;7,4;;2;4;1;NU;fara forma de intentie clara
puzzle saucy;Bebe si copii;;puzzle;7,4;;2;7;1;NU;fara forma de intentie clara
puzzle saudi;Bebe si copii;;puzzle;7,4;;2;8;1;NU;fara forma de intentie clara
puzzle saudi arabia;Bebe si copii;;puzzle;7,4;;3;0;1;NU;fara forma de intentie clara
puzzle sauerland;Bebe si copii;;puzzle;7,4;;2;5;1;NU;fara forma de intentie clara
puzzle sauna;Bebe si copii;;puzzle;7,4;;2;3;1;NU;fara forma de intentie clara
puzzle sauron;Bebe si copii;;puzzle;7,4;;2;1;1;NU;fara forma de intentie clara
puzzle sausage dog;Bebe si copii;;puzzle;7,4;;3;9;1;NU;fara forma de intentie clara
puzzle sauvignon blanc;Bebe si copii;;puzzle;7,4;;3;6;1;NU;fara forma de intentie clara
scaun de masa bebe;Bebe si copii;;scaun de masa bebe;5,9;;4;0;1;NU;fara forma de intentie clara
scaun de masa bebe 2 in 1;Bebe si copii;;scaun de masa bebe;5,9;;7;6;1;NU;fara forma de intentie clara
scaun de masa bebe 3 in 1;Bebe si copii;;scaun de masa bebe;5,9;;7;3,5;1;NU;fara forma de intentie clara
scaun de masa bebe 4 in 1;Bebe si copii;;scaun de masa bebe;5,9;;7;7;1;NU;fara forma de intentie clara
scaun de masa bebe 4 in 1 figga;Bebe si copii;;scaun de masa bebe;5,9;;8;7;1;NU;fara forma de intentie clara
scaun de masa bebe 4 in 1 little bird;Bebe si copii;;scaun de masa bebe;5,9;;9;9;1;NU;prea lung (titlu de produs)
scaun de masa bebe 5 in 1;Bebe si copii;;scaun de masa bebe;5,9;;7;8;1;NU;fara forma de intentie clara
scaun de masa bebe chicco;Bebe si copii;;scaun de masa bebe;5,9;;5;5;1;NU;fara forma de intentie clara
scaun de masa bebe emag;Bebe si copii;;scaun de masa bebe;5,9;;5;8;1;NU;termen de magazin
scaun de masa bebe ieftin emag;Bebe si copii;pret;scaun de masa bebe;5,9;;6;1;1;NU;termen de magazin
scaun de masa bebe ikea;Bebe si copii;;scaun de masa bebe;5,9;;5;1;1;NU;fara forma de intentie clara
scaun de masa bebe in engleza;Bebe si copii;;scaun de masa bebe;5,9;;6;2;1;NU;fara forma de intentie clara
scaun de masa bebe inalt;Bebe si copii;;scaun de masa bebe;5,9;;5;0;1;NU;fara forma de intentie clara
scaun de masa bebe ingenuity;Bebe si copii;;scaun de masa bebe;5,9;;5;3;1;NU;fara forma de intentie clara
scaun de masa bebe inglesina;Bebe si copii;;scaun de masa bebe;5,9;;5;1;1;NU;fara forma de intentie clara
scaun de masa bebe joie;Bebe si copii;;scaun de masa bebe;5,9;;5;6;1;NU;fara forma de intentie clara
scaun de masa bebe lemn;Bebe si copii;;scaun de masa bebe;5,9;;5;7;1;NU;fara forma de intentie clara
scaun de masa bebe pliabil;Bebe si copii;;scaun de masa bebe;5,9;;5;4;1;NU;fara forma de intentie clara
sterilizator biberoane;Bebe si copii;;sterilizator biberoane;5,9;;2;0;1;NU;fara forma de intentie clara
sterilizator biberoane altex;Bebe si copii;;sterilizator biberoane;5,9;;3;4;1;NU;termen de magazin
sterilizator biberoane avent;Bebe si copii;;sterilizator biberoane;5,9;;3;8;1;NU;fara forma de intentie clara
sterilizator biberoane bebe tei;Bebe si copii;;sterilizator biberoane;5,9;;4;7;1;NU;fara forma de intentie clara
sterilizator biberoane chicco;Bebe si copii;;sterilizator biberoane;5,9;;3;3;1;NU;fara forma de intentie clara
sterilizator biberoane cu uscare altex;Bebe si copii;segment;sterilizator biberoane;5,9;;5;9;1;NU;termen de magazin
sterilizator biberoane cu uscare philips;Bebe si copii;segment;sterilizator biberoane;5,9;;5;1;1;NU;nume de brand
sterilizator biberoane cuptor microunde;Bebe si copii;;sterilizator biberoane;5,9;;4;5;1;NU;fara forma de intentie clara
sterilizator biberoane microunde;Bebe si copii;;sterilizator biberoane;5,9;;3;6;1;NU;fara forma de intentie clara
sterilizator biberoane momcozy;Bebe si copii;;sterilizator biberoane;5,9;;3;9;1;NU;fara forma de intentie clara
sterilizator biberoane philips;Bebe si copii;;sterilizator biberoane;5,9;;3;2;1;NU;nume de brand
sterilizator biberoane philips avent;Bebe si copii;;sterilizator biberoane;5,9;;4;5;1;NU;nume de brand
sterilizator si uscator pentru biberoane ac178 dr browns;Bebe si copii;segment;sterilizator biberoane;5,9;;8;4;1;NU;cod de model
tobogan copii;Bebe si copii;;tobogan copii;7,4;;2;0;1;NU;fara forma de intentie clara
tobogan copii 10 ani;Bebe si copii;;tobogan copii;7,4;;4;4;1;NU;fara forma de intentie clara
tobogan copii 5 ani;Bebe si copii;;tobogan copii;7,4;;4;5;1;NU;fara forma de intentie clara
tobogan copii cu scara metalica 285 x 150 x 168 cm;Bebe si copii;segment;tobogan copii;7,4;;11;8;1;NU;prea lung (titlu de produs)
tobogan copii curbat;Bebe si copii;;tobogan copii;7,4;;3;5;1;NU;fara forma de intentie clara
tobogan copii curte;Bebe si copii;;tobogan copii;7,4;;3;3;1;NU;fara forma de intentie clara
tobogan copii dedeman;Bebe si copii;;tobogan copii;7,4;;3;2;1;NU;termen de magazin
tobogan copii emag;Bebe si copii;;tobogan copii;7,4;;3;9;1;NU;termen de magazin
tobogan copii exterior;Bebe si copii;;tobogan copii;7,4;;3;3;1;NU;fara forma de intentie clara
tobogan copii jumbo;Bebe si copii;;tobogan copii;7,4;;3;1;1;NU;fara forma de intentie clara
tobogan copii leroy merlin;Bebe si copii;;tobogan copii;7,4;;4;8;1;NU;fara forma de intentie clara
tobogan copii mare;Bebe si copii;;tobogan copii;7,4;;3;6;1;NU;fara forma de intentie clara
tobogan copii olx;Bebe si copii;;tobogan copii;7,4;;3;7;1;NU;termen de magazin
tobogan pentru copii dedeman;Bebe si copii;segment;tobogan copii;7,4;;4;8;1;NU;termen de magazin
trambulina;Bebe si copii;;trambulina;7,4;;1;1;1;NU;fara forma de intentie clara
trambulina carrefour;Bebe si copii;;trambulina;7,4;;2;9;1;NU;fara forma de intentie clara
trambulina copii;Bebe si copii;;trambulina;7,4;;2;0;1;NU;fara forma de intentie clara
trambulina copii dedeman;Bebe si copii;;trambulina;7,4;;3;2;1;NU;termen de magazin
trambulina copii ieftina emag;Bebe si copii;pret;trambulina;7,4;;4;5;1;NU;termen de magazin
trambulina copii ieftina olx;Bebe si copii;pret;trambulina;7,4;;4;7;1;NU;termen de magazin
trambulina copii jumbo;Bebe si copii;;trambulina;7,4;;3;3;1;NU;fara forma de intentie clara
trambulina cu plasa de siguranta top life 244 cm multicolor;Bebe si copii;segment;trambulina;7,4;;10;6;1;NU;prea lung (titlu de produs)
trambulina curte;Bebe si copii;;trambulina;7,4;;2;4;1;NU;fara forma de intentie clara
trambulina curte copii;Bebe si copii;;trambulina;7,4;;3;9;1;NU;fara forma de intentie clara
trambulina decathlon;Bebe si copii;;trambulina;7,4;;2;4;1;NU;fara forma de intentie clara
trambulina dedeman;Bebe si copii;;trambulina;7,4;;2;5;1;NU;termen de magazin
trambulina fitness;Bebe si copii;;trambulina;7,4;;2;6;1;NU;fara forma de intentie clara
trambulina ieftina emag;Bebe si copii;pret;trambulina;7,4;;3;4;1;NU;termen de magazin
trambulina ieftina olx;Bebe si copii;pret;trambulina;7,4;;3;3;1;NU;termen de magazin
trambulina jumbo;Bebe si copii;;trambulina;7,4;;2;8;1;NU;fara forma de intentie clara
trambulina mare;Bebe si copii;;trambulina;7,4;;2;7;1;NU;fara forma de intentie clara
trambulina pentru copii dedeman;Bebe si copii;segment;trambulina;7,4;;4;7;1;NU;termen de magazin
trambulina pentru copii si adulti diametru 244cm capacitate 150kg;Bebe si copii;segment;trambulina;7,4;;9;8;1;NU;prea lung (titlu de produs)
trotineta copii;Bebe si copii;;trotineta copii;6,9;;2;0;1;NU;fara forma de intentie clara
trotineta copii 1 an;Bebe si copii;;trotineta copii;6,9;;4;5;1;NU;fara forma de intentie clara
trotineta copii 10 ani;Bebe si copii;;trotineta copii;6,9;;4;3;1;NU;fara forma de intentie clara
trotineta copii 3 roti;Bebe si copii;;trotineta copii;6,9;;4;7;1;NU;fara forma de intentie clara
trotineta copii 6 ani;Bebe si copii;;trotineta copii;6,9;;4;2;1;NU;fara forma de intentie clara
trotineta copii 8 ani;Bebe si copii;;trotineta copii;6,9;;4;8;1;NU;fara forma de intentie clara
trotineta copii carrefour;Bebe si copii;;trotineta copii;6,9;;3;9;1;NU;fara forma de intentie clara
trotineta copii decathlon;Bebe si copii;;trotineta copii;6,9;;3;1;1;NU;fara forma de intentie clara
trotineta copii electrica;Bebe si copii;;trotineta copii;6,9;;3;4;1;NU;fara forma de intentie clara
trotineta copii jumbo;Bebe si copii;;trotineta copii;6,9;;3;6;1;NU;fara forma de intentie clara
aparat de vidat;Electrocasnice;;aparat de vidat;5,7;;3;0;1;NU;fara forma de intentie clara
aparat de vidat alimente;Electrocasnice;;aparat de vidat;5,7;;4;1;1;NU;fara forma de intentie clara
aparat de vidat altex;Electrocasnice;;aparat de vidat;5,7;;4;2;1;NU;termen de magazin
aparat de vidat carrefour;Electrocasnice;;aparat de vidat;5,7;;4;9;1;NU;fara forma de intentie clara
aparat de vidat dedeman;Electrocasnice;;aparat de vidat;5,7;;4;5;1;NU;termen de magazin
aparat de vidat gorenje vs120e 120w pentru pungi negru inox;Electrocasnice;segment;aparat de vidat;5,7;;10;4;1;NU;prea lung (titlu de produs)
aparat de vidat haine;Electrocasnice;;aparat de vidat;5,7;;4;7;1;NU;fara forma de intentie clara
aparat de vidat heinner pareri;Electrocasnice;recenzie;aparat de vidat;5,7;;5;7;1;NU;nume de brand
aparat de vidat kaufland;Electrocasnice;;aparat de vidat;5,7;;4;4;1;NU;fara forma de intentie clara
aparat de vidat lidl;Electrocasnice;;aparat de vidat;5,7;;4;3;1;NU;fara forma de intentie clara
aparat de vidat profesional;Electrocasnice;;aparat de vidat;5,7;;4;6;1;NU;fara forma de intentie clara
aparat de vidat silvercrest;Electrocasnice;;aparat de vidat;5,7;;4;8;1;NU;fara forma de intentie clara
aspirator robot;Electrocasnice;;aspirator robot;5,7;;2;0;1;NU;fara forma de intentie clara
aspirator robot altex;Electrocasnice;;aspirator robot;5,7;;3;1;1;NU;termen de magazin
aspirator robot beko pareri;Electrocasnice;recenzie;aspirator robot;5,7;;4;5;1;NU;nume de brand
aspirator robot bosch;Electrocasnice;;aspirator robot;5,7;;3;8;1;NU;nume de brand
aspirator robot cu mop powerdetect nevertouch pro 2in1 rv2800zeeuwh shark;Electrocasnice;segment;aspirator robot;5,7;;10;7;1;NU;prea lung (titlu de produs)
aspirator robot dyson;Electrocasnice;;aspirator robot;5,7;;3;6;1;NU;fara forma de intentie clara
aspirator robot emag;Electrocasnice;;aspirator robot;5,7;;3;9;1;NU;termen de magazin
aspirator robot karcher;Electrocasnice;;aspirator robot;5,7;;3;7;1;NU;nume de brand
aspirator robot pentru spalare umeda si aspirare uscata dyson spot+scrubtm ai;Electrocasnice;segment;aspirator robot;5,7;;11;1;1;NU;prea lung (titlu de produs)
aspirator robot roborock;Electrocasnice;;aspirator robot;5,7;;3;4;1;NU;fara forma de intentie clara
aspirator robot rowenta;Electrocasnice;;aspirator robot;5,7;;3;5;1;NU;nume de brand
aspirator robot rowenta pareri;Electrocasnice;recenzie;aspirator robot;5,7;;4;7;1;NU;nume de brand
aspirator robot xiaomi;Electrocasnice;;aspirator robot;5,7;;3;3;1;NU;nume de brand
aspirator robot xiaomi pareri;Electrocasnice;recenzie;aspirator robot;5,7;;4;9;1;NU;nume de brand
aspirator vertical;Electrocasnice;;aspirator vertical;5,7;;2;0;1;NU;fara forma de intentie clara
aspirator vertical altex;Electrocasnice;;aspirator vertical;5,7;;3;2;1;NU;termen de magazin
aspirator vertical bosch;Electrocasnice;;aspirator vertical;5,7;;3;3;1;NU;nume de brand
aspirator vertical cu fir altex;Electrocasnice;segment;aspirator vertical;5,7;;5;2;1;NU;termen de magazin
aspirator vertical cu fir dedeman;Electrocasnice;segment;aspirator vertical;5,7;;5;9;1;NU;termen de magazin
aspirator vertical cu spalare altex;Electrocasnice;segment;aspirator vertical;5,7;;5;7;1;NU;termen de magazin
aspirator vertical dyson;Electrocasnice;;aspirator vertical;5,7;;3;4;1;NU;fara forma de intentie clara
aspirator vertical gorenje pareri;Electrocasnice;recenzie;aspirator vertical;5,7;;4;9;1;NU;nume de brand
aspirator vertical ieftin altex;Electrocasnice;pret;aspirator vertical;5,7;;4;3;1;NU;termen de magazin
aspirator vertical ieftin emag;Electrocasnice;pret;aspirator vertical;5,7;;4;5;1;NU;termen de magazin
aspirator vertical ieftin pret;Electrocasnice;pret;aspirator vertical;5,7;;4;4;1;NU;termen de magazin
aspirator vertical karcher;Electrocasnice;;aspirator vertical;5,7;;3;6;1;NU;nume de brand
aspirator vertical karcher pareri;Electrocasnice;recenzie;aspirator vertical;5,7;;4;7;1;NU;nume de brand
aspirator vertical myria;Electrocasnice;;aspirator vertical;5,7;;3;9;1;NU;fara forma de intentie clara
aspirator vertical pentru aspirare uscata si spalare umeda dyson v12s detect slim submarinetm;Electrocasnice;segment;aspirator vertical;5,7;;13;0;1;NU;prea lung (titlu de produs)
aspirator vertical pentru aspirare uscata si spalare umeda dyson v16 piston animal submarinetm;Electrocasnice;segment;aspirator vertical;5,7;;13;3;1;NU;prea lung (titlu de produs)
aspirator vertical rowenta;Electrocasnice;;aspirator vertical;5,7;;3;1;1;NU;nume de brand
aspirator vertical rowenta ieftin;Electrocasnice;pret;aspirator vertical;5,7;;4;9;1;NU;nume de brand
aspirator vertical rowenta pareri;Electrocasnice;recenzie;aspirator vertical;5,7;;4;3;1;NU;nume de brand
aspirator vertical sauber;Electrocasnice;;aspirator vertical;5,7;;3;0;1;NU;fara forma de intentie clara
blender;Electrocasnice;;blender;5,7;;1;0;1;NU;fara forma de intentie clara
blender altex;Electrocasnice;;blender;5,7;;2;2;1;NU;termen de magazin
blender biovita;Electrocasnice;;blender;5,7;;2;7;1;NU;fara forma de intentie clara
blender download;Electrocasnice;;blender;5,7;;2;8;1;NU;fara forma de intentie clara
blender ieftin altex;Electrocasnice;pret;blender;5,7;;3;3;1;NU;termen de magazin
blender ieftin emag;Electrocasnice;pret;blender;5,7;;3;2;1;NU;termen de magazin
blender ninja;Electrocasnice;;blender;5,7;;2;5;1;NU;fara forma de intentie clara
blender philips;Electrocasnice;;blender;5,7;;2;9;1;NU;nume de brand
blender portabil;Electrocasnice;;blender;5,7;;2;3;1;NU;fara forma de intentie clara
blender sauce;Electrocasnice;;blender;5,7;;2;9;1;NU;fara forma de intentie clara
blender sauce pasta;Electrocasnice;;blender;5,7;;3;6;1;NU;fara forma de intentie clara
blender sauces;Electrocasnice;;blender;5,7;;2;1;1;NU;fara forma de intentie clara
blender sauces for pasta;Electrocasnice;;blender;5,7;;4;2;1;NU;fara forma de intentie clara
blender smoothie;Electrocasnice;;blender;5,7;;2;6;1;NU;fara forma de intentie clara
blender tefal;Electrocasnice;;blender;5,7;;2;4;1;NU;nume de brand
blender tefal pareri;Electrocasnice;recenzie;blender;5,7;;3;7;1;NU;nume de brand
blender vertical;Electrocasnice;;blender;5,7;;2;1;1;NU;fara forma de intentie clara
care este cel mai bun storcator de fructe;Electrocasnice;;storcator de fructe;5,7;;8;8;1;NU;fara forma de intentie clara
care este cel mai bun storcator de fructe si legume;Electrocasnice;;storcator de fructe;5,7;;10;7;1;NU;prea lung (titlu de produs)
cat consuma in medie o masina de spalat rufe;Electrocasnice;informational;masina de spalat rufe;3;;9;6;1;NU;prea lung (titlu de produs)
cat consuma masina de spalat vase bosch;Electrocasnice;informational;masina de spalat vase;3;;7;1;1;NU;nume de brand
cat consuma o masina de spalat rufe la o spalare;Electrocasnice;informational;masina de spalat rufe;3;;10;5;1;NU;prea lung (titlu de produs)
cat consuma o masina de spalat rufe pe ora;Electrocasnice;informational;masina de spalat rufe;3;;9;3;1;NU;prea lung (titlu de produs)
cat consuma o masina de spalat vase beko;Electrocasnice;informational;masina de spalat vase;3;;8;7;1;NU;nume de brand
cat consuma o masina de spalat vase bosch;Electrocasnice;informational;masina de spalat vase;3;;8;8;1;NU;nume de brand
cat consuma o masina de spalat vase pe ora;Electrocasnice;informational;masina de spalat vase;3;;9;6;1;NU;prea lung (titlu de produs)
cat consuma un frigider arctic pe zi;Electrocasnice;informational;frigider;3;;7;9;1;NU;nume de brand
cat consuma un uscator de rufe beko;Electrocasnice;informational;uscator de rufe;3;;7;1;1;NU;nume de brand
cat consuma un uscator de rufe samsung;Electrocasnice;informational;uscator de rufe;3;;7;8;1;NU;nume de brand
ce aparat de vidat alimente sa cumpar;Electrocasnice;;aparat de vidat;5,7;;7;1;1;NU;fara forma de intentie clara
ce aparat de vidat sa cumpar;Electrocasnice;;aparat de vidat;5,7;;6;0;1;NU;fara forma de intentie clara
ce aspirator robot sa cumpar;Electrocasnice;;aspirator robot;5,7;;5;0;1;NU;fara forma de intentie clara
ce aspirator vertical sa cumpar;Electrocasnice;;aspirator vertical;5,7;;5;0;1;NU;fara forma de intentie clara
ce cuptor incorporabil sa cumpar;Electrocasnice;;cuptor incorporabil;5,7;;5;0;1;NU;fara forma de intentie clara
ce espressor automat sa cumpar;Electrocasnice;;espressor;5,7;;5;1;1;NU;fara forma de intentie clara
ce espressor sa cumpar;Electrocasnice;;espressor;5,7;;4;0;1;NU;fara forma de intentie clara
ce fier de calcat sa cumpar;Electrocasnice;;fier de calcat;5,7;;6;0;1;NU;fara forma de intentie clara
ce frigider sa cumpar;Electrocasnice;;frigider;3;;4;0;1;NU;fara forma de intentie clara
ce hota sa cumpar;Electrocasnice;;hota;5,7;;4;0;1;NU;fara forma de intentie clara
ce masina de cusut sa cumpar;Electrocasnice;;masina de cusut;5,7;;6;0;1;NU;fara forma de intentie clara
ce masina de spalat rufe sa cumpar;Electrocasnice;;masina de spalat rufe;3;;7;0;1;NU;fara forma de intentie clara
ce masina de spalat vase sa cumpar;Electrocasnice;;masina de spalat vase;3;;7;0;1;NU;fara forma de intentie clara
ce robot de bucatarie sa cumpar;Electrocasnice;;robot de bucatarie;5,7;;6;0;1;NU;fara forma de intentie clara
ce uscator de rufe sa cumpar;Electrocasnice;;uscator de rufe;3;;6;0;1;NU;fara forma de intentie clara
cel mai bun aparat de vidat raport calitate pret;Electrocasnice;roundup;aparat de vidat;5,7;;9;3;1;NU;prea lung (titlu de produs)
cel mai bun aspirator robot cu spalare altex;Electrocasnice;roundup;aspirator robot;5,7;;8;6;1;NU;termen de magazin
cel mai bun aspirator robot cu spalare xiaomi;Electrocasnice;roundup;aspirator robot;5,7;;8;2;1;NU;nume de brand
cel mai bun aspirator robot pentru par de animale;Electrocasnice;roundup;aspirator robot;5,7;;9;3;1;NU;prea lung (titlu de produs)
cel mai bun aspirator robot raport calitate pret;Electrocasnice;roundup;aspirator robot;5,7;;8;8;1;NU;termen de magazin
cel mai bun aspirator vertical fara fir cu spalare;Electrocasnice;roundup;aspirator vertical;5,7;;9;8;1;NU;prea lung (titlu de produs)
cel mai bun aspirator vertical pentru par de animale;Electrocasnice;roundup;aspirator vertical;5,7;;9;8;1;NU;prea lung (titlu de produs)
cel mai bun aspirator vertical rowenta;Electrocasnice;roundup;aspirator vertical;5,7;;6;7;1;NU;nume de brand
cel mai bun cuptor electric incorporabil clasa a ++;Electrocasnice;roundup;cuptor incorporabil;5,7;;9;8;1;NU;prea lung (titlu de produs)
cel mai bun cuptor incorporabil beko;Electrocasnice;roundup;cuptor incorporabil;5,7;;6;5;1;NU;nume de brand
cel mai bun cuptor incorporabil bosch;Electrocasnice;roundup;cuptor incorporabil;5,7;;6;6;1;NU;nume de brand
cel mai bun cuptor incorporabil electrolux;Electrocasnice;roundup;cuptor incorporabil;5,7;;6;4;1;NU;nume de brand
cel mai bun fier de calcat philips;Electrocasnice;roundup;fier de calcat;5,7;;7;3;1;NU;nume de brand
cel mai bun fier de calcat tefal;Electrocasnice;roundup;fier de calcat;5,7;;7;6;1;NU;nume de brand
cel mai bun fier de calcat vertical cu aburi;Electrocasnice;roundup;fier de calcat;5,7;;9;8;1;NU;prea lung (titlu de produs)
cel mai bun frigider samsung;Electrocasnice;roundup;frigider;3;;5;5;1;NU;nume de brand
cel mai bun gratar electric tefal;Electrocasnice;roundup;gratar electric;5,7;;6;5;1;NU;nume de brand
cel mai bun multicooker tefal;Electrocasnice;roundup;multicooker;5,7;;5;7;1;NU;nume de brand
cel mai bun robot de bucatarie bosch;Electrocasnice;roundup;robot de bucatarie;5,7;;7;7;1;NU;nume de brand
cel mai bun robot de bucatarie pentru framantat aluat;Electrocasnice;roundup;robot de bucatarie;5,7;;9;3;1;NU;prea lung (titlu de produs)
cel mai bun robot de bucatarie pentru framantat aluat altex;Electrocasnice;roundup;robot de bucatarie;5,7;;10;9;1;NU;prea lung (titlu de produs)
cel mai bun storcator de fructe cu presare la rece;Electrocasnice;roundup;storcator de fructe;5,7;;10;6;1;NU;prea lung (titlu de produs)
cel mai bun storcator de fructe si legume cu melc;Electrocasnice;roundup;storcator de fructe;5,7;;10;2;1;NU;prea lung (titlu de produs)
cel mai bun storcator de fructe si legume forum;Electrocasnice;roundup;storcator de fructe;5,7;;9;4;1;NU;prea lung (titlu de produs)
cel mai bun storcator de fructe si legume prin presare;Electrocasnice;roundup;storcator de fructe;5,7;;10;0;1;NU;prea lung (titlu de produs)
cel mai bun uscator de rufe beko;Electrocasnice;roundup;uscator de rufe;3;;7;9;1;NU;nume de brand
cel mai bun uscator de rufe cu pompa de caldura;Electrocasnice;roundup;uscator de rufe;3;;10;1;1;NU;prea lung (titlu de produs)
cele mai bune marci de masina de spalat rufe;Electrocasnice;roundup;masina de spalat rufe;3;;9;1;1;NU;prea lung (titlu de produs)
cele mai bune masini de spalat rufe cu uscator;Electrocasnice;roundup;uscator de rufe;3;;9;1;1;NU;prea lung (titlu de produs)
cele mai bune pastile pentru masina de spalat vase;Electrocasnice;roundup;masina de spalat vase;3;;9;2;1;NU;prea lung (titlu de produs)
cele mai bune tablete pentru masina de spalat vase;Electrocasnice;roundup;masina de spalat vase;3;;9;3;1;NU;prea lung (titlu de produs)
cuptor incorporabil;Electrocasnice;;cuptor incorporabil;5,7;;2;0;1;NU;fara forma de intentie clara
cuptor incorporabil altex;Electrocasnice;;cuptor incorporabil;5,7;;3;8;1;NU;termen de magazin
cuptor incorporabil beko;Electrocasnice;;cuptor incorporabil;5,7;;3;4;1;NU;nume de brand
cuptor incorporabil beko pareri;Electrocasnice;recenzie;cuptor incorporabil;5,7;;4;8;1;NU;nume de brand
cuptor incorporabil bosch;Electrocasnice;;cuptor incorporabil;5,7;;3;5;1;NU;nume de brand
cuptor incorporabil curatare pirolitica;Electrocasnice;;cuptor incorporabil;5,7;;4;5;1;NU;fara forma de intentie clara
cuptor incorporabil curent;Electrocasnice;;cuptor incorporabil;5,7;;3;6;1;NU;fara forma de intentie clara
cuptor incorporabil electric;Electrocasnice;;cuptor incorporabil;5,7;;3;2;1;NU;fara forma de intentie clara
cuptor incorporabil electrolux;Electrocasnice;;cuptor incorporabil;5,7;;3;3;1;NU;nume de brand
cuptor incorporabil gorenje;Electrocasnice;;cuptor incorporabil;5,7;;3;7;1;NU;nume de brand
cuptor incorporabil gorenje pareri;Electrocasnice;recenzie;cuptor incorporabil;5,7;;4;6;1;NU;nume de brand
cuptor incorporabil pe gaz;Electrocasnice;;cuptor incorporabil;5,7;;4;1;1;NU;fara forma de intentie clara
cuptor incorporabil samsung;Electrocasnice;;cuptor incorporabil;5,7;;3;9;1;NU;nume de brand
cuptor incorporabil whirlpool;Electrocasnice;;cuptor incorporabil;5,7;;3;6;1;NU;nume de brand
cuva masina de paine tefal;Electrocasnice;;masina de paine;5,7;;5;9;1;NU;nume de brand
cuva pentru masina de paine tefal;Electrocasnice;segment;masina de paine;5,7;;6;8;1;NU;nume de brand
dr saumya hota;Electrocasnice;;hota;5,7;;3;5;1;NU;fara forma de intentie clara
espressor;Electrocasnice;;espressor;5,7;;1;2;1;NU;fara forma de intentie clara
espressor automat cafea boabe;Electrocasnice;;espressor;5,7;;4;5;1;NU;fara forma de intentie clara
espressor automat philips sau delonghi;Electrocasnice;comparatie;espressor;5,7;;5;8;1;NU;nume de brand
espressor cafea;Electrocasnice;;espressor;5,7;;2;0;1;NU;fara forma de intentie clara
espressor cafea boabe;Electrocasnice;;espressor;5,7;;3;4;1;NU;fara forma de intentie clara
espressor cafea cele mai bune;Electrocasnice;;espressor;5,7;;5;1;1;NU;fara forma de intentie clara
espressor cafea delonghi sau philips;Electrocasnice;comparatie;espressor;5,7;;5;9;1;NU;nume de brand
espressor cu capsule krups;Electrocasnice;segment;espressor;5,7;;4;7;1;NU;nume de brand
espressor delonghi;Electrocasnice;;espressor;5,7;;2;3;1;NU;nume de brand
espressor ieftin altex;Electrocasnice;pret;espressor;5,7;;3;3;1;NU;termen de magazin
espressor krups sau delonghi;Electrocasnice;comparatie;espressor;5,7;;4;5;1;NU;nume de brand
espressor krups sau philips;Electrocasnice;comparatie;espressor;5,7;;4;4;1;NU;nume de brand
espressor lapte praf;Electrocasnice;;espressor;5,7;;3;9;1;NU;fara forma de intentie clara
espressor manual;Electrocasnice;;espressor;5,7;;2;7;1;NU;fara forma de intentie clara
espressor nespresso;Electrocasnice;;espressor;5,7;;2;6;1;NU;fara forma de intentie clara
espressor philips;Electrocasnice;;espressor;5,7;;2;1;1;NU;nume de brand
espressor philips ieftin;Electrocasnice;pret;espressor;5,7;;3;6;1;NU;nume de brand
espressor philips sau delonghi;Electrocasnice;comparatie;espressor;5,7;;4;2;1;NU;nume de brand
espressor philips sau saeco;Electrocasnice;comparatie;espressor;5,7;;4;7;1;NU;nume de brand
espressor portabil;Electrocasnice;;espressor;5,7;;2;8;1;NU;fara forma de intentie clara
fier de calcat;Electrocasnice;;fier de calcat;5,7;;3;0;1;NU;fara forma de intentie clara
fier de calcat altex;Electrocasnice;;fier de calcat;5,7;;4;4;1;NU;termen de magazin
fier de calcat cu aburi altex;Electrocasnice;segment;fier de calcat;5,7;;6;8;1;NU;termen de magazin
fier de calcat cu aburi philips;Electrocasnice;segment;fier de calcat;5,7;;6;3;1;NU;nume de brand
fier de calcat cu aburi tefal;Electrocasnice;segment;fier de calcat;5,7;;6;6;1;NU;nume de brand
fier de calcat cu statie philips;Electrocasnice;segment;fier de calcat;5,7;;6;9;1;NU;nume de brand
fier de calcat de voiaj;Electrocasnice;;fier de calcat;5,7;;5;6;1;NU;fara forma de intentie clara
fier de calcat gorenje pareri;Electrocasnice;recenzie;fier de calcat;5,7;;5;3;1;NU;nume de brand
fier de calcat ieftin altex;Electrocasnice;pret;fier de calcat;5,7;;5;3;1;NU;termen de magazin
fier de calcat in engleza;Electrocasnice;;fier de calcat;5,7;;5;8;1;NU;fara forma de intentie clara
fier de calcat pentru voiaj altex;Electrocasnice;segment;fier de calcat;5,7;;6;8;1;NU;termen de magazin
fier de calcat pentru voiaj rowenta first class da1511f1;Electrocasnice;segment;fier de calcat;5,7;;9;6;1;NU;prea lung (titlu de produs)
fier de calcat philips;Electrocasnice;;fier de calcat;5,7;;4;2;1;NU;nume de brand
fier de calcat philips ieftin;Electrocasnice;pret;fier de calcat;5,7;;5;5;1;NU;nume de brand
fier de calcat tefal;Electrocasnice;;fier de calcat;5,7;;4;5;1;NU;nume de brand
fier de calcat tefal ieftin;Electrocasnice;pret;fier de calcat;5,7;;5;7;1;NU;nume de brand
fier de calcat tefal pareri;Electrocasnice;recenzie;fier de calcat;5,7;;5;7;1;NU;nume de brand
fier de calcat tefal sau philips;Electrocasnice;comparatie;fier de calcat;5,7;;6;1;1;NU;nume de brand
fier de calcat tesla pareri;Electrocasnice;recenzie;fier de calcat;5,7;;5;9;1;NU;nume de brand
fier de calcat vertical;Electrocasnice;;fier de calcat;5,7;;4;1;1;NU;fara forma de intentie clara
fier de calcat vertical altex;Electrocasnice;;fier de calcat;5,7;;5;9;1;NU;termen de magazin
fier de calcat vertical philips;Electrocasnice;;fier de calcat;5,7;;5;7;1;NU;nume de brand
frigider;Electrocasnice;;frigider;3;;1;0;1;NU;fara forma de intentie clara
frigider arctic sau beko;Electrocasnice;comparatie;frigider;3;;4;8;1;NU;nume de brand
frigider auto;Electrocasnice;;frigider;3;;2;5;1;NU;fara forma de intentie clara
frigider bauturi;Electrocasnice;;frigider;3;;2;7;1;NU;fara forma de intentie clara
frigider cu 2 usi altex;Electrocasnice;segment;frigider;3;;5;6;1;NU;termen de magazin
frigider cu congelator altex;Electrocasnice;segment;frigider;3;;4;1;1;NU;termen de magazin
frigider cu congelator dedeman;Electrocasnice;segment;frigider;3;;4;3;1;NU;termen de magazin
frigider dedeman;Electrocasnice;;frigider;3;;2;4;1;NU;termen de magazin
frigider ieftin altex;Electrocasnice;pret;frigider;3;;3;1;1;NU;termen de magazin
frigider ieftin dedeman;Electrocasnice;pret;frigider;3;;3;4;1;NU;termen de magazin
frigider ieftin emag;Electrocasnice;pret;frigider;3;;3;3;1;NU;termen de magazin
frigider ieftin olx;Electrocasnice;pret;frigider;3;;3;5;1;NU;termen de magazin
frigider incorporabil;Electrocasnice;;frigider;3;;2;6;1;NU;fara forma de intentie clara
frigider lg sau samsung;Electrocasnice;comparatie;frigider;3;;4;7;1;NU;nume de brand
frigider livrare pana in casa;Electrocasnice;;frigider;3;;5;1;1;NU;fara forma de intentie clara
frigider mic;Electrocasnice;;frigider;3;;2;3;1;NU;fara forma de intentie clara
frigider samsung sau beko;Electrocasnice;comparatie;frigider;3;;4;9;1;NU;nume de brand
frigider side by side;Electrocasnice;;frigider;3;;4;8;1;NU;fara forma de intentie clara
frigidere altex;Electrocasnice;;frigider;3;;2;2;1;NU;termen de magazin
friteuza cu aer cald altex;Electrocasnice;segment;friteuza cu aer;5,7;;5;1;1;NU;termen de magazin
friteuza cu aer cald beko pareri;Electrocasnice;segment;friteuza cu aer;5,7;;6;9;1;NU;nume de brand
friteuza cu aer cald dedeman;Electrocasnice;segment;friteuza cu aer;5,7;;5;9;1;NU;termen de magazin
friteuza cu aer cald heinner pareri;Electrocasnice;segment;friteuza cu aer;5,7;;6;5;1;NU;nume de brand
friteuza cu aer cald philips;Electrocasnice;segment;friteuza cu aer;5,7;;5;4;1;NU;nume de brand
friteuza cu aer cald philips altex;Electrocasnice;segment;friteuza cu aer;5,7;;6;6;1;NU;nume de brand
friteuza cu aer cald tefal;Electrocasnice;segment;friteuza cu aer;5,7;;5;2;1;NU;nume de brand
friteuza cu aer cald tefal altex;Electrocasnice;segment;friteuza cu aer;5,7;;6;3;1;NU;nume de brand
gratar electric altex;Electrocasnice;;gratar electric;5,7;;3;4;1;NU;termen de magazin
gratar electric curte;Electrocasnice;;gratar electric;5,7;;3;3;1;NU;fara forma de intentie clara
gratar electric dedeman;Electrocasnice;;gratar electric;5,7;;3;3;1;NU;termen de magazin
gratar electric exterior;Electrocasnice;;gratar electric;5,7;;3;1;1;NU;fara forma de intentie clara
gratar electric gradina;Electrocasnice;;gratar electric;5,7;;3;7;1;NU;fara forma de intentie clara
gratar electric interior;Electrocasnice;;gratar electric;5,7;;3;9;1;NU;fara forma de intentie clara
gratar electric ninja;Electrocasnice;;gratar electric;5,7;;3;5;1;NU;fara forma de intentie clara
gratar electric profesional;Electrocasnice;;gratar electric;5,7;;3;6;1;NU;fara forma de intentie clara
gratar electric tefal;Electrocasnice;;gratar electric;5,7;;3;2;1;NU;nume de brand
gratar electric tefal altex;Electrocasnice;;gratar electric;5,7;;4;8;1;NU;nume de brand
gratar electric tefal pareri;Electrocasnice;recenzie;gratar electric;5,7;;4;2;1;NU;nume de brand
hollandaise sauce blender;Electrocasnice;;blender;5,7;;3;4;1;NU;fara forma de intentie clara
hota altex;Electrocasnice;;hota;5,7;;2;5;1;NU;termen de magazin
hota bucatarie;Electrocasnice;;hota;5,7;;2;0;1;NU;fara forma de intentie clara
hota cu filtru de carbon fara evacuare altex;Electrocasnice;segment;hota;5,7;;8;8;1;NU;termen de magazin
hota cu filtru de carbon fara evacuare dedeman;Electrocasnice;segment;hota;5,7;;8;1;1;NU;termen de magazin
hota decorativa;Electrocasnice;;hota;5,7;;2;7;1;NU;fara forma de intentie clara
hota dedeman;Electrocasnice;;hota;5,7;;2;2;1;NU;termen de magazin
hota electrolux;Electrocasnice;;hota;5,7;;2;8;1;NU;nume de brand
hota ieftina altex;Electrocasnice;pret;hota;5,7;;3;3;1;NU;termen de magazin
hota ieftina dedeman;Electrocasnice;pret;hota;5,7;;3;2;1;NU;termen de magazin
hota ieftina emag;Electrocasnice;pret;hota;5,7;;3;4;1;NU;termen de magazin
hota incorporabila;Electrocasnice;;hota;5,7;;2;1;1;NU;fara forma de intentie clara
hota incorporabila cele mai bune;Electrocasnice;;hota;5,7;;5;2;1;NU;fara forma de intentie clara
hota pentru aragaz dedeman;Electrocasnice;segment;hota;5,7;;4;9;1;NU;termen de magazin
hota pink sauna;Electrocasnice;;hota;5,7;;3;4;1;NU;fara forma de intentie clara
hota saudi arabia;Electrocasnice;;hota;5,7;;3;0;1;NU;fara forma de intentie clara
hota sauna;Electrocasnice;;hota;5,7;;2;1;1;NU;fara forma de intentie clara
hota telescopica;Electrocasnice;;hota;5,7;;2;6;1;NU;fara forma de intentie clara
hota turbionaire;Electrocasnice;;hota;5,7;;2;9;1;NU;fara forma de intentie clara
hotarul film;Electrocasnice;;hota;5,7;;2;3;1;NU;fara forma de intentie clara
masina de cusut;Electrocasnice;;masina de cusut;5,7;;3;0;1;NU;fara forma de intentie clara
masina de cusut altex;Electrocasnice;;masina de cusut;5,7;;4;3;1;NU;termen de magazin
masina de cusut brother;Electrocasnice;;masina de cusut;5,7;;4;4;1;NU;fara forma de intentie clara
masina de cusut cele mai bune;Electrocasnice;;masina de cusut;5,7;;6;0;1;NU;fara forma de intentie clara
masina de cusut cugir;Electrocasnice;;masina de cusut;5,7;;4;5;1;NU;fara forma de intentie clara
masina de cusut dedeman;Electrocasnice;;masina de cusut;5,7;;4;7;1;NU;termen de magazin
masina de cusut electrica;Electrocasnice;;masina de cusut;5,7;;4;9;1;NU;fara forma de intentie clara
masina de cusut flanco;Electrocasnice;;masina de cusut;5,7;;4;6;1;NU;fara forma de intentie clara
masina de cusut ileana;Electrocasnice;;masina de cusut;5,7;;4;5;1;NU;fara forma de intentie clara
masina de cusut in engleza;Electrocasnice;;masina de cusut;5,7;;5;1;1;NU;fara forma de intentie clara
masina de cusut in vis;Electrocasnice;;masina de cusut;5,7;;5;9;1;NU;fara forma de intentie clara
masina de cusut incaltaminte;Electrocasnice;;masina de cusut;5,7;;4;6;1;NU;fara forma de intentie clara
masina de cusut incepatori;Electrocasnice;;masina de cusut;5,7;;4;2;1;NU;fara forma de intentie clara
masina de cusut industriala;Electrocasnice;;masina de cusut;5,7;;4;0;1;NU;fara forma de intentie clara
masina de cusut industriala brother;Electrocasnice;;masina de cusut;5,7;;5;7;1;NU;fara forma de intentie clara
masina de cusut industriala jack;Electrocasnice;;masina de cusut;5,7;;5;5;1;NU;fara forma de intentie clara
masina de cusut industriala juki;Electrocasnice;;masina de cusut;5,7;;5;4;1;NU;fara forma de intentie clara
masina de cusut industriala olx;Electrocasnice;;masina de cusut;5,7;;5;3;1;NU;termen de magazin
masina de cusut insira ata;Electrocasnice;;masina de cusut;5,7;;5;8;1;NU;fara forma de intentie clara
masina de cusut manuala;Electrocasnice;;masina de cusut;5,7;;4;8;1;NU;fara forma de intentie clara
masina de cusut portabila;Electrocasnice;;masina de cusut;5,7;;4;2;1;NU;fara forma de intentie clara
masina de cusut singer;Electrocasnice;;masina de cusut;5,7;;4;1;1;NU;fara forma de intentie clara
masina de facut paine cele mai bune;Electrocasnice;;masina de paine;5,7;;7;0;1;NU;fara forma de intentie clara
masina de paine;Electrocasnice;;masina de paine;5,7;;3;0;1;NU;fara forma de intentie clara
masina de paine altex;Electrocasnice;;masina de paine;5,7;;4;6;1;NU;termen de magazin
masina de paine cuisinart;Electrocasnice;;masina de paine;5,7;;4;5;1;NU;fara forma de intentie clara
masina de paine cuva ceramica;Electrocasnice;;masina de paine;5,7;;5;3;1;NU;fara forma de intentie clara
masina de paine cuva inox;Electrocasnice;;masina de paine;5,7;;5;2;1;NU;fara forma de intentie clara
masina de paine gorenje;Electrocasnice;;masina de paine;5,7;;4;4;1;NU;nume de brand
masina de paine heinner;Electrocasnice;;masina de paine;5,7;;4;3;1;NU;nume de brand
masina de paine moulinex;Electrocasnice;;masina de paine;5,7;;4;2;1;NU;fara forma de intentie clara
masina de paine panasonic;Electrocasnice;;masina de paine;5,7;;4;5;1;NU;fara forma de intentie clara
masina de paine policlinica;Electrocasnice;;masina de paine;5,7;;4;8;1;NU;fara forma de intentie clara
masina de paine silvercrest;Electrocasnice;;masina de paine;5,7;;4;7;1;NU;fara forma de intentie clara
masina de paine silvercrest lidl;Electrocasnice;;masina de paine;5,7;;5;9;1;NU;fara forma de intentie clara
masina de paine tefal;Electrocasnice;;masina de paine;5,7;;4;1;1;NU;nume de brand
masina de spalat rufe;Electrocasnice;;masina de spalat rufe;3;;4;0;1;NU;fara forma de intentie clara
masina de spalat rufe altex;Electrocasnice;;masina de spalat rufe;3;;5;7;1;NU;termen de magazin
masina de spalat rufe beko;Electrocasnice;;masina de spalat rufe;3;;5;8;1;NU;nume de brand
masina de spalat rufe beko pareri;Electrocasnice;recenzie;masina de spalat rufe;3;;6;8;1;NU;nume de brand
masina de spalat rufe bosch;Electrocasnice;;masina de spalat rufe;3;;5;9;1;NU;nume de brand
masina de spalat rufe cu uscator altex;Electrocasnice;segment;masina de spalat rufe;3;;7;9;1;NU;termen de magazin
masina de spalat rufe cu uscator beko;Electrocasnice;segment;masina de spalat rufe;3;;7;7;1;NU;nume de brand
masina de spalat rufe cu uscator lg;Electrocasnice;segment;masina de spalat rufe;3;;7;6;1;NU;nume de brand
masina de spalat rufe cu uscator samsung;Electrocasnice;segment;masina de spalat rufe;3;;7;4;1;NU;nume de brand
masina de spalat rufe cu uscator samsung wd90dg6b85bbu4;Electrocasnice;segment;masina de spalat rufe;3;;8;8;1;NU;cod de model
masina de spalat rufe gorenje pareri;Electrocasnice;recenzie;masina de spalat rufe;3;;6;4;1;NU;nume de brand
masina de spalat rufe heinner pareri;Electrocasnice;recenzie;masina de spalat rufe;3;;6;3;1;NU;nume de brand
masina de spalat rufe hisense pareri;Electrocasnice;recenzie;masina de spalat rufe;3;;6;5;1;NU;nume de brand
masina de spalat rufe ieftina altex;Electrocasnice;pret;masina de spalat rufe;3;;6;3;1;NU;termen de magazin
masina de spalat rufe ieftina arctic;Electrocasnice;pret;masina de spalat rufe;3;;6;5;1;NU;nume de brand
masina de spalat rufe ieftina emag;Electrocasnice;pret;masina de spalat rufe;3;;6;4;1;NU;termen de magazin
masina de spalat rufe ieftina olx;Electrocasnice;pret;masina de spalat rufe;3;;6;6;1;NU;termen de magazin
masina de spalat rufe in rate;Electrocasnice;;masina de spalat rufe;3;;6;5;1;NU;fara forma de intentie clara
masina de spalat rufe inaltime 70 cm;Electrocasnice;;masina de spalat rufe;3;;7;7;1;NU;fara forma de intentie clara
masina de spalat rufe incarcare verticala;Electrocasnice;;masina de spalat rufe;3;;6;4;1;NU;fara forma de intentie clara
masina de spalat rufe incorporabila;Electrocasnice;;masina de spalat rufe;3;;5;0;1;NU;fara forma de intentie clara
masina de spalat rufe incorporabila samsung;Electrocasnice;;masina de spalat rufe;3;;6;6;1;NU;nume de brand
masina de spalat rufe indesit;Electrocasnice;;masina de spalat rufe;3;;5;1;1;NU;nume de brand
masina de spalat rufe indesit 9 kg;Electrocasnice;;masina de spalat rufe;3;;7;9;1;NU;nume de brand
masina de spalat rufe industriala;Electrocasnice;;masina de spalat rufe;3;;5;2;1;NU;fara forma de intentie clara
masina de spalat rufe ingusta;Electrocasnice;;masina de spalat rufe;3;;5;3;1;NU;fara forma de intentie clara
masina de spalat rufe miele;Electrocasnice;;masina de spalat rufe;3;;5;6;1;NU;fara forma de intentie clara
masina de spalat rufe samsung;Electrocasnice;;masina de spalat rufe;3;;5;3;1;NU;nume de brand
masina de spalat rufe slim;Electrocasnice;;masina de spalat rufe;3;;5;2;1;NU;fara forma de intentie clara
masina de spalat rufe slim 40 cm;Electrocasnice;;masina de spalat rufe;3;;7;4;1;NU;fara forma de intentie clara
masina de spalat rufe tcl pareri;Electrocasnice;recenzie;masina de spalat rufe;3;;6;1;1;NU;nume de brand
masina de spalat rufe verticala;Electrocasnice;;masina de spalat rufe;3;;5;5;1;NU;fara forma de intentie clara
masina de spalat vase;Electrocasnice;;masina de spalat vase;3;;4;0;1;NU;fara forma de intentie clara
masina de spalat vase 45 cm;Electrocasnice;;masina de spalat vase;3;;6;9;1;NU;fara forma de intentie clara
masina de spalat vase altex;Electrocasnice;;masina de spalat vase;3;;5;5;1;NU;termen de magazin
masina de spalat vase beko;Electrocasnice;;masina de spalat vase;3;;5;3;1;NU;nume de brand
masina de spalat vase beko pareri;Electrocasnice;recenzie;masina de spalat vase;3;;6;7;1;NU;nume de brand
masina de spalat vase bosch;Electrocasnice;;masina de spalat vase;3;;5;6;1;NU;nume de brand
masina de spalat vase cel mai bun pret;Electrocasnice;;masina de spalat vase;3;;8;2;1;NU;termen de magazin
masina de spalat vase cu deschidere automata a usii;Electrocasnice;segment;masina de spalat vase;3;;9;6;1;NU;prea lung (titlu de produs)
masina de spalat vase electrolux;Electrocasnice;;masina de spalat vase;3;;5;7;1;NU;nume de brand
masina de spalat vase gorenje pareri;Electrocasnice;recenzie;masina de spalat vase;3;;6;6;1;NU;nume de brand
masina de spalat vase heinner pareri;Electrocasnice;recenzie;masina de spalat vase;3;;6;4;1;NU;nume de brand
masina de spalat vase incorporabila;Electrocasnice;;masina de spalat vase;3;;5;0,5;1;NU;fara forma de intentie clara
masina de spalat vase incorporabila 45 cm;Electrocasnice;;masina de spalat vase;3;;7;3;1;NU;fara forma de intentie clara
masina de spalat vase incorporabila altex;Electrocasnice;;masina de spalat vase;3;;6;8;1;NU;termen de magazin
masina de spalat vase incorporabila beko;Electrocasnice;;masina de spalat vase;3;;6;4;1;NU;nume de brand
masina de spalat vase incorporabila bosch;Electrocasnice;;masina de spalat vase;3;;6;2;1;NU;nume de brand
masina de spalat vase incorporabila cele mai bune;Electrocasnice;;masina de spalat vase;3;;8;4;1;NU;fara forma de intentie clara
masina de spalat vase incorporabila electrolux;Electrocasnice;;masina de spalat vase;3;;6;6;1;NU;nume de brand
masina de spalat vase incorporabila whirlpool;Electrocasnice;;masina de spalat vase;3;;6;5;1;NU;nume de brand
masina de spalat vase independenta;Electrocasnice;;masina de spalat vase;3;;5;2,5;1;NU;fara forma de intentie clara
masina de spalat vase industriala;Electrocasnice;;masina de spalat vase;3;;5;7;1;NU;fara forma de intentie clara
masina de spalat vase ingusta;Electrocasnice;;masina de spalat vase;3;;5;9;1;NU;fara forma de intentie clara
masina de spalat vase mica;Electrocasnice;;masina de spalat vase;3;;5;2;1;NU;fara forma de intentie clara
masina de spalat vase slim;Electrocasnice;;masina de spalat vase;3;;5;8;1;NU;fara forma de intentie clara
multicooker;Electrocasnice;;multicooker;5,7;;1;0;1;NU;fara forma de intentie clara
multicooker altex;Electrocasnice;;multicooker;5,7;;2;6;1;NU;termen de magazin
multicooker chicken sausage paella;Electrocasnice;;multicooker;5,7;;4;8;1;NU;fara forma de intentie clara
multicooker chicken sausage paella recipe;Electrocasnice;;multicooker;5,7;;5;9;1;NU;fara forma de intentie clara
multicooker cu airfryer combi pro crisp 8qt 7.6l instant pot;Electrocasnice;segment;multicooker;5,7;;10;2;1;NU;prea lung (titlu de produs)
multicooker cu gatire sub presiune duo 8qt 7.6l instant pot;Electrocasnice;segment;multicooker;5,7;;10;7;1;NU;prea lung (titlu de produs)
multicooker cu gatire sub presiune mini 3.8l instant pot;Electrocasnice;segment;multicooker;5,7;;9;4;1;NU;prea lung (titlu de produs)
multicooker cu gatire sub presiune plus wi-fi 5.7l instant pot;Electrocasnice;segment;multicooker;5,7;;10;6;1;NU;prea lung (titlu de produs)
multicooker cu gatire sub presiune pro 8qt 7.6l instant pot;Electrocasnice;segment;multicooker;5,7;;10;3;1;NU;prea lung (titlu de produs)
multicooker cuckoo;Electrocasnice;;multicooker;5,7;;2;9;1;NU;fara forma de intentie clara
multicooker currys;Electrocasnice;;multicooker;5,7;;2;8;1;NU;fara forma de intentie clara
multicooker gorenje;Electrocasnice;;multicooker;5,7;;2;4;1;NU;nume de brand
multicooker instant pot;Electrocasnice;;multicooker;5,7;;3;7;1;NU;nume de brand
multicooker myria;Electrocasnice;;multicooker;5,7;;2;8;1;NU;fara forma de intentie clara
multicooker ninja;Electrocasnice;;multicooker;5,7;;2;2;1;NU;fara forma de intentie clara
multicooker novio;Electrocasnice;;multicooker;5,7;;2;5;1;NU;fara forma de intentie clara
multicooker philips;Electrocasnice;;multicooker;5,7;;2;3;1;NU;nume de brand
multicooker saute;Electrocasnice;;multicooker;5,7;;2;3;1;NU;fara forma de intentie clara
multicooker tefal;Electrocasnice;;multicooker;5,7;;2;1;1;NU;nume de brand
multicooker tefal altex;Electrocasnice;;multicooker;5,7;;3;9;1;NU;nume de brand
oala pentru multicooker tefal;Electrocasnice;segment;multicooker;5,7;;4;9;1;NU;nume de brand
pareri blender biovita;Electrocasnice;;blender;5,7;;3;2;1;NU;fara forma de intentie clara
pareri blender ninja;Electrocasnice;;blender;5,7;;3;1;1;NU;fara forma de intentie clara
pareri espressor automat;Electrocasnice;;espressor;5,7;;3;9;1;NU;fara forma de intentie clara
pareri espressor biovita;Electrocasnice;;espressor;5,7;;3;5;1;NU;fara forma de intentie clara
pareri espressor breville;Electrocasnice;;espressor;5,7;;3;4;1;NU;fara forma de intentie clara
pareri espressor delonghi;Electrocasnice;;espressor;5,7;;3;3;1;NU;nume de brand
pareri espressor krups;Electrocasnice;;espressor;5,7;;3;2;1;NU;nume de brand
pareri espressor ninja;Electrocasnice;;espressor;5,7;;3;1;1;NU;fara forma de intentie clara
pareri espressor philips;Electrocasnice;;espressor;5,7;;3;8;1;NU;nume de brand
pareri espressor samus;Electrocasnice;;espressor;5,7;;3;6;1;NU;fara forma de intentie clara
pareri espressor tchibo;Electrocasnice;;espressor;5,7;;3;7;1;NU;fara forma de intentie clara
pareri frigider beko;Electrocasnice;;frigider;3;;3;9;1;NU;nume de brand
pareri frigider gorenje;Electrocasnice;;frigider;3;;3;4;1;NU;nume de brand
pareri frigider haier;Electrocasnice;;frigider;3;;3;5;1;NU;fara forma de intentie clara
pareri frigider heinner;Electrocasnice;;frigider;3;;3;1;1;NU;nume de brand
pareri frigider liebherr;Electrocasnice;;frigider;3;;3;8;1;NU;fara forma de intentie clara
pareri frigider samus;Electrocasnice;;frigider;3;;3;3;1;NU;fara forma de intentie clara
pareri frigider side by side;Electrocasnice;;frigider;3;;5;7;1;NU;fara forma de intentie clara
pareri frigider tesla;Electrocasnice;;frigider;3;;3;6;1;NU;nume de brand
pareri frigider vortex;Electrocasnice;;frigider;3;;3;2;1;NU;fara forma de intentie clara
pareri hota cata;Electrocasnice;;hota;5,7;;3;5;1;NU;fara forma de intentie clara
pareri hota incorporabila;Electrocasnice;;hota;5,7;;3;9;1;NU;fara forma de intentie clara
pareri hota klarstein;Electrocasnice;;hota;5,7;;3;3;1;NU;fara forma de intentie clara
pareri hota pyramis;Electrocasnice;;hota;5,7;;3;4;1;NU;fara forma de intentie clara
pareri hota samus;Electrocasnice;;hota;5,7;;3;8;1;NU;fara forma de intentie clara
pareri hota tesla;Electrocasnice;;hota;5,7;;3;6;1;NU;nume de brand
pareri hota tornado;Electrocasnice;;hota;5,7;;3;7;1;NU;fara forma de intentie clara
pareri hota turbionaire;Electrocasnice;;hota;5,7;;3;1;1;NU;fara forma de intentie clara
pareri multicooker gorenje;Electrocasnice;;multicooker;5,7;;3;5;1;NU;nume de brand
pareri multicooker ninja;Electrocasnice;;multicooker;5,7;;3;3;1;NU;fara forma de intentie clara
pareri multicooker novio;Electrocasnice;;multicooker;5,7;;3;2;1;NU;fara forma de intentie clara
pareri multicooker tefal;Electrocasnice;;multicooker;5,7;;3;4;1;NU;nume de brand
plita inductie;Electrocasnice;;plita inductie;5,7;;2;0;1;NU;fara forma de intentie clara
plita inductie 1 ochi;Electrocasnice;;plita inductie;5,7;;4;3;1;NU;fara forma de intentie clara
plita inductie 2 ochiuri;Electrocasnice;;plita inductie;5,7;;4;1;1;NU;fara forma de intentie clara
plita inductie 2 ochiuri incorporabila;Electrocasnice;;plita inductie;5,7;;5;6;1;NU;fara forma de intentie clara
plita inductie altex;Electrocasnice;;plita inductie;5,7;;3;4;1;NU;termen de magazin
plita inductie bosch;Electrocasnice;;plita inductie;5,7;;3;7;1;NU;nume de brand
plita inductie cele mai bune;Electrocasnice;;plita inductie;5,7;;5;3;1;NU;fara forma de intentie clara
plita inductie cu hota incorporata bosch;Electrocasnice;segment;plita inductie;5,7;;6;1;1;NU;nume de brand
plita inductie cu hota incorporata electrolux;Electrocasnice;segment;plita inductie;5,7;;6;8;1;NU;nume de brand
plita inductie electrolux;Electrocasnice;;plita inductie;5,7;;3;2;1;NU;nume de brand
plita inductie incorporabila;Electrocasnice;;plita inductie;5,7;;3;5;1;NU;fara forma de intentie clara
plita inductie portabila;Electrocasnice;;plita inductie;5,7;;3;9;1;NU;fara forma de intentie clara
retete pentru friteuza cu aer cald tefal;Electrocasnice;segment;friteuza cu aer;5,7;;7;6;1;NU;nume de brand
retete pentru masina de paine tefal;Electrocasnice;segment;masina de paine;5,7;;6;9;1;NU;nume de brand
retete pentru multicooker gorenje;Electrocasnice;segment;multicooker;5,7;;4;8;1;NU;nume de brand
retete pentru multicooker tefal;Electrocasnice;segment;multicooker;5,7;;4;6;1;NU;nume de brand
robot de bucatarie;Electrocasnice;;robot de bucatarie;5,7;;3;0;1;NU;fara forma de intentie clara
robot de bucatarie 2000w altex;Electrocasnice;;robot de bucatarie;5,7;;5;7;1;NU;cod de model
robot de bucatarie altex;Electrocasnice;;robot de bucatarie;5,7;;4;1;1;NU;termen de magazin
robot de bucatarie biovita;Electrocasnice;;robot de bucatarie;5,7;;4;3;1;NU;fara forma de intentie clara
robot de bucatarie bosch;Electrocasnice;;robot de bucatarie;5,7;;4;2;1;NU;nume de brand
robot de bucatarie cu masina de tocat altex;Electrocasnice;segment;robot de bucatarie;5,7;;8;8;1;NU;termen de magazin
robot de bucatarie cu storcator de fructe si legume;Electrocasnice;segment;robot de bucatarie;5,7;;9;7;1;NU;prea lung (titlu de produs)
robot de bucatarie dedeman;Electrocasnice;;robot de bucatarie;5,7;;4;4;1;NU;termen de magazin
robot de bucatarie gorenje pareri;Electrocasnice;recenzie;robot de bucatarie;5,7;;5;2;1;NU;nume de brand
robot de bucatarie in engleza;Electrocasnice;;robot de bucatarie;5,7;;5;3;1;NU;fara forma de intentie clara
robot de bucatarie industrial;Electrocasnice;;robot de bucatarie;5,7;;4;1;1;NU;fara forma de intentie clara
robot de bucatarie infinity pro 1400w;Electrocasnice;;robot de bucatarie;5,7;;6;5;1;NU;cod de model
robot de bucatarie inox;Electrocasnice;;robot de bucatarie;5,7;;4;2;1;NU;fara forma de intentie clara
robot de bucatarie inteligent;Electrocasnice;;robot de bucatarie;5,7;;4;0;1;NU;fara forma de intentie clara
robot de bucatarie inteligent xiaomi;Electrocasnice;;robot de bucatarie;5,7;;5;4;1;NU;nume de brand
robot de bucatarie inteligent xiaomi bhr5930eu;Electrocasnice;;robot de bucatarie;5,7;;6;6;1;NU;cod de model
robot de bucatarie multifunctional;Electrocasnice;;robot de bucatarie;5,7;;4;9;1;NU;fara forma de intentie clara
robot de bucatarie philips;Electrocasnice;;robot de bucatarie;5,7;;4;5;1;NU;nume de brand
robot de bucatarie profesional;Electrocasnice;;robot de bucatarie;5,7;;4;8;1;NU;fara forma de intentie clara
robot de bucatarie tefal;Electrocasnice;;robot de bucatarie;5,7;;4;6;1;NU;nume de brand
sare pentru masina de spalat vase finish 4 kg;Electrocasnice;segment;masina de spalat vase;3;;9;3;1;NU;prea lung (titlu de produs)
sauda hota nahin pyar mein;Electrocasnice;;hota;5,7;;5;2;1;NU;fara forma de intentie clara
saurmandal hota kya hai;Electrocasnice;;hota;5,7;;4;3;1;NU;fara forma de intentie clara
sauteren multicooker;Electrocasnice;;multicooker;5,7;;2;7;1;NU;fara forma de intentie clara
soy sauce kya hota hai;Electrocasnice;;hota;5,7;;5;6;1;NU;fara forma de intentie clara
storcator de fructe;Electrocasnice;;storcator de fructe;5,7;;3;0;1;NU;fara forma de intentie clara
storcator de fructe altex;Electrocasnice;;storcator de fructe;5,7;;4;3;1;NU;termen de magazin
storcator de fructe cu melc altex;Electrocasnice;segment;storcator de fructe;5,7;;6;4;1;NU;termen de magazin
storcator de fructe cu melc philips;Electrocasnice;segment;storcator de fructe;5,7;;6;5;1;NU;nume de brand
storcator de fructe in engleza;Electrocasnice;;storcator de fructe;5,7;;5;1;1;NU;fara forma de intentie clara
storcator de fructe in franceza;Electrocasnice;;storcator de fructe;5,7;;5;6;1;NU;fara forma de intentie clara
storcator de fructe in germana;Electrocasnice;;storcator de fructe;5,7;;5;7;1;NU;fara forma de intentie clara
storcator de fructe in italiana;Electrocasnice;;storcator de fructe;5,7;;5;3;1;NU;fara forma de intentie clara
storcator de fructe in spaniola;Electrocasnice;;storcator de fructe;5,7;;5;5;1;NU;fara forma de intentie clara
storcator de fructe industrial;Electrocasnice;;storcator de fructe;5,7;;4;0;1;NU;fara forma de intentie clara
storcator de fructe inox;Electrocasnice;;storcator de fructe;5,7;;4;2;1;NU;fara forma de intentie clara
storcator de fructe intregi;Electrocasnice;;storcator de fructe;5,7;;4;4;1;NU;fara forma de intentie clara
storcator de fructe manual;Electrocasnice;;storcator de fructe;5,7;;4;2;1;NU;fara forma de intentie clara
storcator de fructe philips;Electrocasnice;;storcator de fructe;5,7;;4;6;1;NU;nume de brand
storcator de fructe si legume;Electrocasnice;;storcator de fructe;5,7;;5;1;1;NU;fara forma de intentie clara
storcator de fructe si legume altex;Electrocasnice;;storcator de fructe;5,7;;6;8;1;NU;termen de magazin
storcator de fructe si legume cu presare la rece;Electrocasnice;segment;storcator de fructe;5,7;;9;9;1;NU;prea lung (titlu de produs)
storcator de fructe si legume dedeman;Electrocasnice;;storcator de fructe;5,7;;6;7;1;NU;termen de magazin
storcator de fructe si legume profesional;Electrocasnice;;storcator de fructe;5,7;;6;4;1;NU;fara forma de intentie clara
uscator de rufe;Electrocasnice;;uscator de rufe;3;;3;0;1;NU;fara forma de intentie clara
uscator de rufe altex;Electrocasnice;;uscator de rufe;3;;4;7;1;NU;termen de magazin
uscator de rufe beko;Electrocasnice;;uscator de rufe;3;;4;4;1;NU;nume de brand
uscator de rufe beko pareri;Electrocasnice;recenzie;uscator de rufe;3;;5;4;1;NU;nume de brand
uscator de rufe cu pompa de caldura clasa a;Electrocasnice;segment;uscator de rufe;3;;9;1;1;NU;prea lung (titlu de produs)
uscator de rufe cu pompa de caldura heinner;Electrocasnice;segment;uscator de rufe;3;;8;8;1;NU;nume de brand
uscator de rufe cu pompa de caldura sau condensare;Electrocasnice;comparatie;uscator de rufe;3;;9;4;1;NU;prea lung (titlu de produs)
uscator de rufe curte;Electrocasnice;;uscator de rufe;3;;4;5;1;NU;fara forma de intentie clara
uscator de rufe electric;Electrocasnice;;uscator de rufe;3;;4;3;1;NU;fara forma de intentie clara
uscator de rufe exterior;Electrocasnice;;uscator de rufe;3;;4;8;1;NU;fara forma de intentie clara
uscator de rufe heinner pareri;Electrocasnice;recenzie;uscator de rufe;3;;5;1;1;NU;nume de brand
uscator de rufe miele;Electrocasnice;;uscator de rufe;3;;4;9;1;NU;fara forma de intentie clara
uscator de rufe pentru balcon dedeman;Electrocasnice;segment;uscator de rufe;3;;6;7;1;NU;termen de magazin
uscator de rufe pret ieftin;Electrocasnice;pret;uscator de rufe;3;;5;4;1;NU;termen de magazin
uscator de rufe samsung;Electrocasnice;;uscator de rufe;3;;4;6;1;NU;nume de brand
uscator de rufe samsung pareri;Electrocasnice;recenzie;uscator de rufe;3;;5;6;1;NU;nume de brand
uscator de rufe slim;Electrocasnice;;uscator de rufe;3;;4;2;1;NU;fara forma de intentie clara
uscator de rufe vertical;Electrocasnice;;uscator de rufe;3;;4;1;1;NU;fara forma de intentie clara
carbuni gratar ieftini;Gradina;;gratar;6,3;;3;6;1;NU;fara forma de intentie clara
care este cel mai bun lant de drujba;Gradina;;drujba;5,3;;8;6;1;NU;fara forma de intentie clara
casuta de gradina;Gradina;;casuta de gradina;6,3;;3;0;1;NU;fara forma de intentie clara
casuta de gradina copii;Gradina;;casuta de gradina;6,3;;4;1;1;NU;fara forma de intentie clara
casuta de gradina copii lemn;Gradina;;casuta de gradina;6,3;;5;9;1;NU;fara forma de intentie clara
casuta de gradina dedeman;Gradina;;casuta de gradina;6,3;;4;3;1;NU;termen de magazin
casuta de gradina hornbach;Gradina;;casuta de gradina;6,3;;4;5;1;NU;fara forma de intentie clara
casuta de gradina keter;Gradina;;casuta de gradina;6,3;;4;7;1;NU;fara forma de intentie clara
casuta de gradina lemn;Gradina;;casuta de gradina;6,3;;4;2;1;NU;fara forma de intentie clara
casuta de gradina metalica;Gradina;;casuta de gradina;6,3;;4;6;1;NU;fara forma de intentie clara
casuta de gradina pentru copii dedeman;Gradina;segment;casuta de gradina;6,3;;6;7;1;NU;termen de magazin
casuta de gradina plastic;Gradina;;casuta de gradina;6,3;;4;4;1;NU;fara forma de intentie clara
ce drujba sa cumpar;Gradina;;drujba;5,3;;4;0;1;NU;fara forma de intentie clara
ce hidrofor sa cumpar;Gradina;;hidrofor;5,3;;4;0;1;NU;fara forma de intentie clara
ce masina de tuns iarba sa cumpar;Gradina;;masina de tuns iarba;5,3;;7;0;1;NU;fara forma de intentie clara
ce motocoasa pe benzina sa cumpar;Gradina;;motocoasa;5,3;;6;1;1;NU;fara forma de intentie clara
ce motocoasa sa cumpar;Gradina;;motocoasa;5,3;;4;0;1;NU;fara forma de intentie clara
ce motosapa sa mi cumpar;Gradina;;motosapa;5,3;;5;0;1;NU;fara forma de intentie clara
ce piscina sa cumpar;Gradina;;piscina;6,3;;4;0;1;NU;fara forma de intentie clara
cea mai ieftina masina de tuns iarba pe benzina;Gradina;pret;masina de tuns iarba;5,3;;9;8;1;NU;prea lung (titlu de produs)
cel mai bun ghiveci de legume pentru iarna gina bradea;Gradina;roundup;ghiveci;6,3;;10;4;1;NU;prea lung (titlu de produs)
cel mai bun hidrofor dedeman;Gradina;roundup;hidrofor;5,3;;5;6;1;NU;termen de magazin
cum.se curata bujia la drujba;Gradina;;drujba;5,3;;5;0;1;NU;fara forma de intentie clara
drujba;Gradina;;drujba;5,3;;1;0;1;NU;fara forma de intentie clara
drujba benzina;Gradina;;drujba;5,3;;2;3,5;1;NU;fara forma de intentie clara
drujba benzina brico depot;Gradina;;drujba;5,3;;4;5;1;NU;fara forma de intentie clara
drujba benzina dedeman;Gradina;;drujba;5,3;;3;3;1;NU;termen de magazin
drujba benzina hornbach;Gradina;;drujba;5,3;;3;9;1;NU;fara forma de intentie clara
drujba benzina husqvarna;Gradina;;drujba;5,3;;3;8;1;NU;nume de brand
drujba benzina parkside;Gradina;;drujba;5,3;;3;4;1;NU;fara forma de intentie clara
drujba benzina ruris;Gradina;;drujba;5,3;;3;7;1;NU;fara forma de intentie clara
drujba benzina stihl;Gradina;;drujba;5,3;;3;6;1;NU;nume de brand
drujba cu acumulator dedeman;Gradina;segment;drujba;5,3;;4;5;1;NU;termen de magazin
drujba cu acumulator dewalt;Gradina;segment;drujba;5,3;;4;9;1;NU;nume de brand
drujba cu acumulator makita;Gradina;segment;drujba;5,3;;4;2;1;NU;nume de brand
drujba cu acumulator stihl;Gradina;segment;drujba;5,3;;4;3;1;NU;nume de brand
drujba dedeman;Gradina;;drujba;5,3;;2;8;1;NU;termen de magazin
drujba electrica;Gradina;;drujba;5,3;;2;2;1;NU;fara forma de intentie clara
drujba husqvarna;Gradina;;drujba;5,3;;2;4;1;NU;nume de brand
drujba parkside;Gradina;;drujba;5,3;;2;9;1;NU;fara forma de intentie clara
drujba ruris;Gradina;;drujba;5,3;;2;7;1;NU;fara forma de intentie clara
drujba stihl;Gradina;;drujba;5,3;;2;1;1;NU;nume de brand
drujba stihl sau husqvarna;Gradina;comparatie;drujba;5,3;;4;1;1;NU;nume de brand
drujba stihl sau husqvarna forum;Gradina;comparatie;drujba;5,3;;5;3;1;NU;nume de brand
foarfeca de gradina;Gradina;;foarfeca de gradina;5,3;;3;0;1;NU;fara forma de intentie clara
foarfeca de gradina cu acumulator bosch;Gradina;segment;foarfeca de gradina;5,3;;6;6;1;NU;nume de brand
foarfeca de gradina cu acumulator dedeman;Gradina;segment;foarfeca de gradina;5,3;;6;3;1;NU;termen de magazin
foarfeca de gradina cu acumulator dewalt;Gradina;segment;foarfeca de gradina;5,3;;6;8;1;NU;nume de brand
foarfeca de gradina cu acumulator makita;Gradina;segment;foarfeca de gradina;5,3;;6;2;1;NU;nume de brand
foarfeca de gradina cu acumulator stihl;Gradina;segment;foarfeca de gradina;5,3;;6;4;1;NU;nume de brand
foarfeca de gradina cu acumulator stihl asa 20.0 set;Gradina;segment;foarfeca de gradina;5,3;;9;9;1;NU;prea lung (titlu de produs)
foarfeca de gradina dedeman;Gradina;;foarfeca de gradina;5,3;;4;2;1;NU;termen de magazin
foarfeca de gradina electrica;Gradina;;foarfeca de gradina;5,3;;4;4;1;NU;fara forma de intentie clara
foarfeca de gradina fiskars;Gradina;;foarfeca de gradina;5,3;;4;5;1;NU;fara forma de intentie clara
foarfeca de gradina gardena;Gradina;;foarfeca de gradina;5,3;;4;7;1;NU;fara forma de intentie clara
foarfeca de gradina parkside;Gradina;;foarfeca de gradina;5,3;;4;3;1;NU;fara forma de intentie clara
foarfeca de gradina pentru taiat crengi skil xp gv1e0620ca;Gradina;segment;foarfeca de gradina;5,3;;9;3;1;NU;prea lung (titlu de produs)
foarfeca de gradina telescopica;Gradina;;foarfeca de gradina;5,3;;4;8;1;NU;fara forma de intentie clara
foarfeca de gradinarit;Gradina;;foarfeca de gradina;5,3;;3;6;1;NU;fara forma de intentie clara
foarfeca electrica de gradina pentru taiat crengi pomi x-force;Gradina;segment;foarfeca de gradina;5,3;;9;6;1;NU;prea lung (titlu de produs)
ghiveci;Gradina;;ghiveci;6,3;;1;2;1;NU;fara forma de intentie clara
ghiveci ceramica;Gradina;;ghiveci;6,3;;2;4;1;NU;fara forma de intentie clara
ghiveci cu picior dedeman;Gradina;segment;ghiveci;6,3;;4;1;1;NU;termen de magazin
ghiveci de legume;Gradina;;ghiveci;6,3;;3;0;1;NU;fara forma de intentie clara
ghiveci dedeman;Gradina;;ghiveci;6,3;;2;9;1;NU;termen de magazin
ghiveci flori;Gradina;;ghiveci;6,3;;2;1;1;NU;fara forma de intentie clara
ghiveci mare;Gradina;;ghiveci;6,3;;2;7;1;NU;fara forma de intentie clara
ghiveci mare exterior;Gradina;;ghiveci;6,3;;3;6;1;NU;fara forma de intentie clara
ghiveci orhidee;Gradina;;ghiveci;6,3;;2;8;1;NU;fara forma de intentie clara
ghiveci suspendat;Gradina;;ghiveci;6,3;;2;5;1;NU;fara forma de intentie clara
gratar;Gradina;;gratar;6,3;;1;1;1;NU;fara forma de intentie clara
gratar curte;Gradina;;gratar;6,3;;2;3;1;NU;fara forma de intentie clara
gratar de curte;Gradina;;gratar;6,3;;3;7;1;NU;fara forma de intentie clara
gratar de unica folosinta;Gradina;;gratar;6,3;;4;9;1;NU;fara forma de intentie clara
gratar dedeman;Gradina;;gratar;6,3;;2;3;1;NU;termen de magazin
gratar electric;Gradina;;gratar;6,3;;2;1;2;NU;fara forma de intentie clara
gratar gradina;Gradina;;gratar;6,3;;2;0;1;NU;fara forma de intentie clara
gratar gradina dedeman;Gradina;;gratar;6,3;;3;8;1;NU;termen de magazin
gratar ieftin dedeman;Gradina;pret;gratar;6,3;;3;2;1;NU;termen de magazin
gratar pe gaz;Gradina;;gratar;6,3;;3;4;1;NU;fara forma de intentie clara
gratar rotund;Gradina;;gratar;6,3;;2;6;1;NU;fara forma de intentie clara
gratar sauna;Gradina;;gratar;6,3;;2;2;1;NU;fara forma de intentie clara
gratare de gradina;Gradina;;gratar;6,3;;3;5;1;NU;fara forma de intentie clara
hidrofor;Gradina;;hidrofor;5,3;;1;0;1;NU;fara forma de intentie clara
hidrofor 50 litri;Gradina;;hidrofor;5,3;;3;3;1;NU;fara forma de intentie clara
hidrofor 50 litri dedeman;Gradina;;hidrofor;5,3;;4;5;1;NU;termen de magazin
hidrofor apa;Gradina;;hidrofor;5,3;;2;4;1;NU;fara forma de intentie clara
hidrofor brico depot;Gradina;;hidrofor;5,3;;3;6;1;NU;fara forma de intentie clara
hidrofor cele mai bune;Gradina;;hidrofor;5,3;;4;1;1;NU;fara forma de intentie clara
hidrofor cu ejector dedeman;Gradina;segment;hidrofor;5,3;;4;1;1;NU;termen de magazin
hidrofor cu presostat electronic dedeman;Gradina;segment;hidrofor;5,3;;5;5;1;NU;termen de magazin
hidrofor dedeman;Gradina;;hidrofor;5,3;;2;1;1;NU;termen de magazin
hidrofor dedeman pret;Gradina;;hidrofor;5,3;;3;9;1;NU;termen de magazin
hidrofor grundfos;Gradina;;hidrofor;5,3;;2;7;1;NU;fara forma de intentie clara
hidrofor hornbach;Gradina;;hidrofor;5,3;;2;8;1;NU;fara forma de intentie clara
hidrofor ieftin dedeman;Gradina;pret;hidrofor;5,3;;3;2;1;NU;termen de magazin
hidrofor pentru fantana preturi;Gradina;segment;hidrofor;5,3;;4;4;1;NU;termen de magazin
ingco masina de tuns iarba;Gradina;;masina de tuns iarba;5,3;;5;3;1;NU;fara forma de intentie clara
masina de tuns iarba;Gradina;;masina de tuns iarba;5,3;;4;0;1;NU;fara forma de intentie clara
masina de tuns iarba benzina;Gradina;;masina de tuns iarba;5,3;;5;1;1;NU;fara forma de intentie clara
masina de tuns iarba bosch;Gradina;;masina de tuns iarba;5,3;;5;9;1;NU;nume de brand
masina de tuns iarba brico;Gradina;;masina de tuns iarba;5,3;;5;7;1;NU;fara forma de intentie clara
masina de tuns iarba cele mai bune;Gradina;;masina de tuns iarba;5,3;;7;0;1;NU;fara forma de intentie clara
masina de tuns iarba cu acumulator makita;Gradina;segment;masina de tuns iarba;5,3;;7;8;1;NU;nume de brand
masina de tuns iarba de inchiriat;Gradina;;masina de tuns iarba;5,3;;6;8;1;NU;fara forma de intentie clara
masina de tuns iarba dedeman;Gradina;;masina de tuns iarba;5,3;;5;5;1;NU;termen de magazin
masina de tuns iarba electrica;Gradina;;masina de tuns iarba;5,3;;5;4;1;NU;fara forma de intentie clara
masina de tuns iarba in 4 timpi;Gradina;;masina de tuns iarba;5,3;;7;2;1;NU;fara forma de intentie clara
masina de tuns iarba in engleza;Gradina;;masina de tuns iarba;5,3;;6;1;1;NU;fara forma de intentie clara
masina de tuns iarba in germana;Gradina;;masina de tuns iarba;5,3;;6;4;1;NU;fara forma de intentie clara
masina de tuns iarba in livada;Gradina;;masina de tuns iarba;5,3;;6;6;1;NU;fara forma de intentie clara
masina de tuns iarba inalta;Gradina;;masina de tuns iarba;5,3;;5;0;1;NU;fara forma de intentie clara
masina de tuns iarba inteligenta;Gradina;;masina de tuns iarba;5,3;;5;5;1;NU;fara forma de intentie clara
masina de tuns iarba merge intrerupt;Gradina;;masina de tuns iarba;5,3;;6;7;1;NU;fara forma de intentie clara
masina de tuns iarba parkside;Gradina;;masina de tuns iarba;5,3;;5;6;1;NU;fara forma de intentie clara
masina de tuns iarba pe benzina ieftina dedeman;Gradina;pret;masina de tuns iarba;5,3;;8;4;1;NU;termen de magazin
masina de tuns iarba pe benzina ieftina olx;Gradina;pret;masina de tuns iarba;5,3;;8;5;1;NU;termen de magazin
masina de tuns iarba ruris;Gradina;;masina de tuns iarba;5,3;;5;3;1;NU;fara forma de intentie clara
mobilier de gradina;Gradina;;mobilier de gradina;6,3;;3;0;1;NU;fara forma de intentie clara
mobilier de gradina brico depot;Gradina;;mobilier de gradina;6,3;;5;3;1;NU;fara forma de intentie clara
mobilier de gradina carrefour;Gradina;;mobilier de gradina;6,3;;4;7;1;NU;fara forma de intentie clara
mobilier de gradina dedeman;Gradina;;mobilier de gradina;6,3;;4;1;1;NU;termen de magazin
mobilier de gradina din paleti;Gradina;;mobilier de gradina;6,3;;5;4;1;NU;fara forma de intentie clara
mobilier de gradina din ratan;Gradina;;mobilier de gradina;6,3;;5;6;1;NU;fara forma de intentie clara
mobilier de gradina jysk;Gradina;;mobilier de gradina;6,3;;4;2;1;NU;fara forma de intentie clara
mobilier de gradina leroy merlin;Gradina;;mobilier de gradina;6,3;;5;8;1;NU;fara forma de intentie clara
mobilier de gradina mobexpert;Gradina;;mobilier de gradina;6,3;;4;9;1;NU;fara forma de intentie clara
mobilier pentru gradina dedeman;Gradina;segment;mobilier de gradina;6,3;;4;3;1;NU;termen de magazin
motocoasa;Gradina;;motocoasa;5,3;;1;0;1;NU;fara forma de intentie clara
motocoasa 4 timpi;Gradina;;motocoasa;5,3;;3;9;1;NU;fara forma de intentie clara
motocoasa cele mai bune;Gradina;;motocoasa;5,3;;4;2;1;NU;fara forma de intentie clara
motocoasa cu acumulator dedeman;Gradina;segment;motocoasa;5,3;;4;1;1;NU;termen de magazin
motocoasa cu acumulator makita;Gradina;segment;motocoasa;5,3;;4;3;1;NU;nume de brand
motocoasa cu acumulator stihl;Gradina;segment;motocoasa;5,3;;4;8;1;NU;nume de brand
motocoasa dedeman;Gradina;;motocoasa;5,3;;2;6;1;NU;termen de magazin
motocoasa electrica;Gradina;;motocoasa;5,3;;2;3;1;NU;fara forma de intentie clara
motocoasa husqvarna;Gradina;;motocoasa;5,3;;2;7;1;NU;nume de brand
motocoasa ieftina dedeman;Gradina;pret;motocoasa;5,3;;3;3;1;NU;termen de magazin
motocoasa pe benzina;Gradina;;motocoasa;5,3;;3;1;1;NU;fara forma de intentie clara
motocoasa ruris;Gradina;;motocoasa;5,3;;2;4;1;NU;fara forma de intentie clara
motocoasa stihl;Gradina;;motocoasa;5,3;;2;2;1;NU;nume de brand
motocoasa stihl ieftina;Gradina;pret;motocoasa;5,3;;3;6;1;NU;nume de brand
motocoasa stihl sau husqvarna;Gradina;comparatie;motocoasa;5,3;;4;3;1;NU;nume de brand
motosapa;Gradina;;motosapa;5,3;;1;0;1;NU;fara forma de intentie clara
motosapa benzina;Gradina;;motosapa;5,3;;2;3;1;NU;fara forma de intentie clara
motosapa cele mai bune;Gradina;;motosapa;5,3;;4;0;1;NU;fara forma de intentie clara
motosapa cu acumulator dedeman;Gradina;segment;motosapa;5,3;;4;2;1;NU;termen de magazin
motosapa cu acumulator makita;Gradina;segment;motosapa;5,3;;4;6;1;NU;nume de brand
motosapa dedeman;Gradina;;motosapa;5,3;;2;4;1;NU;termen de magazin
motosapa electrica;Gradina;;motosapa;5,3;;2;2;1;NU;fara forma de intentie clara
motosapa electrica dedeman;Gradina;;motosapa;5,3;;3;5;1;NU;termen de magazin
motosapa honda;Gradina;;motosapa;5,3;;2;6;1;NU;fara forma de intentie clara
motosapa leroy merlin;Gradina;;motosapa;5,3;;3;7;1;NU;fara forma de intentie clara
motosapa mica;Gradina;;motosapa;5,3;;2;9;1;NU;fara forma de intentie clara
motosapa ruris;Gradina;;motosapa;5,3;;2;1;1;NU;fara forma de intentie clara
pareri drujba electrica;Gradina;;drujba;5,3;;3;9;1;NU;fara forma de intentie clara
pareri drujba electrica parkside;Gradina;;drujba;5,3;;4;4;1;NU;fara forma de intentie clara
pareri drujba holzfforma;Gradina;;drujba;5,3;;3;7;1;NU;fara forma de intentie clara
pareri drujba micul padurar;Gradina;;drujba;5,3;;4;3;1;NU;fara forma de intentie clara
pareri drujba o mac;Gradina;;drujba;5,3;;4;8;1;NU;fara forma de intentie clara
pareri drujba parkside;Gradina;;drujba;5,3;;3;2;1;NU;fara forma de intentie clara
pareri drujba ruris;Gradina;;drujba;5,3;;3;1;1;NU;fara forma de intentie clara
pareri drujba stihl;Gradina;;drujba;5,3;;3;5;1;NU;nume de brand
pareri gratar electric;Gradina;;gratar;6,3;;3;1;1;NU;fara forma de intentie clara
pareri gratar kamado;Gradina;;gratar;6,3;;3;2;1;NU;fara forma de intentie clara
pareri gratar pe gaz;Gradina;;gratar;6,3;;4;0;1;NU;fara forma de intentie clara
pareri gratar romanesc;Gradina;;gratar;6,3;;3;3;1;NU;fara forma de intentie clara
pareri motocoasa 4 timpi;Gradina;;motocoasa;5,3;;4;4;1;NU;fara forma de intentie clara
pareri motocoasa electrica;Gradina;;motocoasa;5,3;;3;3;1;NU;fara forma de intentie clara
pareri motocoasa micul fermier;Gradina;;motocoasa;5,3;;4;2;1;NU;fara forma de intentie clara
pareri motocoasa o mac;Gradina;;motocoasa;5,3;;4;8;1;NU;fara forma de intentie clara
pareri motocoasa parkside;Gradina;;motocoasa;5,3;;3;7;1;NU;fara forma de intentie clara
pareri motocoasa ruris;Gradina;;motocoasa;5,3;;3;1;1;NU;fara forma de intentie clara
pareri motocoasa stihl;Gradina;;motocoasa;5,3;;3;5;1;NU;nume de brand
pareri motocoasa stihl fs 55;Gradina;;motocoasa;5,3;;5;6;1;NU;nume de brand
pareri motosapa electrica;Gradina;;motosapa;5,3;;3;1;1;NU;fara forma de intentie clara
pareri motosapa electrica parkside;Gradina;;motosapa;5,3;;4;3;1;NU;fara forma de intentie clara
pareri motosapa ruris;Gradina;;motosapa;5,3;;3;2;1;NU;fara forma de intentie clara
pareri piscina curte;Gradina;;piscina;6,3;;3;1;1;NU;fara forma de intentie clara
pareri piscina otel;Gradina;;piscina;6,3;;3;2;1;NU;fara forma de intentie clara
piscina;Gradina;;piscina;6,3;;1;0;1;NU;fara forma de intentie clara
piscina bucuresti;Gradina;;piscina;6,3;;2;6;1;NU;fara forma de intentie clara
piscina cadru metalic;Gradina;;piscina;6,3;;3;2;1;NU;fara forma de intentie clara
piscina copii;Gradina;;piscina;6,3;;2;3;1;NU;fara forma de intentie clara
piscina copii dedeman;Gradina;;piscina;6,3;;3;8;1;NU;termen de magazin
piscina curte;Gradina;;piscina;6,3;;2;1;1;NU;fara forma de intentie clara
piscina dedeman;Gradina;;piscina;6,3;;2;1;1;NU;termen de magazin
piscina gonflabila;Gradina;;piscina;6,3;;2;4;1;NU;fara forma de intentie clara
piscina ieftina dedeman;Gradina;pret;piscina;6,3;;3;5;1;NU;termen de magazin
piscina ieftina si mare dedeman;Gradina;pret;piscina;6,3;;5;7;1;NU;termen de magazin
piscina intex;Gradina;;piscina;6,3;;2;7;1;NU;nume de brand
piscina leroy merlin;Gradina;;piscina;6,3;;3;9;1;NU;fara forma de intentie clara
piscina mare;Gradina;;piscina;6,3;;2;5;1;NU;fara forma de intentie clara
piscina pentru copii dedeman;Gradina;segment;piscina;6,3;;4;9;1;NU;termen de magazin
piscina sauna;Gradina;;piscina;6,3;;2;2;1;NU;fara forma de intentie clara
piscina sauna arequipa;Gradina;;piscina;6,3;;3;3;1;NU;fara forma de intentie clara
piscina sauna brasov;Gradina;;piscina;6,3;;3;9;1;NU;fara forma de intentie clara
piscina sauna bucuresti;Gradina;;piscina;6,3;;3;4;1;NU;fara forma de intentie clara
piscina sauna iasi;Gradina;;piscina;6,3;;3;6;1;NU;fara forma de intentie clara
piscina sauna sighisoara;Gradina;;piscina;6,3;;3;5;1;NU;fara forma de intentie clara
pompa de gradina;Gradina;;pompa de gradina;5,3;;3;0;1;NU;fara forma de intentie clara
pompa de gradina dedeman;Gradina;;pompa de gradina;5,3;;4;1;1;NU;termen de magazin
pompa de gradina gardena;Gradina;;pompa de gradina;5,3;;4;6;1;NU;fara forma de intentie clara
pompa de gradina hornbach;Gradina;;pompa de gradina;5,3;;4;4;1;NU;fara forma de intentie clara
pompa de gradina leroy merlin;Gradina;;pompa de gradina;5,3;;5;7;1;NU;fara forma de intentie clara
pompa de gradina manuala;Gradina;;pompa de gradina;5,3;;4;5;1;NU;fara forma de intentie clara
pompa de gradina parkside;Gradina;;pompa de gradina;5,3;;4;8;1;NU;fara forma de intentie clara
pompa de gradina ruris;Gradina;;pompa de gradina;5,3;;4;9;1;NU;fara forma de intentie clara
sauna gratar glodeni;Gradina;;gratar;6,3;;3;4;1;NU;fara forma de intentie clara
set 4 piese de mobilier pentru gradina dining garden star;Gradina;segment;mobilier de gradina;6,3;;10;8;1;NU;prea lung (titlu de produs)
sistem de irigatii;Gradina;;sistem de irigatii;5,3;;3;0;1;NU;fara forma de intentie clara
sistem de irigatii automatizat;Gradina;;sistem de irigatii;5,3;;4;7;1;NU;fara forma de intentie clara
sistem de irigatii gazon;Gradina;;sistem de irigatii;5,3;;4;2;1;NU;fara forma de intentie clara
sistem de irigatii gradina;Gradina;;sistem de irigatii;5,3;;4;3;1;NU;fara forma de intentie clara
sistem de irigatii hunter;Gradina;;sistem de irigatii;5,3;;4;5;1;NU;fara forma de intentie clara
sistem de irigatii prin picurare;Gradina;;sistem de irigatii;5,3;;5;1;1;NU;fara forma de intentie clara
sistem de irigatii rain bird;Gradina;;sistem de irigatii;5,3;;5;4;1;NU;fara forma de intentie clara
sistem de irigatii subteran;Gradina;;sistem de irigatii;5,3;;4;9;1;NU;fara forma de intentie clara
sistem de irigatii suprateran;Gradina;;sistem de irigatii;5,3;;4;8;1;NU;fara forma de intentie clara
spa sauna piscina;Gradina;;piscina;6,3;;3;8;1;NU;fara forma de intentie clara
trimmer electric gradina;Gradina;;trimmer gradina;5,3;;3;2;1;NU;fara forma de intentie clara
trimmer gradina;Gradina;;trimmer gradina;5,3;;2;0;1;NU;fara forma de intentie clara
umbrela de gradina;Gradina;;umbrela de gradina;6,3;;3;0;1;NU;fara forma de intentie clara
umbrela de gradina brico depot;Gradina;;umbrela de gradina;6,3;;5;5;1;NU;fara forma de intentie clara
umbrela de gradina carrefour;Gradina;;umbrela de gradina;6,3;;4;8;1;NU;fara forma de intentie clara
umbrela de gradina dedeman;Gradina;;umbrela de gradina;6,3;;4;1;1;NU;termen de magazin
umbrela de gradina emag;Gradina;;umbrela de gradina;6,3;;4;7;1;NU;termen de magazin
umbrela de gradina jysk;Gradina;;umbrela de gradina;6,3;;4;3;1;NU;fara forma de intentie clara
umbrela de gradina lidl;Gradina;;umbrela de gradina;6,3;;4;6;1;NU;fara forma de intentie clara
umbrela de gradina mare;Gradina;;umbrela de gradina;6,3;;4;2;1;NU;fara forma de intentie clara
umbrela de gradina olx;Gradina;;umbrela de gradina;6,3;;4;9;1;NU;termen de magazin
aplica de perete;Iluminat;;aplica de perete;9,1;;3;0;1;NU;fara forma de intentie clara
aplica de perete baie;Iluminat;;aplica de perete;9,1;;4;6;1;NU;fara forma de intentie clara
aplica de perete dedeman;Iluminat;;aplica de perete;9,1;;4;5;1;NU;termen de magazin
aplica de perete dormitor;Iluminat;;aplica de perete;9,1;;4;4;1;NU;fara forma de intentie clara
aplica de perete exterior;Iluminat;;aplica de perete;9,1;;4;2;1;NU;fara forma de intentie clara
aplica de perete interior;Iluminat;;aplica de perete;9,1;;4;1;1;NU;fara forma de intentie clara
banda led;Iluminat;;banda led;9,1;;2;0;1;NU;fara forma de intentie clara
banda led 12v;Iluminat;;banda led;9,1;;3;7;1;NU;fara forma de intentie clara
banda led 220v;Iluminat;;banda led;9,1;;3;1;1;NU;cod de model
banda led 220v iluminat ieftin;Iluminat;pret;banda led;9,1;;5;5;1;NU;cod de model
banda led 220v pareri;Iluminat;recenzie;banda led;9,1;;4;1;1;NU;cod de model
banda led auto;Iluminat;;banda led;9,1;;3;8;1;NU;fara forma de intentie clara
banda led bucatarie;Iluminat;;banda led;9,1;;3;4;1;NU;fara forma de intentie clara
banda led cob;Iluminat;;banda led;9,1;;3;5;1;NU;fara forma de intentie clara
banda led cu baterii dedeman;Iluminat;segment;banda led;9,1;;5;7;1;NU;termen de magazin
banda led dedeman;Iluminat;;banda led;9,1;;3;3;1;NU;termen de magazin
banda led exterior;Iluminat;;banda led;9,1;;3;2;1;NU;fara forma de intentie clara
banda led rgb;Iluminat;;banda led;9,1;;3;9;1;NU;fara forma de intentie clara
banda led sauna;Iluminat;;banda led;9,1;;3;0;1;NU;fara forma de intentie clara
banda led tavan;Iluminat;;banda led;9,1;;3;6;1;NU;fara forma de intentie clara
bec led;Iluminat;;bec led;9,1;;2;0;1;NU;fara forma de intentie clara
bec led 12v;Iluminat;;bec led;9,1;;3;7;1;NU;fara forma de intentie clara
bec led cu filament e27;Iluminat;segment;bec led;9,1;;5;8;1;NU;cod de model
bec led d1s;Iluminat;;bec led;9,1;;3;8;1;NU;fara forma de intentie clara
bec led dedeman;Iluminat;;bec led;9,1;;3;6;1;NU;termen de magazin
bec led e14;Iluminat;;bec led;9,1;;3;9;1;NU;cod de model
bec led e27;Iluminat;;bec led;9,1;;3;3;1;NU;cod de model
bec led h1;Iluminat;;bec led;9,1;;3;5;1;NU;fara forma de intentie clara
bec led h4;Iluminat;;bec led;9,1;;3;4;1;NU;fara forma de intentie clara
bec led h7;Iluminat;;bec led;9,1;;3;1;1;NU;fara forma de intentie clara
bec led h7 osram;Iluminat;;bec led;9,1;;4;2;1;NU;fara forma de intentie clara
eos led spot sauna;Iluminat;;spot led;9,1;;4;3;1;NU;fara forma de intentie clara
lampa de birou;Iluminat;;lampa de birou;9,1;;3;0;1;NU;fara forma de intentie clara
lampa de birou altex;Iluminat;;lampa de birou;9,1;;4;2;1;NU;termen de magazin
lampa de birou cu lupa dedeman;Iluminat;segment;lampa de birou;9,1;;6;5;1;NU;termen de magazin
lampa de birou dedeman;Iluminat;;lampa de birou;9,1;;4;3;1;NU;termen de magazin
lampa de birou ikea;Iluminat;;lampa de birou;9,1;;4;5;1;NU;fara forma de intentie clara
lampa de birou jysk;Iluminat;;lampa de birou;9,1;;4;8;1;NU;fara forma de intentie clara
lampa de birou pepco;Iluminat;;lampa de birou;9,1;;4;4;1;NU;fara forma de intentie clara
lampa de birou unghii;Iluminat;;lampa de birou;9,1;;4;6;1;NU;fara forma de intentie clara
lampa led solara de gradina;Iluminat;;lampa solara de gradina;9,1;;5;5;1;NU;fara forma de intentie clara
lampa solara de gradina;Iluminat;;lampa solara de gradina;9,1;;4;0;1;NU;fara forma de intentie clara
lampa solara de gradina dedeman;Iluminat;;lampa solara de gradina;9,1;;5;1;1;NU;termen de magazin
lampa solara de gradina emag;Iluminat;;lampa solara de gradina;9,1;;5;3;1;NU;termen de magazin
lampa solara exterior de gradina;Iluminat;;lampa solara de gradina;9,1;;5;4;1;NU;fara forma de intentie clara
lampa solara gradina brico depot;Iluminat;;lampa solara de gradina;9,1;;5;9;1;NU;fara forma de intentie clara
lampa solara gradina hornbach;Iluminat;;lampa solara de gradina;9,1;;4;8;1;NU;fara forma de intentie clara
lampa solara gradina jumbo;Iluminat;;lampa solara de gradina;9,1;;4;7;1;NU;fara forma de intentie clara
lampa solara gradina leroy merlin;Iluminat;;lampa solara de gradina;9,1;;5;6;1;NU;fara forma de intentie clara
lampadar;Iluminat;;lampadar;9,1;;1;0;1;NU;fara forma de intentie clara
lampadar curbat;Iluminat;;lampadar;9,1;;2;5;1;NU;fara forma de intentie clara
lampadar curte;Iluminat;;lampadar;9,1;;2;6;1;NU;fara forma de intentie clara
lampadar de podea;Iluminat;;lampadar;9,1;;3;4;1;NU;fara forma de intentie clara
lampadar dedeman;Iluminat;;lampadar;9,1;;2;5;1;NU;termen de magazin
lampadar exterior;Iluminat;;lampadar;9,1;;2;7;1;NU;fara forma de intentie clara
lampadar ikea;Iluminat;;lampadar;9,1;;2;2;1;NU;fara forma de intentie clara
lampadar jysk;Iluminat;;lampadar;9,1;;2;3;1;NU;fara forma de intentie clara
lampadar leroy merlin;Iluminat;;lampadar;9,1;;3;8;1;NU;fara forma de intentie clara
lampadar living;Iluminat;;lampadar;9,1;;2;1;1;NU;fara forma de intentie clara
lampadar mobexpert;Iluminat;;lampadar;9,1;;2;9;1;NU;fara forma de intentie clara
lampadare;Iluminat;;lampadar;9,1;;1;6;1;NU;fara forma de intentie clara
led spot fur sauna;Iluminat;;spot led;9,1;;4;2;1;NU;fara forma de intentie clara
led spot saugnapf;Iluminat;;spot led;9,1;;3;1;1;NU;fara forma de intentie clara
lustra;Iluminat;;lustra;9,1;;1;1;1;NU;fara forma de intentie clara
lustra baie;Iluminat;;lustra;9,1;;2;6;1;NU;fara forma de intentie clara
lustra bucatarie;Iluminat;;lustra;9,1;;2;5;1;NU;fara forma de intentie clara
lustra cu ventilator altex;Iluminat;segment;lustra;9,1;;4;3;1;NU;termen de magazin
lustra cu ventilator dedeman;Iluminat;segment;lustra;9,1;;4;1;1;NU;termen de magazin
lustra cu ventilator emag;Iluminat;segment;lustra;9,1;;4;5;1;NU;termen de magazin
lustra dedeman;Iluminat;;lustra;9,1;;2;7;1;NU;termen de magazin
lustra dormitor;Iluminat;;lustra;9,1;;2;2;1;NU;fara forma de intentie clara
lustra ieftina dedeman;Iluminat;pret;lustra;9,1;;3;1;1;NU;termen de magazin
lustra led;Iluminat;;lustra;9,1;;2;0;1;NU;fara forma de intentie clara
lustra living;Iluminat;;lustra;9,1;;2;4;1;NU;fara forma de intentie clara
lustra sau;Iluminat;;lustra;9,1;;2;3;1;NU;fara forma de intentie clara
lustra sauna;Iluminat;;lustra;9,1;;2;1;1;NU;fara forma de intentie clara
lustra ventilator;Iluminat;;lustra;9,1;;2;9;1;NU;fara forma de intentie clara
multimetru;Iluminat;;multimetru;9,1;;1;0;1;NU;fara forma de intentie clara
multimetru curent alternativ;Iluminat;;multimetru;9,1;;3;5;1;NU;fara forma de intentie clara
multimetru curent continuu;Iluminat;;multimetru;9,1;;3;4;1;NU;fara forma de intentie clara
multimetru dedeman;Iluminat;;multimetru;9,1;;2;2;1;NU;termen de magazin
multimetru digital;Iluminat;;multimetru;9,1;;2;1;1;NU;fara forma de intentie clara
multimetru digital automat;Iluminat;;multimetru;9,1;;3;8;1;NU;fara forma de intentie clara
multimetru digital dedeman;Iluminat;;multimetru;9,1;;3;9;1;NU;termen de magazin
multimetru fluke;Iluminat;;multimetru;9,1;;2;3;1;NU;fara forma de intentie clara
multimetru leroy merlin;Iluminat;;multimetru;9,1;;3;4;1;NU;fara forma de intentie clara
multimetru parkside;Iluminat;;multimetru;9,1;;2;5;1;NU;fara forma de intentie clara
multimetru profesional;Iluminat;;multimetru;9,1;;2;6;1;NU;fara forma de intentie clara
multimetru uni-t;Iluminat;;multimetru;9,1;;2;7;1;NU;fara forma de intentie clara
prelungitor;Iluminat;;prelungitor;9,1;;1;0;1;NU;fara forma de intentie clara
prelungitor 10 m;Iluminat;;prelungitor;9,1;;3;3;1;NU;fara forma de intentie clara
prelungitor 20 m;Iluminat;;prelungitor;9,1;;3;8;1;NU;fara forma de intentie clara
prelungitor 5 m;Iluminat;;prelungitor;9,1;;3;6;1;NU;fara forma de intentie clara
prelungitor 50 m;Iluminat;;prelungitor;9,1;;3;1;1;NU;fara forma de intentie clara
prelungitor curent;Iluminat;;prelungitor;9,1;;2;8;1;NU;fara forma de intentie clara
prelungitor dedeman;Iluminat;;prelungitor;9,1;;2;2;1;NU;termen de magazin
prelungitor electric;Iluminat;;prelungitor;9,1;;2;9;1;NU;fara forma de intentie clara
prelungitor leroy merlin;Iluminat;;prelungitor;9,1;;3;5;1;NU;fara forma de intentie clara
prelungitor usb;Iluminat;;prelungitor;9,1;;2;4;1;NU;fara forma de intentie clara
priza inteligenta;Iluminat;;priza inteligenta;9,1;;2;0;1;NU;fara forma de intentie clara
priza inteligenta altex;Iluminat;;priza inteligenta;9,1;;3;4;1;NU;termen de magazin
priza inteligenta dedeman;Iluminat;;priza inteligenta;9,1;;3;2;1;NU;termen de magazin
priza inteligenta exterior;Iluminat;;priza inteligenta;9,1;;3;5;1;NU;fara forma de intentie clara
priza inteligenta hornbach;Iluminat;;priza inteligenta;9,1;;3;9;1;NU;fara forma de intentie clara
priza inteligenta programabila;Iluminat;;priza inteligenta;9,1;;3;6;1;NU;fara forma de intentie clara
priza inteligenta tapo;Iluminat;;priza inteligenta;9,1;;3;3;1;NU;fara forma de intentie clara
priza inteligenta wifi;Iluminat;;priza inteligenta;9,1;;3;1;1;NU;fara forma de intentie clara
priza inteligenta wifi tp link tapo p110;Iluminat;;priza inteligenta;9,1;;7;7;1;NU;cod de model
priza inteligenta xiaomi;Iluminat;;priza inteligenta;9,1;;3;8;1;NU;nume de brand
proiector led exterior;Iluminat;;proiector led exterior;9,1;;3;0;1;NU;fara forma de intentie clara
proiector led exterior 100w;Iluminat;;proiector led exterior;9,1;;4;6;1;NU;cod de model
proiector led exterior cu senzor dedeman;Iluminat;segment;proiector led exterior;9,1;;6;7;1;NU;termen de magazin
proiector led exterior dedeman;Iluminat;;proiector led exterior;9,1;;4;1;1;NU;termen de magazin
proiector led exterior hornbach;Iluminat;;proiector led exterior;9,1;;4;9;1;NU;fara forma de intentie clara
proiector led exterior leroy merlin;Iluminat;;proiector led exterior;9,1;;5;3;1;NU;fara forma de intentie clara
proiector led exterior puternic;Iluminat;;proiector led exterior;9,1;;4;8;1;NU;fara forma de intentie clara
proiector led exterior solar;Iluminat;;proiector led exterior;9,1;;4;2;1;NU;fara forma de intentie clara
proiector led pentru exterior philips lois;Iluminat;segment;proiector led exterior;9,1;;6;1;1;NU;nume de brand
sonerie wireless;Iluminat;;sonerie wireless;9,1;;2;0;1;NU;fara forma de intentie clara
sonerie wireless altex;Iluminat;;sonerie wireless;9,1;;3;7;1;NU;termen de magazin
sonerie wireless cu.monitor;Iluminat;;sonerie wireless;9,1;;3;9;1;NU;fara forma de intentie clara
sonerie wireless dedeman;Iluminat;;sonerie wireless;9,1;;3;2;1;NU;termen de magazin
sonerie wireless exterior;Iluminat;;sonerie wireless;9,1;;3;5;1;NU;fara forma de intentie clara
sonerie wireless hornbach;Iluminat;;sonerie wireless;9,1;;3;9;1;NU;fara forma de intentie clara
sonerie wireless ip 44 distanta 260m pentru exterior kit de montaj cu baterii;Iluminat;segment;sonerie wireless;9,1;;13;8;1;NU;prea lung (titlu de produs)
sonerie wireless leroy merlin;Iluminat;;sonerie wireless;9,1;;4;4;1;NU;fara forma de intentie clara
spot led;Iluminat;;spot led;9,1;;2;0;1;NU;fara forma de intentie clara
spot led 12v;Iluminat;;spot led;9,1;;3;7;1;NU;fara forma de intentie clara
spot led aplicat;Iluminat;;spot led;9,1;;3;3;1;NU;fara forma de intentie clara
spot led cuadrado;Iluminat;;spot led;9,1;;3;4;1;NU;fara forma de intentie clara
spot led cuisine;Iluminat;;spot led;9,1;;3;2;1;NU;fara forma de intentie clara
spot led cuisine encastrable;Iluminat;;spot led;9,1;;4;5;1;NU;fara forma de intentie clara
spot led cuisine sous meuble;Iluminat;;spot led;9,1;;5;3;1;NU;fara forma de intentie clara
spot led dedeman;Iluminat;;spot led;9,1;;3;5;1;NU;termen de magazin
spot led encastrable meuble cuisine;Iluminat;;spot led;9,1;;5;7;1;NU;fara forma de intentie clara
spot led exterior;Iluminat;;spot led;9,1;;3;4;1;NU;fara forma de intentie clara
spot led exterior incastrabil;Iluminat;;spot led;9,1;;4;9;1;NU;fara forma de intentie clara
spot led incastrat;Iluminat;;spot led;9,1;;3;1;1;NU;fara forma de intentie clara
spot led incastrat dedeman;Iluminat;;spot led;9,1;;4;2;1;NU;termen de magazin
spot led incastrat leroy merlin;Iluminat;;spot led;9,1;;5;6;1;NU;fara forma de intentie clara
spot led leroy merlin;Iluminat;;spot led;9,1;;4;8;1;NU;fara forma de intentie clara
spot led meuble cuisine;Iluminat;;spot led;9,1;;4;6;1;NU;fara forma de intentie clara
spot led sauna;Iluminat;;spot led;9,1;;3;0;1;NU;fara forma de intentie clara
veioza;Iluminat;;veioza;9,1;;1;0;1;NU;fara forma de intentie clara
veioza birou;Iluminat;;veioza;9,1;;2;2;1;NU;fara forma de intentie clara
veioza dedeman;Iluminat;;veioza;9,1;;2;5;1;NU;termen de magazin
veioza din sare;Iluminat;;veioza;9,1;;3;8;1;NU;fara forma de intentie clara
veioza dormitor;Iluminat;;veioza;9,1;;2;1;1;NU;fara forma de intentie clara
veioza ikea;Iluminat;;veioza;9,1;;2;4;1;NU;fara forma de intentie clara
veioza jysk;Iluminat;;veioza;9,1;;2;7;1;NU;fara forma de intentie clara
veioza pepco;Iluminat;;veioza;9,1;;2;6;1;NU;fara forma de intentie clara
aer conditionat;Incalzire;;aer conditionat;4,8;;2;0;1;NU;fara forma de intentie clara
aer conditionat 12000 btu;Incalzire;;aer conditionat;4,8;;4;2;1;NU;fara forma de intentie clara
aer conditionat 18000 btu;Incalzire;;aer conditionat;4,8;;4;3;1;NU;fara forma de intentie clara
aer conditionat 24000 btu;Incalzire;;aer conditionat;4,8;;4;6;1;NU;fara forma de intentie clara
aer conditionat 9000 btu;Incalzire;;aer conditionat;4,8;;4;7;1;NU;fara forma de intentie clara
aer conditionat altex;Incalzire;;aer conditionat;4,8;;3;4;1;NU;termen de magazin
aer conditionat cu montaj inclus altex;Incalzire;segment;aer conditionat;4,8;;6;2;1;NU;termen de magazin
aer conditionat cu montaj inclus dedeman;Incalzire;segment;aer conditionat;4,8;;6;0;1;NU;termen de magazin
aer conditionat dedeman;Incalzire;;aer conditionat;4,8;;3;5;1;NU;termen de magazin
aer conditionat hisense pareri;Incalzire;recenzie;aer conditionat;4,8;;4;9;1;NU;nume de brand
aer conditionat ieftin altex;Incalzire;pret;aer conditionat;4,8;;4;4;1;NU;termen de magazin
aer conditionat ieftin dedeman;Incalzire;pret;aer conditionat;4,8;;4;5;1;NU;termen de magazin
aer conditionat ieftin olx;Incalzire;pret;aer conditionat;4,8;;4;6;1;NU;termen de magazin
aer conditionat portabil;Incalzire;;aer conditionat;4,8;;3;1;1;NU;fara forma de intentie clara
aer conditionat saunier duval;Incalzire;;aer conditionat;4,8;;4;3;1;NU;nume de brand
aer conditionat tcl pareri;Incalzire;recenzie;aer conditionat;4,8;;4;8;1;NU;nume de brand
aeroterma;Incalzire;;aeroterma;4,8;;1;0;1;NU;fara forma de intentie clara
aeroterma aer cald;Incalzire;;aeroterma;4,8;;3;6;1;NU;fara forma de intentie clara
aeroterma aer cald si rece;Incalzire;;aeroterma;4,8;;5;9;1;NU;fara forma de intentie clara
aeroterma aer rece;Incalzire;;aeroterma;4,8;;3;3;1;NU;fara forma de intentie clara
aeroterma altex;Incalzire;;aeroterma;4,8;;2;7;1;NU;termen de magazin
aeroterma auto;Incalzire;;aeroterma;4,8;;2;4;1;NU;fara forma de intentie clara
aeroterma caldura;Incalzire;;aeroterma;4,8;;2;8;1;NU;fara forma de intentie clara
aeroterma de perete;Incalzire;;aeroterma;4,8;;3;5;1;NU;fara forma de intentie clara
aeroterma dedeman;Incalzire;;aeroterma;4,8;;2;2;1;NU;termen de magazin
aeroterma electrica;Incalzire;;aeroterma;4,8;;2;1;1;NU;fara forma de intentie clara
aeroterma pentru masina dedeman;Incalzire;segment;aeroterma;4,8;;4;3;1;NU;termen de magazin
aeroterma sau;Incalzire;;aeroterma;4,8;;2;7;1;NU;fara forma de intentie clara
baterie de bucatarie;Incalzire;;baterie de bucatarie;5,8;;3;0;1;NU;fara forma de intentie clara
baterie de bucatarie dedeman;Incalzire;;baterie de bucatarie;5,8;;4;2;1;NU;termen de magazin
baterie de bucatarie flexibila;Incalzire;;baterie de bucatarie;5,8;;4;1;1;NU;fara forma de intentie clara
baterie de bucatarie franke;Incalzire;;baterie de bucatarie;5,8;;4;6;1;NU;fara forma de intentie clara
baterie de bucatarie grohe;Incalzire;;baterie de bucatarie;5,8;;4;5;1;NU;fara forma de intentie clara
baterie de bucatarie hornbach;Incalzire;;baterie de bucatarie;5,8;;4;9;1;NU;fara forma de intentie clara
baterie pentru bucatarie cu pipa flexibila sanitec sn 0017 monocomanda;Incalzire;segment;baterie de bucatarie;5,8;;10;8;1;NU;prea lung (titlu de produs)
baterie pentru bucatarie dedeman;Incalzire;segment;baterie de bucatarie;5,8;;4;7;1;NU;termen de magazin
boiler;Incalzire;;boiler;5,8;;1;2;1;NU;fara forma de intentie clara
boiler cu 2 serpentine dedeman;Incalzire;segment;boiler;5,8;;5;9;1;NU;termen de magazin
boiler cu pompa de caldura 200l;Incalzire;segment;boiler;5,8;;6;6;1;NU;cod de model
boiler cu serpentina pentru centrala pe lemne dedeman;Incalzire;segment;boiler;5,8;;8;7;1;NU;termen de magazin
boiler electric;Incalzire;;boiler;5,8;;2;0;1;NU;fara forma de intentie clara
boiler electric 100l;Incalzire;;boiler;5,8;;3;9;1;NU;cod de model
boiler electric 50l;Incalzire;;boiler;5,8;;3;6;1;NU;fara forma de intentie clara
boiler electric 80 l;Incalzire;;boiler;5,8;;4;3;1;NU;fara forma de intentie clara
boiler electric 80 l dedeman;Incalzire;;boiler;5,8;;5;7;1;NU;termen de magazin
boiler electric dedeman;Incalzire;;boiler;5,8;;3;4;1;NU;termen de magazin
boiler ieftin dedeman;Incalzire;pret;boiler;5,8;;3;1;1;NU;termen de magazin
boiler pe lemne;Incalzire;;boiler;5,8;;3;1;1;NU;fara forma de intentie clara
boiler pentru centrala pe lemne dedeman;Incalzire;segment;boiler;5,8;;6;2;1;NU;termen de magazin
boiler pentru pompa de caldura 200l;Incalzire;segment;boiler;5,8;;6;9;1;NU;cod de model
boiler sau instant;Incalzire;comparatie;boiler;5,8;;3;0;1;NU;nume de brand
boiler sauna;Incalzire;;boiler;5,8;;2;1;1;NU;fara forma de intentie clara
boiler sauna berlin;Incalzire;;boiler;5,8;;3;4;1;NU;fara forma de intentie clara
boiler sauna berlin photos;Incalzire;;boiler;5,8;;4;7;1;NU;fara forma de intentie clara
boiler sauna berlin reviews;Incalzire;;boiler;5,8;;4;8;1;NU;fara forma de intentie clara
boiler sauna dublin;Incalzire;;boiler;5,8;;3;9;1;NU;fara forma de intentie clara
boiler sauna preise;Incalzire;;boiler;5,8;;3;3;1;NU;fara forma de intentie clara
boiler saunier duval;Incalzire;;boiler;5,8;;3;6;1;NU;nume de brand
boiler sauter;Incalzire;;boiler;5,8;;2;2;1;NU;fara forma de intentie clara
boiler solar;Incalzire;;boiler;5,8;;2;5;1;NU;fara forma de intentie clara
boiler termoelectric;Incalzire;;boiler;5,8;;2;8;1;NU;fara forma de intentie clara
cabina de dus;Incalzire;;cabina de dus;5,8;;3;0;1;NU;fara forma de intentie clara
cabina de dus 80x80;Incalzire;;cabina de dus;5,8;;4;5;1;NU;fara forma de intentie clara
cabina de dus 90x90;Incalzire;;cabina de dus;5,8;;4;4;1;NU;fara forma de intentie clara
cabina de dus brico depot;Incalzire;;cabina de dus;5,8;;5;8;1;NU;fara forma de intentie clara
cabina de dus completa;Incalzire;;cabina de dus;5,8;;4;9;1;NU;fara forma de intentie clara
cabina de dus cu cada dedeman;Incalzire;segment;cabina de dus;5,8;;6;5;1;NU;termen de magazin
cabina de dus cu sauna dedeman;Incalzire;segment;cabina de dus;5,8;;6;1;1;NU;termen de magazin
cabina de dus dedeman;Incalzire;;cabina de dus;5,8;;4;1;1;NU;termen de magazin
cabina de dus ieftina dedeman;Incalzire;pret;cabina de dus;5,8;;5;1;1;NU;termen de magazin
cabina de dus leroy merlin;Incalzire;;cabina de dus;5,8;;5;3;1;NU;fara forma de intentie clara
cabina de dus preturi ieftine;Incalzire;pret;cabina de dus;5,8;;5;2;1;NU;termen de magazin
cabina dus ieftina olx;Incalzire;pret;cabina de dus;5,8;;4;6;1;NU;termen de magazin
cabina dus pana in tavan;Incalzire;;cabina de dus;5,8;;5;0;1;NU;fara forma de intentie clara
calorifer electric;Incalzire;;calorifer electric;4,8;;2;0;1;NU;fara forma de intentie clara
calorifer electric altex;Incalzire;;calorifer electric;4,8;;3;5;1;NU;termen de magazin
calorifer electric baie;Incalzire;;calorifer electric;4,8;;3;2;1;NU;fara forma de intentie clara
calorifer electric baie dedeman;Incalzire;;calorifer electric;4,8;;4;9;1;NU;termen de magazin
calorifer electric cu ulei altex;Incalzire;segment;calorifer electric;4,8;;5;3;1;NU;termen de magazin
calorifer electric cu ulei dedeman;Incalzire;segment;calorifer electric;4,8;;5;2;1;NU;termen de magazin
calorifer electric de perete;Incalzire;;calorifer electric;4,8;;4;3;1;NU;fara forma de intentie clara
calorifer electric dedeman;Incalzire;;calorifer electric;4,8;;3;4;1;NU;termen de magazin
calorifer electric leroy merlin;Incalzire;;calorifer electric;4,8;;4;6;1;NU;fara forma de intentie clara
calorifer electric pe ulei;Incalzire;;calorifer electric;4,8;;4;8;1;NU;fara forma de intentie clara
calorifer electric pentru baie dedeman;Incalzire;segment;calorifer electric;4,8;;5;3;1;NU;termen de magazin
care este cea mai buna cabina de dus pareri;Incalzire;recenzie;cabina de dus;5,8;;9;1;1;NU;prea lung (titlu de produs)
cat consuma o aeroterma de 1000w;Incalzire;informational;aeroterma;4,8;;6;9;1;NU;cod de model
cat consuma o aeroterma de 1500w;Incalzire;informational;aeroterma;4,8;;6;7;1;NU;cod de model
cat consuma o aeroterma de 2000w;Incalzire;informational;aeroterma;4,8;;6;1;1;NU;cod de model
cat consuma o aeroterma de 2000w pe ora;Incalzire;informational;aeroterma;4,8;;8;2;1;NU;cod de model
cat consuma o aeroterma de 3000w;Incalzire;informational;aeroterma;4,8;;6;8;1;NU;cod de model
cat consuma o aeroterma de 400w;Incalzire;informational;aeroterma;4,8;;6;3;1;NU;cod de model
cat consuma o centrala termica pe gaz de 24 kw;Incalzire;informational;centrala termica;5,8;;10;1;1;NU;prea lung (titlu de produs)
cat consuma o pompa de caldura aer apa forum;Incalzire;informational;pompa de caldura;5,8;;9;3;1;NU;prea lung (titlu de produs)
cat consuma un aer conditionat de 12000 btu pe ora;Incalzire;informational;aer conditionat;4,8;;10;2;1;NU;prea lung (titlu de produs)
cat consuma un aer conditionat de 18000 btu pe ora;Incalzire;informational;aer conditionat;4,8;;10;6;1;NU;prea lung (titlu de produs)
cat consuma un boiler electric de 100l pe luna;Incalzire;informational;boiler;5,8;;9;2;1;NU;prea lung (titlu de produs)
cat consuma un boiler electric de 2000w;Incalzire;informational;boiler;5,8;;7;5;1;NU;cod de model
cat consuma un boiler electric de 50 litri pe luna;Incalzire;informational;boiler;5,8;;10;1;1;NU;prea lung (titlu de produs)
cat consuma un boiler electric de 80 litri pe luna;Incalzire;informational;boiler;5,8;;10;3;1;NU;prea lung (titlu de produs)
cat consuma un calorifer electric 3000w;Incalzire;informational;calorifer electric;4,8;;6;8;1;NU;cod de model
cat consuma un calorifer electric de 1500w;Incalzire;informational;calorifer electric;4,8;;7;7;1;NU;cod de model
cat consuma un calorifer electric de 2000w;Incalzire;informational;calorifer electric;4,8;;7;4;1;NU;cod de model
cat consuma un calorifer electric de 2500w;Incalzire;informational;calorifer electric;4,8;;7;3;1;NU;cod de model
cat consuma un convector electric de 2000w;Incalzire;informational;convector electric;4,8;;7;1;1;NU;cod de model
cat curent electric consuma o centrala termica pe gaz;Incalzire;informational;centrala termica;5,8;;9;8;1;NU;prea lung (titlu de produs)
ce aer conditionat sa cumpar;Incalzire;;aer conditionat;4,8;;5;0;1;NU;fara forma de intentie clara
ce boiler electric sa cumpar;Incalzire;;boiler;5,8;;5;0;1;NU;fara forma de intentie clara
ce centrala termica sa cumpar;Incalzire;;centrala termica;5,8;;5;0;1;NU;fara forma de intentie clara
ce chiuveta de bucatarie sa cumpar forum;Incalzire;;chiuveta;5,8;;7;0;1;NU;fara forma de intentie clara
ce dezumidificator sa cumpar;Incalzire;;dezumidificator;4,8;;4;0;1;NU;fara forma de intentie clara
ce panouri solare sa cumpar;Incalzire;;panouri solare;5,8;;5;0;1;NU;fara forma de intentie clara
cel mai bun aer conditionat portabil fara furtun evacuare;Incalzire;roundup;aer conditionat;4,8;;9;6;1;NU;prea lung (titlu de produs)
cel mai bun dezumidificator altex;Incalzire;roundup;dezumidificator;4,8;;5;7;1;NU;termen de magazin
cel mai bun filtru anticalcar centrala termica dedeman;Incalzire;roundup;centrala termica;5,8;;8;5;1;NU;termen de magazin
cel mai bun stabilizator de tensiune pentru centrala termica;Incalzire;roundup;centrala termica;5,8;;9;6;1;NU;prea lung (titlu de produs)
cel mai bun uscator rufe cu pompa de caldura;Incalzire;roundup;pompa de caldura;5,8;;9;1;1;NU;prea lung (titlu de produs)
cele mai bune uscatoare de rufe cu pompa de caldura;Incalzire;roundup;pompa de caldura;5,8;;10;1;1;NU;prea lung (titlu de produs)
centrala termica;Incalzire;;centrala termica;5,8;;2;3;1;NU;fara forma de intentie clara
centrala termica ariston;Incalzire;;centrala termica;5,8;;3;4;1;NU;fara forma de intentie clara
centrala termica cele mai bune;Incalzire;;centrala termica;5,8;;5;1;1;NU;fara forma de intentie clara
centrala termica cu tiraj natural dedeman;Incalzire;segment;centrala termica;5,8;;6;2;1;NU;termen de magazin
centrala termica electrica;Incalzire;;centrala termica;5,8;;3;5;1;NU;fara forma de intentie clara
centrala termica immergas;Incalzire;;centrala termica;5,8;;3;9;1;NU;fara forma de intentie clara
centrala termica pe gaz;Incalzire;;centrala termica;5,8;;4;0;1;NU;fara forma de intentie clara
centrala termica pe gaz 24 kw;Incalzire;;centrala termica;5,8;;6;2;1;NU;fara forma de intentie clara
centrala termica pe gaz 24 kw dedeman;Incalzire;;centrala termica;5,8;;7;1;1;NU;termen de magazin
centrala termica pe gaz pentru casa de 150 mp;Incalzire;segment;centrala termica;5,8;;9;7;1;NU;prea lung (titlu de produs)
centrala termica pe gaz saunier duval;Incalzire;;centrala termica;5,8;;6;6;1;NU;nume de brand
centrala termica pe lemne;Incalzire;;centrala termica;5,8;;4;6;1;NU;fara forma de intentie clara
centrala termica saunier duval;Incalzire;;centrala termica;5,8;;4;0;1;NU;nume de brand
centrala termica saunier duval 24 kw;Incalzire;;centrala termica;5,8;;6;1;1;NU;nume de brand
centrala termica saunier duval 35 kw;Incalzire;;centrala termica;5,8;;6;4;1;NU;nume de brand
centrala termica saunier duval pret;Incalzire;;centrala termica;5,8;;5;5;1;NU;nume de brand
centrala termica saunier duval semiatek condens 28 kw pareri;Incalzire;recenzie;centrala termica;5,8;;9;3;1;NU;prea lung (titlu de produs)
centrala termica saunier duval thema classic f24e manual;Incalzire;;centrala termica;5,8;;8;2;1;NU;cod de model
centrala termica vaillant;Incalzire;;centrala termica;5,8;;3;7;1;NU;fara forma de intentie clara
centrala termica viessmann;Incalzire;;centrala termica;5,8;;3;8;1;NU;fara forma de intentie clara
chiuveta;Incalzire;;chiuveta;5,8;;1;3;1;NU;fara forma de intentie clara
chiuveta baie;Incalzire;;chiuveta;5,8;;2;1;1;NU;fara forma de intentie clara
chiuveta baie dedeman;Incalzire;;chiuveta;5,8;;3;4;1;NU;termen de magazin
chiuveta baie ieftina dedeman;Incalzire;pret;chiuveta;5,8;;4;7;1;NU;termen de magazin
chiuveta bucatarie;Incalzire;;chiuveta;5,8;;2;0;1;NU;fara forma de intentie clara
chiuveta bucatarie dedeman;Incalzire;;chiuveta;5,8;;3;2;1;NU;termen de magazin
chiuveta bucatarie granit;Incalzire;;chiuveta;5,8;;3;8;1;NU;fara forma de intentie clara
chiuveta bucatarie ieftina dedeman;Incalzire;pret;chiuveta;5,8;;4;8;1;NU;termen de magazin
chiuveta bucatarie inox;Incalzire;;chiuveta;5,8;;3;7;1;NU;fara forma de intentie clara
chiuveta curte;Incalzire;;chiuveta;5,8;;2;5;1;NU;fara forma de intentie clara
chiuveta exterior;Incalzire;;chiuveta;5,8;;2;9;1;NU;fara forma de intentie clara
chiuveta ieftina dedeman;Incalzire;pret;chiuveta;5,8;;3;3;1;NU;termen de magazin
chiuveta multifunctionala;Incalzire;;chiuveta;5,8;;2;5;1;NU;fara forma de intentie clara
convector electric;Incalzire;;convector electric;4,8;;2;0;1;NU;fara forma de intentie clara
convector electric 1000w;Incalzire;;convector electric;4,8;;3;5;1;NU;cod de model
convector electric 2000w;Incalzire;;convector electric;4,8;;3;6;1;NU;cod de model
convector electric 500w;Incalzire;;convector electric;4,8;;3;4;1;NU;cod de model
convector electric altex;Incalzire;;convector electric;4,8;;3;1;1;NU;termen de magazin
convector electric baie;Incalzire;;convector electric;4,8;;3;9;1;NU;fara forma de intentie clara
convector electric brico depot;Incalzire;;convector electric;4,8;;4;8;1;NU;fara forma de intentie clara
convector electric leroy merlin;Incalzire;;convector electric;4,8;;4;2;1;NU;fara forma de intentie clara
convector electric tesy;Incalzire;;convector electric;4,8;;3;3;1;NU;fara forma de intentie clara
convector electric tesy 2000w;Incalzire;;convector electric;4,8;;4;7;1;NU;cod de model
dezumidificator;Incalzire;;dezumidificator;4,8;;1;0;1;NU;fara forma de intentie clara
dezumidificator alecoair;Incalzire;;dezumidificator;4,8;;2;4;1;NU;fara forma de intentie clara
dezumidificator altex;Incalzire;;dezumidificator;4,8;;2;1;1;NU;termen de magazin
dezumidificator camera;Incalzire;;dezumidificator;4,8;;2;3;1;NU;fara forma de intentie clara
dezumidificator cat consuma;Incalzire;;dezumidificator;4,8;;3;5;1;NU;fara forma de intentie clara
dezumidificator dedeman;Incalzire;;dezumidificator;4,8;;2;2;1;NU;termen de magazin
dezumidificator emag;Incalzire;;dezumidificator;4,8;;2;6;1;NU;termen de magazin
dezumidificator industrial;Incalzire;;dezumidificator;4,8;;2;9;1;NU;fara forma de intentie clara
dezumidificator leroy merlin;Incalzire;;dezumidificator;4,8;;3;8;1;NU;fara forma de intentie clara
dezumidificator pret ieftin;Incalzire;pret;dezumidificator;4,8;;3;4;1;NU;termen de magazin
dezumidificator sauna;Incalzire;;dezumidificator;4,8;;2;3;1;NU;fara forma de intentie clara
dezumidificator si purificator;Incalzire;;dezumidificator;4,8;;3;5;1;NU;fara forma de intentie clara
dezumidificator si purificator aer;Incalzire;;dezumidificator;4,8;;4;7;1;NU;fara forma de intentie clara
panouri solare;Incalzire;;panouri solare;5,8;;2;0;1;NU;fara forma de intentie clara
panouri solare apa calda;Incalzire;;panouri solare;5,8;;4;1;1;NU;fara forma de intentie clara
panouri solare apa calda presurizate;Incalzire;;panouri solare;5,8;;5;6;1;NU;fara forma de intentie clara
panouri solare curent;Incalzire;;panouri solare;5,8;;3;1;1;NU;fara forma de intentie clara
panouri solare dedeman;Incalzire;;panouri solare;5,8;;3;5;1;NU;termen de magazin
panouri solare fotovoltaice;Incalzire;;panouri solare;5,8;;3;4;1;NU;fara forma de intentie clara
panouri solare ieftine pret;Incalzire;pret;panouri solare;5,8;;4;3;1;NU;termen de magazin
panouri solare presurizate;Incalzire;;panouri solare;5,8;;3;2;1;NU;fara forma de intentie clara
panouri solare pret;Incalzire;;panouri solare;5,8;;3;3;1;NU;termen de magazin
panouri solare rusu;Incalzire;;panouri solare;5,8;;3;7;1;NU;fara forma de intentie clara
pareri aeroterma auto;Incalzire;;aeroterma;4,8;;3;1;1;NU;fara forma de intentie clara
pareri boiler electric;Incalzire;;boiler;5,8;;3;1;1;NU;fara forma de intentie clara
pareri boiler ferroli;Incalzire;;boiler;5,8;;3;4;1;NU;fara forma de intentie clara
pareri boiler midea;Incalzire;;boiler;5,8;;3;5;1;NU;fara forma de intentie clara
pareri boiler tesy;Incalzire;;boiler;5,8;;3;2;1;NU;fara forma de intentie clara
pareri chiuveta compozit;Incalzire;;chiuveta;5,8;;3;3;1;NU;fara forma de intentie clara
pareri chiuveta granit;Incalzire;;chiuveta;5,8;;3;2;1;NU;fara forma de intentie clara
pareri chiuveta ineo;Incalzire;;chiuveta;5,8;;3;4;1;NU;fara forma de intentie clara
pareri chiuveta multifunctionala;Incalzire;;chiuveta;5,8;;3;0;1;NU;fara forma de intentie clara
pareri chiuveta neagra;Incalzire;;chiuveta;5,8;;3;1;1;NU;fara forma de intentie clara
pareri dezumidificator alecoair;Incalzire;;dezumidificator;4,8;;3;2;1;NU;fara forma de intentie clara
pareri dezumidificator turbionaire;Incalzire;;dezumidificator;4,8;;3;3;1;NU;fara forma de intentie clara
pareri umidificator aer;Incalzire;;umidificator;4,8;;3;1;1;NU;fara forma de intentie clara
pentru cabina de dus;Incalzire;;cabina de dus;5,8;;4;9;1;NU;fara forma de intentie clara
pompa de caldura;Incalzire;;pompa de caldura;5,8;;3;0;1;NU;fara forma de intentie clara
pompa de caldura aer aer;Incalzire;;pompa de caldura;5,8;;5;2;1;NU;fara forma de intentie clara
pompa de caldura aer apa;Incalzire;;pompa de caldura;5,8;;5;1;1;NU;fara forma de intentie clara
pompa de caldura apa apa;Incalzire;;pompa de caldura;5,8;;5;5;1;NU;fara forma de intentie clara
pompa de caldura apartament;Incalzire;;pompa de caldura;5,8;;4;8;1;NU;fara forma de intentie clara
pompa de caldura ariston;Incalzire;;pompa de caldura;5,8;;4;6;1;NU;fara forma de intentie clara
pompa de caldura cu calorifere pret;Incalzire;segment;pompa de caldura;5,8;;6;0;1;NU;termen de magazin
pompa de caldura daikin;Incalzire;;pompa de caldura;5,8;;4;9;1;NU;fara forma de intentie clara
pompa de caldura monobloc;Incalzire;;pompa de caldura;5,8;;4;7;1;NU;fara forma de intentie clara
pompa de caldura piscina;Incalzire;;pompa de caldura;5,8;;4;3;1;NU;fara forma de intentie clara
pompa de caldura pret;Incalzire;;pompa de caldura;5,8;;4;4;1;NU;termen de magazin
pompa de caldura samsung pareri;Incalzire;recenzie;pompa de caldura;5,8;;5;9;1;NU;nume de brand
purificator de aer;Incalzire;;purificator de aer;4,8;;3;0;1;NU;fara forma de intentie clara
purificator de aer altex;Incalzire;;purificator de aer;4,8;;4;8;1;NU;termen de magazin
purificator de aer dyson;Incalzire;;purificator de aer;4,8;;4;2;1;NU;fara forma de intentie clara
purificator de aer md;Incalzire;;purificator de aer;4,8;;4;9;1;NU;fara forma de intentie clara
purificator de aer philips;Incalzire;;purificator de aer;4,8;;4;3;1;NU;nume de brand
purificator de aer xiaomi;Incalzire;;purificator de aer;4,8;;4;4;1;NU;nume de brand
purificator de aer xiaomi air purifier 4 compact;Incalzire;;purificator de aer;4,8;;8;5;1;NU;nume de brand
purificator de aer xiaomi smart air purifier 4;Incalzire;;purificator de aer;4,8;;8;6;1;NU;nume de brand
purificator de aer xiaomi smart air purifier 4 lite;Incalzire;;purificator de aer;4,8;;9;7;1;NU;prea lung (titlu de produs)
reglare presiune centrala termica saunier duval;Incalzire;;centrala termica;5,8;;6;7;1;NU;nume de brand
termostat de calorifer electric sau radiatoare 220v putere 16a;Incalzire;comparatie;calorifer electric;4,8;;9;8;1;NU;prea lung (titlu de produs)
umidificator;Incalzire;;umidificator;4,8;;1;0;1;NU;fara forma de intentie clara
umidificator altex;Incalzire;;umidificator;4,8;;2;4;1;NU;termen de magazin
umidificator camera;Incalzire;;umidificator;4,8;;2;1;1;NU;fara forma de intentie clara
umidificator camera altex;Incalzire;;umidificator;4,8;;3;3;1;NU;termen de magazin
umidificator camera cele mai bune;Incalzire;;umidificator;4,8;;5;0;1;NU;fara forma de intentie clara
umidificator camera copii;Incalzire;;umidificator;4,8;;3;7;1;NU;fara forma de intentie clara
umidificator camera dedeman;Incalzire;;umidificator;4,8;;3;5;1;NU;termen de magazin
umidificator de aer;Incalzire;;umidificator;4,8;;3;2;1;NU;fara forma de intentie clara
umidificator dedeman;Incalzire;;umidificator;4,8;;2;8;1;NU;termen de magazin
umidificator dyson;Incalzire;;umidificator;4,8;;2;9;1;NU;fara forma de intentie clara
umidificator philips;Incalzire;;umidificator;4,8;;2;6;1;NU;nume de brand
umidificator philips pareri;Incalzire;recenzie;umidificator;4,8;;3;9;1;NU;nume de brand
umidificator sauna;Incalzire;;umidificator;4,8;;2;5;1;NU;fara forma de intentie clara
apa de parfum pentru barbati defy 50 ml calvin klein;Ingrijire;segment;parfum barbati;5,6;;10;7;1;NU;prea lung (titlu de produs)
aparat de masaj;Ingrijire;;aparat de masaj;6,7;;3;0;1;NU;fara forma de intentie clara
aparat de masaj altex;Ingrijire;;aparat de masaj;6,7;;4;7;1;NU;termen de magazin
aparat de masaj anticelulitic;Ingrijire;;aparat de masaj;6,7;;4;3;1;NU;fara forma de intentie clara
aparat de masaj celulita;Ingrijire;;aparat de masaj;6,7;;4;9;1;NU;fara forma de intentie clara
aparat de masaj cervical;Ingrijire;;aparat de masaj;6,7;;4;1;1;NU;fara forma de intentie clara
aparat de masaj facial;Ingrijire;;aparat de masaj;6,7;;4;5;1;NU;fara forma de intentie clara
aparat de masaj limfatic;Ingrijire;;aparat de masaj;6,7;;4;6;1;NU;fara forma de intentie clara
aparat de masaj picioare;Ingrijire;;aparat de masaj;6,7;;4;2;1;NU;fara forma de intentie clara
aparat de masaj spate;Ingrijire;;aparat de masaj;6,7;;4;4;1;NU;fara forma de intentie clara
aparat de ras;Ingrijire;;aparat de ras;6,7;;3;0;1;NU;fara forma de intentie clara
aparat de ras barbati;Ingrijire;;aparat de ras;6,7;;4;4;1;NU;fara forma de intentie clara
aparat de ras braun;Ingrijire;;aparat de ras;6,7;;4;8;1;NU;nume de brand
aparat de ras electric;Ingrijire;;aparat de ras;6,7;;4;1;1;NU;fara forma de intentie clara
aparat de ras electric barbati;Ingrijire;;aparat de ras;6,7;;5;9;1;NU;fara forma de intentie clara
aparat de ras electric femei;Ingrijire;;aparat de ras;6,7;;5;7;1;NU;fara forma de intentie clara
aparat de ras femei;Ingrijire;;aparat de ras;6,7;;4;3;1;NU;fara forma de intentie clara
aparat de ras gillette;Ingrijire;;aparat de ras;6,7;;4;6;1;NU;fara forma de intentie clara
aparat de ras in cap;Ingrijire;;aparat de ras;6,7;;5;0;1;NU;fara forma de intentie clara
aparat de ras in cap altex;Ingrijire;;aparat de ras;6,7;;6;8;1;NU;termen de magazin
aparat de ras in engleza;Ingrijire;;aparat de ras;6,7;;5;9;1;NU;fara forma de intentie clara
aparat de ras in nas;Ingrijire;;aparat de ras;6,7;;5;1;1;NU;fara forma de intentie clara
aparat de ras inghinal;Ingrijire;;aparat de ras;6,7;;4;3;1;NU;fara forma de intentie clara
aparat de ras inghinal barbati;Ingrijire;;aparat de ras;6,7;;5;6;1;NU;fara forma de intentie clara
aparat de ras inghinal femei;Ingrijire;;aparat de ras;6,7;;5;4;1;NU;fara forma de intentie clara
aparat de ras intim;Ingrijire;;aparat de ras;6,7;;4;2;1;NU;fara forma de intentie clara
aparat de ras intim barbati;Ingrijire;;aparat de ras;6,7;;5;5;1;NU;fara forma de intentie clara
aparat de ras intim femei;Ingrijire;;aparat de ras;6,7;;5;7;1;NU;fara forma de intentie clara
aparat de ras pentru cap philips;Ingrijire;segment;aparat de ras;6,7;;6;4;1;NU;nume de brand
aparat de ras pentru femei altex;Ingrijire;segment;aparat de ras;6,7;;6;9;1;NU;termen de magazin
aparat de ras pentru femei philips seria 8000 brl147/00;Ingrijire;segment;aparat de ras;6,7;;9;7;1;NU;prea lung (titlu de produs)
aparat de ras philips;Ingrijire;;aparat de ras;6,7;;4;2;1;NU;nume de brand
aparat de ras philips altex;Ingrijire;;aparat de ras;6,7;;5;5;1;NU;nume de brand
aparat de tuns;Ingrijire;;aparat de tuns;6,7;;3;0;1;NU;fara forma de intentie clara
aparat de tuns barba;Ingrijire;;aparat de tuns;6,7;;4;2;1;NU;fara forma de intentie clara
aparat de tuns barba philips;Ingrijire;;aparat de tuns;6,7;;5;9;1;NU;nume de brand
aparat de tuns caini;Ingrijire;;aparat de tuns;6,7;;4;1;1;NU;fara forma de intentie clara
aparat de tuns cu fir philips;Ingrijire;segment;aparat de tuns;6,7;;6;9;1;NU;nume de brand
aparat de tuns cu vacuum rowenta;Ingrijire;segment;aparat de tuns;6,7;;6;5;1;NU;nume de brand
aparat de tuns engleza;Ingrijire;;aparat de tuns;6,7;;4;6;1;NU;fara forma de intentie clara
aparat de tuns iarba;Ingrijire;;aparat de tuns;6,7;;4;3;1;NU;fara forma de intentie clara
aparat de tuns iarba cu acumulator dedeman;Ingrijire;segment;aparat de tuns;6,7;;7;7;1;NU;termen de magazin
aparat de tuns in nas;Ingrijire;;aparat de tuns;6,7;;5;0;1;NU;fara forma de intentie clara
aparat de tuns in nas si urechi;Ingrijire;;aparat de tuns;6,7;;7;2;1;NU;fara forma de intentie clara
aparat de tuns in urechi;Ingrijire;;aparat de tuns;6,7;;5;7;1;NU;fara forma de intentie clara
aparat de tuns inghinal;Ingrijire;;aparat de tuns;6,7;;4;1;1;NU;fara forma de intentie clara
aparat de tuns inghinal barbati;Ingrijire;;aparat de tuns;6,7;;5;5;1;NU;fara forma de intentie clara
aparat de tuns inghinal femei;Ingrijire;;aparat de tuns;6,7;;5;4;1;NU;fara forma de intentie clara
aparat de tuns intim;Ingrijire;;aparat de tuns;6,7;;4;3;1;NU;fara forma de intentie clara
aparat de tuns intim barbati;Ingrijire;;aparat de tuns;6,7;;5;8;1;NU;fara forma de intentie clara
aparat de tuns intim femei;Ingrijire;;aparat de tuns;6,7;;5;9;1;NU;fara forma de intentie clara
aparat de tuns parul din nas;Ingrijire;;aparat de tuns;6,7;;6;5;1;NU;fara forma de intentie clara
aparat de tuns philips;Ingrijire;;aparat de tuns;6,7;;4;4;1;NU;nume de brand
aparat de tuns profesional;Ingrijire;;aparat de tuns;6,7;;4;6;1;NU;fara forma de intentie clara
cantar corporal;Ingrijire;;cantar corporal;6,7;;2;0;1;NU;fara forma de intentie clara
cantar corporal altex;Ingrijire;;cantar corporal;6,7;;3;2;1;NU;termen de magazin
cantar corporal bun;Ingrijire;;cantar corporal;6,7;;3;6;1;NU;fara forma de intentie clara
cantar corporal carrefour;Ingrijire;;cantar corporal;6,7;;3;8;1;NU;fara forma de intentie clara
cantar corporal cu ecran digital inteligent si aplicatie smart;Ingrijire;segment;cantar corporal;6,7;;9;0;1;NU;prea lung (titlu de produs)
cantar corporal emag;Ingrijire;;cantar corporal;6,7;;3;5;1;NU;termen de magazin
cantar corporal inteligent;Ingrijire;;cantar corporal;6,7;;3;1;1;NU;fara forma de intentie clara
cantar corporal lidl;Ingrijire;;cantar corporal;6,7;;3;7;1;NU;fara forma de intentie clara
cantar corporal mecanic;Ingrijire;;cantar corporal;6,7;;3;3;1;NU;fara forma de intentie clara
cantar corporal profesional;Ingrijire;;cantar corporal;6,7;;3;4;1;NU;fara forma de intentie clara
cantar corporal smart;Ingrijire;;cantar corporal;6,7;;3;9;1;NU;fara forma de intentie clara
ce dus bucal sa cumpar;Ingrijire;;dus bucal;6,7;;5;0;1;NU;fara forma de intentie clara
ce epilator sa cumpar;Ingrijire;;epilator;6,7;;4;0;1;NU;fara forma de intentie clara
ce periuta de dinti electrica sa cumpar;Ingrijire;;periuta de dinti electrica;6,7;;7;0;1;NU;fara forma de intentie clara
cel mai bun aparat de ras zona intima barbati;Ingrijire;roundup;aparat de ras;6,7;;9;6;1;NU;prea lung (titlu de produs)
cel mai bun aparat de tuns parul din nas;Ingrijire;roundup;aparat de tuns;6,7;;9;7;1;NU;prea lung (titlu de produs)
cel mai bun aparat de tuns philips;Ingrijire;roundup;aparat de tuns;6,7;;7;4;1;NU;nume de brand
cel mai bun dus bucal emag;Ingrijire;roundup;dus bucal;6,7;;6;9;1;NU;termen de magazin
cel mai bun dus bucal philips;Ingrijire;roundup;dus bucal;6,7;;6;5;1;NU;nume de brand
cel mai bun epilator braun;Ingrijire;roundup;epilator;6,7;;5;7;1;NU;nume de brand
cel mai bun parfum de dama de la sangado;Ingrijire;roundup;parfum dama;5,6;;9;5;1;NU;prea lung (titlu de produs)
cel mai bun uscator de par altex;Ingrijire;roundup;uscator de par;6,7;;7;5;1;NU;termen de magazin
cel mai bun uscator de par philips;Ingrijire;roundup;uscator de par;6,7;;7;7;1;NU;nume de brand
cele mai bun uscator de par;Ingrijire;;uscator de par;6,7;;6;0;1;NU;fara forma de intentie clara
cele mai bune sampoane;Ingrijire;roundup;sampon;8,4;;4;0;1;NU;nu contine radacina seedului
cele mai bune sampoane de par;Ingrijire;roundup;sampon;8,4;;6;1;1;NU;nu contine radacina seedului
crema cu protectie solara spf 50 pentru bebelusi 100 ml gamarde;Ingrijire;segment;crema cu protectie solara;8,4;;11;8;1;NU;prea lung (titlu de produs)
crema cu protectie solara spf 50 pentru fata anthelios age correct 50 ml la roche-posay;Ingrijire;segment;crema cu protectie solara;8,4;;15;0;1;NU;prea lung (titlu de produs)
crema cu protectie solara spf50+ color velvet 50ml frezyderm;Ingrijire;segment;crema cu protectie solara;8,4;;9;3;1;NU;prea lung (titlu de produs)
crema de fata;Ingrijire;;crema de fata;6,8;;3;1;1;NU;fara forma de intentie clara
crema de fata coreeana;Ingrijire;;crema de fata;6,8;;4;5;1;NU;fara forma de intentie clara
crema de fata hidratanta;Ingrijire;;crema de fata;6,8;;4;2;1;NU;fara forma de intentie clara
crema de fata la roche posay;Ingrijire;;crema de fata;6,8;;6;7;1;NU;fara forma de intentie clara
crema de fata serai;Ingrijire;;crema de fata;6,8;;4;9;1;NU;fara forma de intentie clara
crema de fata vichy;Ingrijire;;crema de fata;6,8;;4;4;1;NU;fara forma de intentie clara
crema de fata vichy peste 50 ani;Ingrijire;;crema de fata;6,8;;7;6;1;NU;fara forma de intentie clara
crema protectie solara pentru fata spf50+ elmiplant sensitive sun 50ml;Ingrijire;segment;crema cu protectie solara;8,4;;10;9;1;NU;prea lung (titlu de produs)
dus bucal;Ingrijire;;dus bucal;6,7;;2;0;1;NU;fara forma de intentie clara
dus bucal altex;Ingrijire;;dus bucal;6,7;;3;2;1;NU;termen de magazin
dus bucal cele mai bune;Ingrijire;;dus bucal;6,7;;5;0;1;NU;fara forma de intentie clara
dus bucal dm;Ingrijire;;dus bucal;6,7;;3;7;1;NU;fara forma de intentie clara
dus bucal dr max;Ingrijire;;dus bucal;6,7;;4;5;1;NU;fara forma de intentie clara
dus bucal dr mayer;Ingrijire;;dus bucal;6,7;;4;4;1;NU;fara forma de intentie clara
dus bucal emag;Ingrijire;;dus bucal;6,7;;3;6;1;NU;termen de magazin
dus bucal farmacia tei;Ingrijire;;dus bucal;6,7;;4;3;1;NU;fara forma de intentie clara
dus bucal lidl;Ingrijire;;dus bucal;6,7;;3;8;1;NU;fara forma de intentie clara
dus bucal panasonic;Ingrijire;;dus bucal;6,7;;3;9;1;NU;fara forma de intentie clara
dus bucal philips;Ingrijire;;dus bucal;6,7;;3;1;1;NU;nume de brand
epilator;Ingrijire;;epilator;6,7;;1;0;1;NU;fara forma de intentie clara
epilator altex;Ingrijire;;epilator;6,7;;2;7;1;NU;termen de magazin
epilator braun;Ingrijire;;epilator;6,7;;2;2;1;NU;nume de brand
epilator braun ieftin;Ingrijire;pret;epilator;6,7;;3;6;1;NU;nume de brand
epilator braun sau philips pareri;Ingrijire;comparatie;epilator;6,7;;5;4;1;NU;nume de brand
epilator cu laser altex;Ingrijire;segment;epilator;6,7;;4;3;1;NU;termen de magazin
epilator cu laser braun;Ingrijire;segment;epilator;6,7;;4;1;1;NU;nume de brand
epilator cu laser braun pret;Ingrijire;segment;epilator;6,7;;5;9;1;NU;nume de brand
epilator cu laser emag;Ingrijire;segment;epilator;6,7;;4;7;1;NU;termen de magazin
epilator cu laser philips;Ingrijire;segment;epilator;6,7;;4;4;1;NU;nume de brand
epilator definitiv;Ingrijire;;epilator;6,7;;2;6;1;NU;fara forma de intentie clara
epilator facial;Ingrijire;;epilator;6,7;;2;5;1;NU;fara forma de intentie clara
epilator in saudi arabia;Ingrijire;;epilator;6,7;;4;9;1;NU;fara forma de intentie clara
epilator ipl;Ingrijire;;epilator;6,7;;2;4;1;NU;fara forma de intentie clara
epilator ipl braun sau philips;Ingrijire;comparatie;epilator;6,7;;5;7;1;NU;nume de brand
epilator ipl philips;Ingrijire;;epilator;6,7;;3;8;1;NU;nume de brand
epilator laser;Ingrijire;;epilator;6,7;;2;9;1;NU;fara forma de intentie clara
epilator philips;Ingrijire;;epilator;6,7;;2;1;1;NU;nume de brand
epilator philips ieftin;Ingrijire;pret;epilator;6,7;;3;4;1;NU;nume de brand
epilator philips sau braun;Ingrijire;comparatie;epilator;6,7;;4;5;1;NU;nume de brand
epilator sauber machen;Ingrijire;;epilator;6,7;;3;3;1;NU;fara forma de intentie clara
epilator saudi;Ingrijire;;epilator;6,7;;2;2;1;NU;fara forma de intentie clara
pareri epilator braun;Ingrijire;;epilator;6,7;;3;5;1;NU;nume de brand
pareri epilator ipl;Ingrijire;;epilator;6,7;;3;2;1;NU;fara forma de intentie clara
pareri epilator ipl philips;Ingrijire;;epilator;6,7;;4;3;1;NU;nume de brand
pareri epilator philips;Ingrijire;;epilator;6,7;;3;6;1;NU;nume de brand
pareri epilator philips lumea;Ingrijire;;epilator;6,7;;4;4;1;NU;nume de brand
pareri sampon alfaparf;Ingrijire;;sampon;8,4;;3;3;1;NU;fara forma de intentie clara
pareri sampon alpecin;Ingrijire;;sampon;8,4;;3;6;1;NU;fara forma de intentie clara
pareri sampon gerovital anticadere;Ingrijire;;sampon;8,4;;4;8;1;NU;fara forma de intentie clara
pareri sampon kerastase;Ingrijire;;sampon;8,4;;3;5;1;NU;fara forma de intentie clara
pareri sampon londa;Ingrijire;;sampon;8,4;;3;7;1;NU;fara forma de intentie clara
pareri sampon redist;Ingrijire;;sampon;8,4;;3;4;1;NU;fara forma de intentie clara
pareri sampon ricinus;Ingrijire;;sampon;8,4;;3;1;1;NU;fara forma de intentie clara
parfum barbati;Ingrijire;;parfum barbati;5,6;;2;0;1;NU;fara forma de intentie clara
parfum barbati arabesc;Ingrijire;;parfum barbati;5,6;;3;1;1;NU;fara forma de intentie clara
parfum barbati armani;Ingrijire;;parfum barbati;5,6;;3;4;1;NU;fara forma de intentie clara
parfum barbati cele mai bune;Ingrijire;;parfum barbati;5,6;;5;0;1;NU;fara forma de intentie clara
parfum barbati cuba;Ingrijire;;parfum barbati;5,6;;3;4;1;NU;fara forma de intentie clara
parfum barbati cupa;Ingrijire;;parfum barbati;5,6;;3;2;1;NU;fara forma de intentie clara
parfum barbati dior sauvage 100 ml;Ingrijire;;parfum barbati;5,6;;6;3;1;NU;fara forma de intentie clara
parfum barbati douglas;Ingrijire;;parfum barbati;5,6;;3;6;1;NU;fara forma de intentie clara
parfum barbati hugo boss;Ingrijire;;parfum barbati;5,6;;4;5;1;NU;fara forma de intentie clara
parfum barbati notino;Ingrijire;;parfum barbati;5,6;;3;3;1;NU;fara forma de intentie clara
parfum barbati original;Ingrijire;;parfum barbati;5,6;;3;2;1;NU;fara forma de intentie clara
parfum barbati sauvage;Ingrijire;;parfum barbati;5,6;;3;0;1;NU;fara forma de intentie clara
parfum barbati sauvage dior;Ingrijire;;parfum barbati;5,6;;4;1;1;NU;fara forma de intentie clara
parfum barbati sauvage elixir;Ingrijire;;parfum barbati;5,6;;4;2;1;NU;fara forma de intentie clara
parfum barbati scandal;Ingrijire;;parfum barbati;5,6;;3;8;1;NU;fara forma de intentie clara
parfum barbati tom ford;Ingrijire;;parfum barbati;5,6;;4;9;1;NU;fara forma de intentie clara
parfum barbati vara;Ingrijire;;parfum barbati;5,6;;3;7;1;NU;fara forma de intentie clara
parfum dama;Ingrijire;;parfum dama;5,6;;2;0;1;NU;fara forma de intentie clara
parfum dama arabesc;Ingrijire;;parfum dama;5,6;;3;2;1;NU;fara forma de intentie clara
parfum dama cele mai bune;Ingrijire;;parfum dama;5,6;;5;0;1;NU;fara forma de intentie clara
parfum dama dior;Ingrijire;;parfum dama;5,6;;3;5;1;NU;fara forma de intentie clara
parfum dama dolce gabbana;Ingrijire;;parfum dama;5,6;;4;8;1;NU;fara forma de intentie clara
parfum dama douglas;Ingrijire;;parfum dama;5,6;;3;7;1;NU;fara forma de intentie clara
parfum dama notino;Ingrijire;;parfum dama;5,6;;3;1;1;NU;fara forma de intentie clara
parfum dama prada;Ingrijire;;parfum dama;5,6;;3;9;1;NU;fara forma de intentie clara
parfum dama sauvage;Ingrijire;;parfum dama;5,6;;3;0;1;NU;fara forma de intentie clara
parfum dama scandal;Ingrijire;;parfum dama;5,6;;3;3;1;NU;fara forma de intentie clara
parfum dama versace;Ingrijire;;parfum dama;5,6;;3;4;1;NU;fara forma de intentie clara
parfum dior sauvage barbati douglas;Ingrijire;;parfum barbati;5,6;;5;6;1;NU;fara forma de intentie clara
parfum dior sauvage barbati notino;Ingrijire;;parfum barbati;5,6;;5;5;1;NU;fara forma de intentie clara
parfum dior sauvage barbati original;Ingrijire;;parfum barbati;5,6;;5;4;1;NU;fara forma de intentie clara
parfum dior sauvage dama;Ingrijire;;parfum dama;5,6;;4;1;1;NU;fara forma de intentie clara
perie rotativa;Ingrijire;;perie rotativa;6,7;;2;0;1;NU;fara forma de intentie clara
perie rotativa altex;Ingrijire;;perie rotativa;6,7;;3;3;1;NU;termen de magazin
perie rotativa babyliss;Ingrijire;;perie rotativa;6,7;;3;2;1;NU;fara forma de intentie clara
perie rotativa cele mai bune;Ingrijire;;perie rotativa;6,7;;5;0;1;NU;fara forma de intentie clara
perie rotativa curatat;Ingrijire;;perie rotativa;6,7;;3;5;1;NU;fara forma de intentie clara
perie rotativa curatat panouri fotovoltaice;Ingrijire;;perie rotativa;6,7;;5;9;1;NU;fara forma de intentie clara
perie rotativa curatat pavele;Ingrijire;;perie rotativa;6,7;;4;2;1;NU;fara forma de intentie clara
perie rotativa curatenie;Ingrijire;;perie rotativa;6,7;;3;1;1;NU;fara forma de intentie clara
perie rotativa curatenie dedeman;Ingrijire;;perie rotativa;6,7;;4;6;1;NU;termen de magazin
perie rotativa dyson;Ingrijire;;perie rotativa;6,7;;3;4;1;NU;fara forma de intentie clara
perie rotativa par;Ingrijire;;perie rotativa;6,7;;3;7;1;NU;fara forma de intentie clara
perie rotativa pentru karcher;Ingrijire;segment;perie rotativa;6,7;;4;9;1;NU;nume de brand
perie rotativa philips;Ingrijire;;perie rotativa;6,7;;3;6;1;NU;nume de brand
perie rotativa remington;Ingrijire;;perie rotativa;6,7;;3;5;1;NU;fara forma de intentie clara
perie rotativa rowenta;Ingrijire;;perie rotativa;6,7;;3;1;1;NU;nume de brand
perie rotativa rowenta pareri;Ingrijire;recenzie;perie rotativa;6,7;;4;6;1;NU;nume de brand
perie rotativa rowenta sau babyliss;Ingrijire;comparatie;perie rotativa;6,7;;5;3;1;NU;nume de brand
periuta de dinti electrica;Ingrijire;;periuta de dinti electrica;6,7;;4;0;1;NU;fara forma de intentie clara
periuta de dinti electrica altex;Ingrijire;;periuta de dinti electrica;6,7;;5;3;1;NU;termen de magazin
periuta de dinti electrica braun incarcare;Ingrijire;;periuta de dinti electrica;6,7;;6;6;1;NU;nume de brand
periuta de dinti electrica cele mai bune;Ingrijire;;periuta de dinti electrica;6,7;;7;0;1;NU;fara forma de intentie clara
periuta de dinti electrica copii;Ingrijire;;periuta de dinti electrica;6,7;;5;1;1;NU;fara forma de intentie clara
periuta de dinti electrica copii 6+;Ingrijire;;periuta de dinti electrica;6,7;;6;8;1;NU;fara forma de intentie clara
periuta de dinti electrica emag;Ingrijire;;periuta de dinti electrica;6,7;;5;6;1;NU;termen de magazin
periuta de dinti electrica in avion;Ingrijire;;periuta de dinti electrica;6,7;;6;0;1;NU;fara forma de intentie clara
periuta de dinti electrica in engleza;Ingrijire;;periuta de dinti electrica;6,7;;6;2;1;NU;fara forma de intentie clara
periuta de dinti electrica incarcare;Ingrijire;;periuta de dinti electrica;6,7;;5;4;1;NU;fara forma de intentie clara
periuta de dinti electrica inteligenta;Ingrijire;;periuta de dinti electrica;6,7;;5;1;1;NU;fara forma de intentie clara
periuta de dinti electrica interdentara;Ingrijire;;periuta de dinti electrica;6,7;;5;3;1;NU;fara forma de intentie clara
periuta de dinti electrica io;Ingrijire;;periuta de dinti electrica;6,7;;5;9;1;NU;fara forma de intentie clara
periuta de dinti electrica lemann;Ingrijire;;periuta de dinti electrica;6,7;;5;7;1;NU;fara forma de intentie clara
periuta de dinti electrica pentru copii philips sonicare;Ingrijire;segment;periuta de dinti electrica;6,7;;8;8;1;NU;nume de brand
periuta de dinti electrica pentru copii philips sonicare hx6322 04;Ingrijire;segment;periuta de dinti electrica;6,7;;10;2;1;NU;prea lung (titlu de produs)
periuta de dinti electrica philips;Ingrijire;;periuta de dinti electrica;6,7;;5;2;1;NU;nume de brand
periuta de dinti electrica philips sonicare;Ingrijire;;periuta de dinti electrica;6,7;;6;4;1;NU;nume de brand
periuta de dinti electrica stitch;Ingrijire;;periuta de dinti electrica;6,7;;5;5;1;NU;fara forma de intentie clara
placa de indreptat parul;Ingrijire;;placa de indreptat parul;6,7;;4;0;1;NU;fara forma de intentie clara
placa de indreptat parul 2 in 1;Ingrijire;;placa de indreptat parul;6,7;;7;3;1;NU;fara forma de intentie clara
placa de indreptat parul altex;Ingrijire;;placa de indreptat parul;6,7;;5;6;1;NU;termen de magazin
placa de indreptat parul babyliss;Ingrijire;;placa de indreptat parul;6,7;;5;4;1;NU;fara forma de intentie clara
placa de indreptat parul babyliss straight&curl brilliance st482e 235 grade negru;Ingrijire;;placa de indreptat parul;6,7;;11;8;1;NU;prea lung (titlu de produs)
placa de indreptat parul dyson;Ingrijire;;placa de indreptat parul;6,7;;5;3;1;NU;fara forma de intentie clara
placa de indreptat parul in engleza;Ingrijire;;placa de indreptat parul;6,7;;6;0;1;NU;fara forma de intentie clara
placa de indreptat parul ingusta;Ingrijire;;placa de indreptat parul;6,7;;5;2;1;NU;fara forma de intentie clara
placa de indreptat parul inteligenta keratin protect s8598;Ingrijire;;placa de indreptat parul;6,7;;8;1;1;NU;cod de model
placa de indreptat parul profesionala;Ingrijire;;placa de indreptat parul;6,7;;5;7;1;NU;fara forma de intentie clara
placa de indreptat parul profesionala babyliss pro straighteners 2091 28 mm 230 grade gri;Ingrijire;;placa de indreptat parul;6,7;;14;9;1;NU;prea lung (titlu de produs)
placa de indreptat parul remington;Ingrijire;;placa de indreptat parul;6,7;;5;1;1;NU;fara forma de intentie clara
sampon;Ingrijire;;sampon;8,4;;1;2;1;NU;fara forma de intentie clara
sampon antimatreata;Ingrijire;;sampon;8,4;;2;3;1;NU;fara forma de intentie clara
sampon dercos;Ingrijire;;sampon;8,4;;2;0;1;NU;fara forma de intentie clara
sampon dermatita seboreica;Ingrijire;;sampon;8,4;;3;5;1;NU;fara forma de intentie clara
sampon kerastase;Ingrijire;;sampon;8,4;;2;4;1;NU;fara forma de intentie clara
sampon londa;Ingrijire;;sampon;8,4;;2;6;1;NU;fara forma de intentie clara
sampon nuantator;Ingrijire;;sampon;8,4;;2;1;1;NU;fara forma de intentie clara
sampon par gras;Ingrijire;;sampon;8,4;;3;8;1;NU;fara forma de intentie clara
sampon schauma;Ingrijire;;sampon;8,4;;2;0;1;NU;fara forma de intentie clara
sampon schauma 7 plante;Ingrijire;;sampon;8,4;;4;3;1;NU;fara forma de intentie clara
sampon schauma antimatreata;Ingrijire;;sampon;8,4;;3;5;1;NU;fara forma de intentie clara
sampon schauma barbati;Ingrijire;;sampon;8,4;;3;1;1;NU;fara forma de intentie clara
sampon schauma copii;Ingrijire;;sampon;8,4;;3;2;1;NU;fara forma de intentie clara
sampon schauma dm;Ingrijire;;sampon;8,4;;3;7;1;NU;fara forma de intentie clara
sampon schauma silver reflex;Ingrijire;;sampon;8,4;;4;8;1;NU;fara forma de intentie clara
sampon wella;Ingrijire;;sampon;8,4;;2;9;1;NU;fara forma de intentie clara
trimmer barba;Ingrijire;;trimmer barba;8,4;;2;0;1;NU;fara forma de intentie clara
trimmer barba 0 mm;Ingrijire;;trimmer barba;8,4;;4;5;1;NU;fara forma de intentie clara
trimmer barba altex;Ingrijire;;trimmer barba;8,4;;3;2;1;NU;termen de magazin
trimmer barba babyliss;Ingrijire;;trimmer barba;8,4;;3;8;1;NU;fara forma de intentie clara
trimmer barba dm;Ingrijire;;trimmer barba;8,4;;3;4;1;NU;fara forma de intentie clara
trimmer barba jrl;Ingrijire;;trimmer barba;8,4;;3;9;1;NU;fara forma de intentie clara
trimmer barba philips;Ingrijire;;trimmer barba;8,4;;3;3;1;NU;nume de brand
trimmer barba profesional;Ingrijire;;trimmer barba;8,4;;3;6;1;NU;fara forma de intentie clara
trimmer barba wahl;Ingrijire;;trimmer barba;8,4;;3;7;1;NU;fara forma de intentie clara
trimmer barbati;Ingrijire;;trimmer barba;8,4;;2;1;1;NU;fara forma de intentie clara
trimmer pentru barba super x metal albastru auriu s992e babyliss;Ingrijire;segment;trimmer barba;8,4;;10;4;1;NU;prea lung (titlu de produs)
uscator de par;Ingrijire;;uscator de par;6,7;;3;0;1;NU;fara forma de intentie clara
uscator de par altex;Ingrijire;;uscator de par;6,7;;4;5;1;NU;termen de magazin
uscator de par babyliss;Ingrijire;;uscator de par;6,7;;4;7;1;NU;fara forma de intentie clara
uscator de par dyson;Ingrijire;;uscator de par;6,7;;4;1;1;NU;fara forma de intentie clara
uscator de par myria;Ingrijire;;uscator de par;6,7;;4;9;1;NU;fara forma de intentie clara
uscator de par philips;Ingrijire;;uscator de par;6,7;;4;3;1;NU;nume de brand
uscator de par profesional;Ingrijire;;uscator de par;6,7;;4;2;1;NU;fara forma de intentie clara
uscator de par remington;Ingrijire;;uscator de par;6,7;;4;6;1;NU;fara forma de intentie clara
uscator de par rowenta;Ingrijire;;uscator de par;6,7;;4;8;1;NU;nume de brand
boxa bluetooth;IT si TV;;boxa bluetooth;3,6;;2;0;1;NU;fara forma de intentie clara
boxa bluetooth akai;IT si TV;;boxa bluetooth;3,6;;3;9;1;NU;fara forma de intentie clara
boxa bluetooth altex;IT si TV;;boxa bluetooth;3,6;;3;1;1;NU;termen de magazin
boxa bluetooth carrefour;IT si TV;;boxa bluetooth;3,6;;3;7;1;NU;fara forma de intentie clara
boxa bluetooth emag;IT si TV;;boxa bluetooth;3,6;;3;5;1;NU;termen de magazin
boxa bluetooth jbl;IT si TV;;boxa bluetooth;3,6;;3;2;1;NU;fara forma de intentie clara
boxa bluetooth mare;IT si TV;;boxa bluetooth;3,6;;3;3;1;NU;fara forma de intentie clara
boxa bluetooth portabila;IT si TV;;boxa bluetooth;3,6;;3;6;1;NU;fara forma de intentie clara
boxa bluetooth sauna;IT si TV;;boxa bluetooth;3,6;;3;0;1;NU;fara forma de intentie clara
boxa bluetooth sony;IT si TV;;boxa bluetooth;3,6;;3;8;1;NU;fara forma de intentie clara
boxa bluetooth vivess;IT si TV;;boxa bluetooth;3,6;;3;4;1;NU;fara forma de intentie clara
casti wireless;IT si TV;;casti wireless;5;;2;0;1;NU;fara forma de intentie clara
casti wireless altex;IT si TV;;casti wireless;5;;3;1;1;NU;termen de magazin
casti wireless cu microfon altex;IT si TV;segment;casti wireless;5;;5;5;1;NU;termen de magazin
casti wireless emag;IT si TV;;casti wireless;5;;3;8;1;NU;termen de magazin
casti wireless gaming;IT si TV;;casti wireless;5;;3;4;1;NU;fara forma de intentie clara
casti wireless huawei;IT si TV;;casti wireless;5;;3;6;1;NU;fara forma de intentie clara
casti wireless ieftine altex;IT si TV;pret;casti wireless;5;;4;2;1;NU;termen de magazin
casti wireless ieftine emag;IT si TV;pret;casti wireless;5;;4;3;1;NU;termen de magazin
casti wireless iphone;IT si TV;;casti wireless;5;;3;5;1;NU;fara forma de intentie clara
casti wireless jbl;IT si TV;;casti wireless;5;;3;2;1;NU;fara forma de intentie clara
casti wireless on ear;IT si TV;;casti wireless;5;;4;7;1;NU;fara forma de intentie clara
casti wireless pentru samsung;IT si TV;segment;casti wireless;5;;4;8;1;NU;nume de brand
casti wireless pentru tv lg;IT si TV;segment;casti wireless;5;;5;7;1;NU;nume de brand
casti wireless samsung;IT si TV;;casti wireless;5;;3;3;1;NU;nume de brand
casti wireless samsung ieftine;IT si TV;pret;casti wireless;5;;4;7;1;NU;nume de brand
casti wireless sony;IT si TV;;casti wireless;5;;3;9;1;NU;fara forma de intentie clara
cat consuma un televizor samsung;IT si TV;informational;televizor;1,4;;5;7;1;NU;nume de brand
ce casti wireless sa cumpar;IT si TV;;casti wireless;5;;5;0;1;NU;fara forma de intentie clara
ce fel de imprimanta sa cumpar;IT si TV;;imprimanta;2,7;;6;2;1;NU;fara forma de intentie clara
ce imprimanta sa cumpar;IT si TV;;imprimanta;2,7;;4;0;1;NU;fara forma de intentie clara
ce laptop de gaming sa cumpar;IT si TV;;laptop;1,7;;6;3;1;NU;fara forma de intentie clara
ce laptop sa cumpar;IT si TV;;laptop;1,7;;4;0;1;NU;fara forma de intentie clara
ce laptop sa cumpar 2025;IT si TV;;laptop;1,7;;5;2;1;NU;fara forma de intentie clara
ce laptop sa cumpar 2026;IT si TV;;laptop;1,7;;5;1;1;NU;fara forma de intentie clara
ce smartwatch sa cumpar;IT si TV;;smartwatch;2,9;;4;0;1;NU;fara forma de intentie clara
ce ssd sa cumpar;IT si TV;;ssd;2,4;;4;0;1;NU;fara forma de intentie clara
ce telefon mobil sa mi cumpar;IT si TV;;telefon;1;;6;5;1;NU;fara forma de intentie clara
ce telefon sa cumpar;IT si TV;;telefon;1;;4;1;1;NU;fara forma de intentie clara
ce telefon sa cumpar in 2025;IT si TV;;telefon;1;;6;2;1;NU;fara forma de intentie clara
ce telefon sa cumpar in 2026;IT si TV;;telefon;1;;6;0;1;NU;fara forma de intentie clara
ce telefon sa mi cumpar la 1000 lei;IT si TV;;telefon;1;;8;4;1;NU;fara forma de intentie clara
ce telefon samsung sa cumpar;IT si TV;;telefon;1;;5;3;1;NU;nume de brand
ce telefon samsung sa mi cumpar;IT si TV;;telefon;1;;6;6;1;NU;nume de brand
ce televizor sa cumpar;IT si TV;;televizor;1,4;;4;0;1;NU;fara forma de intentie clara
ce televizor sa cumpar in 2025;IT si TV;;televizor;1,4;;6;2;1;NU;fara forma de intentie clara
ce televizor sa cumpar in 2026;IT si TV;;televizor;1,4;;6;1;1;NU;fara forma de intentie clara
cel mai bun laptop de gaming sub 4000 lei;IT si TV;roundup;laptop;1,7;;9;5;1;NU;prea lung (titlu de produs)
cel mai bun soundbar calitate pret;IT si TV;roundup;soundbar;3,6;;6;7;1;NU;termen de magazin
cel mai bun soundbar lg;IT si TV;roundup;soundbar;3,6;;5;4;1;NU;nume de brand
cel mai bun soundbar samsung;IT si TV;roundup;soundbar;3,6;;5;1;1;NU;nume de brand
cel mai bun telefon calitate pret;IT si TV;roundup;telefon;1;;6;3;1;NU;termen de magazin
cel mai bun telefon samsung;IT si TV;roundup;telefon;1;;5;4;1;NU;nume de brand
cel mai bun telefon samsung din seria a;IT si TV;roundup;telefon;1;;8;2;1;NU;nume de brand
cel mai bun telefon samsung din seria s;IT si TV;roundup;telefon;1;;8;6;1;NU;nume de brand
cel mai bun telefon xiaomi;IT si TV;roundup;telefon;1;;5;9;1;NU;nume de brand
cel mai bun televizor samsung;IT si TV;roundup;televizor;1,4;;5;2;1;NU;nume de brand
cel mai bun televizor tcl;IT si TV;roundup;televizor;1,4;;5;5;1;NU;nume de brand
cele mai bune casti wireless pana in 200 lei;IT si TV;roundup;casti wireless;5;;9;1;1;NU;prea lung (titlu de produs)
cele mai bune casti wireless samsung;IT si TV;roundup;casti wireless;5;;6;4;1;NU;nume de brand
cele mai bune smartwatch samsung;IT si TV;roundup;smartwatch;2,9;;5;7;1;NU;nume de brand
cele mai bune telefoane;IT si TV;roundup;telefon;1;;4;1;1;NU;nu contine radacina seedului
cele mai bune telefoane 2025;IT si TV;roundup;telefon;1;;5;9;1;NU;nu contine radacina seedului
cele mai bune telefoane 2026;IT si TV;roundup;telefon;1;;5;0;1;NU;nu contine radacina seedului
cele mai bune telefoane din lume;IT si TV;roundup;telefon;1;;6;6;1;NU;nu contine radacina seedului
cele mai bune telefoane ieftine;IT si TV;roundup;telefon;1;;5;2;1;NU;nu contine radacina seedului
cele mai bune telefoane pentru poze;IT si TV;roundup;telefon;1;;6;7;1;NU;nu contine radacina seedului
cele mai bune telefoane samsung;IT si TV;roundup;telefon;1;;5;3;1;NU;nu contine radacina seedului
cele mai bune telefoane samsung 2026;IT si TV;roundup;telefon;1;;6;5;1;NU;nu contine radacina seedului
cele mai bune telefoane sub 2000 lei 2026;IT si TV;roundup;telefon;1;;8;8;1;NU;nu contine radacina seedului
cele mai bune telefoane sub 3000 lei;IT si TV;roundup;telefon;1;;7;4;1;NU;nu contine radacina seedului
gaming mouse cursors free download;IT si TV;;mouse gaming;4,6;;5;5;1;NU;fara forma de intentie clara
gaming mouse mat custom;IT si TV;;mouse gaming;4,6;;4;7;1;NU;fara forma de intentie clara
gaming mouse price in saudi arabia;IT si TV;;mouse gaming;4,6;;6;2;1;NU;fara forma de intentie clara
gaming mouse saudi;IT si TV;;mouse gaming;4,6;;3;1;1;NU;fara forma de intentie clara
gaming mouse saudi arabia;IT si TV;;mouse gaming;4,6;;4;0;1;NU;fara forma de intentie clara
imprimanta;IT si TV;;imprimanta;2,7;;1;1;1;NU;fara forma de intentie clara
imprimanta 3d;IT si TV;;imprimanta;2,7;;2;0;1;NU;fara forma de intentie clara
imprimanta 3d cele mai bune;IT si TV;;imprimanta;2,7;;5;1;1;NU;fara forma de intentie clara
imprimanta altex;IT si TV;;imprimanta;2,7;;2;4;1;NU;termen de magazin
imprimanta brother;IT si TV;;imprimanta;2,7;;2;6;1;NU;fara forma de intentie clara
imprimanta canon;IT si TV;;imprimanta;2,7;;2;8;1;NU;fara forma de intentie clara
imprimanta cele mai bune;IT si TV;;imprimanta;2,7;;4;0;1;NU;fara forma de intentie clara
imprimanta color;IT si TV;;imprimanta;2,7;;2;2;1;NU;fara forma de intentie clara
imprimanta epson;IT si TV;;imprimanta;2,7;;2;3;1;NU;fara forma de intentie clara
imprimanta hp;IT si TV;;imprimanta;2,7;;2;5;1;NU;fara forma de intentie clara
imprimanta ieftina altex;IT si TV;pret;imprimanta;2,7;;3;3;1;NU;termen de magazin
imprimanta ieftina emag;IT si TV;pret;imprimanta;2,7;;3;6;1;NU;termen de magazin
imprimanta laser;IT si TV;;imprimanta;2,7;;2;7;1;NU;fara forma de intentie clara
imprimanta laser color;IT si TV;;imprimanta;2,7;;3;9;1;NU;fara forma de intentie clara
laptop;IT si TV;;laptop;1,7;;1;0;1;NU;fara forma de intentie clara
laptop altex;IT si TV;;laptop;1,7;;2;2;1;NU;termen de magazin
laptop apple;IT si TV;;laptop;1,7;;2;4;1;NU;fara forma de intentie clara
laptop asus;IT si TV;;laptop;1,7;;2;4,5;1;NU;fara forma de intentie clara
laptop asus altex;IT si TV;;laptop;1,7;;3;8;1;NU;termen de magazin
laptop asus gaming;IT si TV;;laptop;1,7;;3;6;1;NU;fara forma de intentie clara
laptop asus rog;IT si TV;;laptop;1,7;;3;9;1;NU;fara forma de intentie clara
laptop asus tuf;IT si TV;;laptop;1,7;;3;7;1;NU;fara forma de intentie clara
laptop asus vivobook;IT si TV;;laptop;1,7;;3;5;1;NU;fara forma de intentie clara
laptop cu windows 11 instalat altex;IT si TV;segment;laptop;1,7;;6;8;1;NU;termen de magazin
laptop cu windows instalat altex;IT si TV;segment;laptop;1,7;;5;4;1;NU;termen de magazin
laptop emag;IT si TV;;laptop;1,7;;2;7;1;NU;termen de magazin
laptop gaming;IT si TV;;laptop;1,7;;2;1;1;NU;fara forma de intentie clara
laptop gaming altex;IT si TV;;laptop;1,7;;3;9;1;NU;termen de magazin
laptop hp;IT si TV;;laptop;1,7;;2;6;1;NU;fara forma de intentie clara
laptop ieftin altex;IT si TV;pret;laptop;1,7;;3;2;1;NU;termen de magazin
laptop ieftin emag;IT si TV;pret;laptop;1,7;;3;3;1;NU;termen de magazin
laptop ieftin olx;IT si TV;pret;laptop;1,7;;3;4;1;NU;termen de magazin
laptop lenovo;IT si TV;;laptop;1,7;;2;3;1;NU;fara forma de intentie clara
laptop pana in 10 milioane;IT si TV;;laptop;1,7;;5;8;1;NU;fara forma de intentie clara
laptop pana in 2000 de lei;IT si TV;;laptop;1,7;;6;1;1;NU;fara forma de intentie clara
laptopuri;IT si TV;;laptop;1,7;;1;8;1;NU;fara forma de intentie clara
monitor;IT si TV;;monitor;3;;1;4;1;NU;fara forma de intentie clara
monitor curbat;IT si TV;;monitor;3;;2;0;1;NU;fara forma de intentie clara
monitor curbat 27 inch;IT si TV;;monitor;3;;4;6;1;NU;fara forma de intentie clara
monitor curbat 32 inch;IT si TV;;monitor;3;;4;9;1;NU;fara forma de intentie clara
monitor curbat 34 inch;IT si TV;;monitor;3;;4;2;1;NU;fara forma de intentie clara
monitor curbat 49 inch;IT si TV;;monitor;3;;4;7;1;NU;fara forma de intentie clara
monitor curbat olx;IT si TV;;monitor;3;;3;8;1;NU;termen de magazin
monitor gaming;IT si TV;;monitor;3;;2;7;1;NU;fara forma de intentie clara
monitor ieftin 144hz;IT si TV;pret;monitor;3;;3;9;1;NU;cod de model
monitor ieftin altex;IT si TV;pret;monitor;3;;3;3;1;NU;termen de magazin
monitor ieftin emag;IT si TV;pret;monitor;3;;3;5;1;NU;termen de magazin
monitor ieftin olx;IT si TV;pret;monitor;3;;3;7;1;NU;termen de magazin
monitor sauber machen;IT si TV;;monitor;3;;3;0;1;NU;fara forma de intentie clara
monitor sauber machen womit;IT si TV;;monitor;3;;4;6;1;NU;fara forma de intentie clara
monitor saude;IT si TV;;monitor;3;;2;5;1;NU;fara forma de intentie clara
monitor saude da bateria;IT si TV;;monitor;3;;4;9;1;NU;fara forma de intentie clara
monitor saudi arabia;IT si TV;;monitor;3;;3;8;1;NU;fara forma de intentie clara
monitor sauerstoff;IT si TV;;monitor;3;;2;3;1;NU;fara forma de intentie clara
monitor sound;IT si TV;;monitor;3;;2;1;1;NU;fara forma de intentie clara
monitorul de botosani;IT si TV;;monitor;3;;3;8;1;NU;fara forma de intentie clara
monitorul de cluj;IT si TV;;monitor;3;;3;6;1;NU;fara forma de intentie clara
monitorul de galati;IT si TV;;monitor;3;;3;5;1;NU;fara forma de intentie clara
monitorul de salaj;IT si TV;;monitor;3;;3;9;1;NU;fara forma de intentie clara
monitorul de suceava;IT si TV;;monitor;3;;3;1;1;NU;fara forma de intentie clara
monitorul de vrancea;IT si TV;;monitor;3;;3;2;1;NU;fara forma de intentie clara
monitorul oficial;IT si TV;;monitor;3;;2;0;1;NU;fara forma de intentie clara
monitorul preturilor;IT si TV;;monitor;3;;2;3;1;NU;fara forma de intentie clara
mouse gaming;IT si TV;;mouse gaming;4,6;;2;0;1;NU;fara forma de intentie clara
mouse gaming altex;IT si TV;;mouse gaming;4,6;;3;3;1;NU;termen de magazin
mouse gaming aqirys;IT si TV;;mouse gaming;4,6;;3;9;1;NU;fara forma de intentie clara
mouse gaming currys;IT si TV;;mouse gaming;4,6;;3;4;1;NU;fara forma de intentie clara
mouse gaming cursor;IT si TV;;mouse gaming;4,6;;3;2;1;NU;fara forma de intentie clara
mouse gaming custom;IT si TV;;mouse gaming;4,6;;3;1;1;NU;fara forma de intentie clara
mouse gaming cute;IT si TV;;mouse gaming;4,6;;3;3;1;NU;fara forma de intentie clara
mouse gaming emag;IT si TV;;mouse gaming;4,6;;3;5;1;NU;termen de magazin
mouse gaming logitech;IT si TV;;mouse gaming;4,6;;3;2;1;NU;fara forma de intentie clara
mouse gaming razer;IT si TV;;mouse gaming;4,6;;3;4;1;NU;fara forma de intentie clara
mouse gaming wireless;IT si TV;;mouse gaming;4,6;;3;1;1;NU;fara forma de intentie clara
mouse gaming wireless altex;IT si TV;;mouse gaming;4,6;;4;8;1;NU;termen de magazin
mouse gaming wireless logitech;IT si TV;;mouse gaming;4,6;;4;6;1;NU;fara forma de intentie clara
mouse gaming wireless logitech pro x2 superstrike;IT si TV;;mouse gaming;4,6;;7;7;1;NU;fara forma de intentie clara
mouse pad gaming custom;IT si TV;;mouse gaming;4,6;;4;6;1;NU;fara forma de intentie clara
pareri imprimanta 3d;IT si TV;;imprimanta;2,7;;3;1;1;NU;fara forma de intentie clara
pareri imprimanta brother;IT si TV;;imprimanta;2,7;;3;3;1;NU;fara forma de intentie clara
pareri imprimanta epson;IT si TV;;imprimanta;2,7;;3;2;1;NU;fara forma de intentie clara
pareri laptop acer;IT si TV;;laptop;1,7;;3;2;1;NU;fara forma de intentie clara
pareri laptop asus;IT si TV;;laptop;1,7;;3;5;1;NU;fara forma de intentie clara
pareri laptop asus vivobook;IT si TV;;laptop;1,7;;4;8;1;NU;fara forma de intentie clara
pareri laptop dell;IT si TV;;laptop;1,7;;3;7;1;NU;fara forma de intentie clara
pareri laptop gaming;IT si TV;;laptop;1,7;;3;3;1;NU;fara forma de intentie clara
pareri laptop gigabyte;IT si TV;;laptop;1,7;;3;9;1;NU;fara forma de intentie clara
pareri laptop hp;IT si TV;;laptop;1,7;;3;6;1;NU;fara forma de intentie clara
pareri laptop lenovo;IT si TV;;laptop;1,7;;3;1;1;NU;fara forma de intentie clara
pareri laptop msi;IT si TV;;laptop;1,7;;3;4;1;NU;fara forma de intentie clara
pareri monitor aoc;IT si TV;;monitor;3;;3;0;1;NU;fara forma de intentie clara
pareri smartwatch armodd;IT si TV;;smartwatch;2,9;;3;3;1;NU;fara forma de intentie clara
pareri smartwatch copii;IT si TV;;smartwatch;2,9;;3;2;1;NU;fara forma de intentie clara
pareri smartwatch huawei;IT si TV;;smartwatch;2,9;;3;4;1;NU;fara forma de intentie clara
pareri ssd adata;IT si TV;;ssd;2,4;;3;1;1;NU;fara forma de intentie clara
pareri telefon honor;IT si TV;;telefon;1;;3;1;1;NU;fara forma de intentie clara
pareri telefon honor 200 lite;IT si TV;;telefon;1;;5;7;1;NU;fara forma de intentie clara
pareri telefon honor 400 lite;IT si TV;;telefon;1;;5;8;1;NU;fara forma de intentie clara
pareri telefon honor magic 7 lite;IT si TV;;telefon;1;;6;3;1;NU;fara forma de intentie clara
pareri telefon ihunt;IT si TV;;telefon;1;;3;4;1;NU;fara forma de intentie clara
pareri telefon motorola;IT si TV;;telefon;1;;3;6;1;NU;fara forma de intentie clara
pareri telefon oppo;IT si TV;;telefon;1;;3;5;1;NU;fara forma de intentie clara
pareri telefon samsung a56;IT si TV;;telefon;1;;4;9;1;NU;cod de model
pareri telefon xiaomi;IT si TV;;telefon;1;;3;2;1;NU;nume de brand
pareri televizor hisense;IT si TV;;televizor;1,4;;3;2;1;NU;nume de brand
pareri televizor metz;IT si TV;;televizor;1,4;;3;4;1;NU;fara forma de intentie clara
pareri televizor nei;IT si TV;;televizor;1,4;;3;5;1;NU;fara forma de intentie clara
pareri televizor tcl;IT si TV;;televizor;1,4;;3;1;1;NU;nume de brand
pareri televizor vortex;IT si TV;;televizor;1,4;;3;3;1;NU;fara forma de intentie clara
router wifi;IT si TV;;router wifi;7,3;;2;0;1;NU;fara forma de intentie clara
router wifi 6;IT si TV;;router wifi;7,3;;3;1;1;NU;fara forma de intentie clara
router wifi 6 digi;IT si TV;;router wifi;7,3;;4;3;1;NU;fara forma de intentie clara
router wifi 6 digi pret;IT si TV;;router wifi;7,3;;5;9;1;NU;termen de magazin
router wifi 6 mesh zte digi;IT si TV;;router wifi;7,3;;6;7;1;NU;fara forma de intentie clara
router wifi 7;IT si TV;;router wifi;7,3;;3;5;1;NU;fara forma de intentie clara
router wifi altex;IT si TV;;router wifi;7,3;;3;6;1;NU;termen de magazin
router wifi cele mai bune;IT si TV;;router wifi;7,3;;5;0;1;NU;fara forma de intentie clara
router wifi digi;IT si TV;;router wifi;7,3;;3;4;1;NU;fara forma de intentie clara
router wifi6/mesh zte;IT si TV;;router wifi;7,3;;3;8;1;NU;fara forma de intentie clara
sauerstoffsattigung monitor;IT si TV;;monitor;3;;2;7;1;NU;fara forma de intentie clara
sault soundbar;IT si TV;;soundbar;3,6;;2;8;1;NU;fara forma de intentie clara
sauna soundbar mount;IT si TV;;soundbar;3,6;;3;9;1;NU;fara forma de intentie clara
scaun gaming;IT si TV;;scaun gaming;4,6;;2;0;1;NU;fara forma de intentie clara
scaun gaming altex;IT si TV;;scaun gaming;4,6;;3;1;1;NU;termen de magazin
scaun gaming aqirys;IT si TV;;scaun gaming;4,6;;3;9;1;NU;fara forma de intentie clara
scaun gaming cele mai bune;IT si TV;;scaun gaming;4,6;;5;0;1;NU;fara forma de intentie clara
scaun gaming cu masaj olx;IT si TV;segment;scaun gaming;4,6;;5;6;1;NU;termen de magazin
scaun gaming dedeman;IT si TV;;scaun gaming;4,6;;3;4;1;NU;termen de magazin
scaun gaming emag;IT si TV;;scaun gaming;4,6;;3;3;1;NU;termen de magazin
scaun gaming ieftin altex;IT si TV;pret;scaun gaming;4,6;;4;4;1;NU;termen de magazin
scaun gaming ieftin emag;IT si TV;pret;scaun gaming;4,6;;4;5;1;NU;termen de magazin
scaun gaming ieftin olx;IT si TV;pret;scaun gaming;4,6;;4;6;1;NU;termen de magazin
scaun gaming jysk;IT si TV;;scaun gaming;4,6;;3;2;1;NU;fara forma de intentie clara
scaun gaming myria;IT si TV;;scaun gaming;4,6;;3;5;1;NU;fara forma de intentie clara
scaun gaming razer;IT si TV;;scaun gaming;4,6;;3;6;1;NU;fara forma de intentie clara
scaun gaming roz;IT si TV;;scaun gaming;4,6;;3;8;1;NU;fara forma de intentie clara
smartwatch;IT si TV;;smartwatch;2,9;;1;0;1;NU;fara forma de intentie clara
smartwatch altex;IT si TV;;smartwatch;2,9;;2;6;1;NU;termen de magazin
smartwatch apple;IT si TV;;smartwatch;2,9;;2;4;1;NU;fara forma de intentie clara
smartwatch barbati;IT si TV;;smartwatch;2,9;;2;8;1;NU;fara forma de intentie clara
smartwatch copii;IT si TV;;smartwatch;2,9;;2;3;1;NU;fara forma de intentie clara
smartwatch curea metalica;IT si TV;;smartwatch;2,9;;3;7;1;NU;fara forma de intentie clara
smartwatch dama;IT si TV;;smartwatch;2,9;;2;5;1;NU;fara forma de intentie clara
smartwatch huawei;IT si TV;;smartwatch;2,9;;2;2;1;NU;fara forma de intentie clara
smartwatch ieftin altex;IT si TV;pret;smartwatch;2,9;;3;4;1;NU;termen de magazin
smartwatch ieftin emag;IT si TV;pret;smartwatch;2,9;;3;5;1;NU;termen de magazin
smartwatch melek;IT si TV;;smartwatch;2,9;;2;9;1;NU;fara forma de intentie clara
smartwatch pentru copii altex;IT si TV;segment;smartwatch;2,9;;4;7;1;NU;termen de magazin
smartwatch pentru dama ecran full hd 1.75 dual-core incarcare magnetica;IT si TV;segment;smartwatch;2,9;;10;5;1;NU;prea lung (titlu de produs)
smartwatch pentru samsung;IT si TV;segment;smartwatch;2,9;;3;9;1;NU;nume de brand
smartwatch samsung;IT si TV;;smartwatch;2,9;;2;1;1;NU;nume de brand
smartwatch saude;IT si TV;;smartwatch;2,9;;2;5;1;NU;fara forma de intentie clara
smartwatch sauerstoffsattigung;IT si TV;;smartwatch;2,9;;2;3;1;NU;fara forma de intentie clara
smartwatch sauerstoffsattigung genauigkeit;IT si TV;;smartwatch;2,9;;3;6;1;NU;fara forma de intentie clara
smartwatch sauerstoffsattigung samsung;IT si TV;;smartwatch;2,9;;3;8;1;NU;nume de brand
smartwatch sauerstoffsattigung schlaf;IT si TV;;smartwatch;2,9;;3;9;1;NU;fara forma de intentie clara
smartwatch sauerstoffsattigung test;IT si TV;;smartwatch;2,9;;3;4;1;NU;fara forma de intentie clara
smartwatch sauna;IT si TV;;smartwatch;2,9;;2;0;1;NU;fara forma de intentie clara
smartwatch sauna geeignet;IT si TV;;smartwatch;2,9;;3;7;1;NU;fara forma de intentie clara
smartwatch si bratara fitness;IT si TV;;smartwatch;2,9;;4;2;1;NU;fara forma de intentie clara
smartwatch xiaomi;IT si TV;;smartwatch;2,9;;2;7;1;NU;nume de brand
smartwatch xiaomi pareri;IT si TV;recenzie;smartwatch;2,9;;3;8;1;NU;nume de brand
soundbar;IT si TV;;soundbar;3,6;;1;0;1;NU;fara forma de intentie clara
soundbar altex;IT si TV;;soundbar;3,6;;2;2;1;NU;termen de magazin
soundbar bose;IT si TV;;soundbar;3,6;;2;7;1;NU;fara forma de intentie clara
soundbar cu subwoofer sharp 200w;IT si TV;segment;soundbar;3,6;;5;9;1;NU;cod de model
soundbar currys;IT si TV;;soundbar;3,6;;2;4;1;NU;fara forma de intentie clara
soundbar curved;IT si TV;;soundbar;3,6;;2;5;1;NU;fara forma de intentie clara
soundbar curved monitor;IT si TV;;soundbar;3,6;;3;7;1;NU;fara forma de intentie clara
soundbar hisense;IT si TV;;soundbar;3,6;;2;8;1;NU;nume de brand
soundbar hisense pareri;IT si TV;recenzie;soundbar;3,6;;3;2;1;NU;nume de brand
soundbar jbl;IT si TV;;soundbar;3,6;;2;3;1;NU;fara forma de intentie clara
soundbar lg;IT si TV;;soundbar;3,6;;2;4;1;NU;nume de brand
soundbar lg pareri;IT si TV;recenzie;soundbar;3,6;;3;8;1;NU;nume de brand
soundbar pentru tv lg;IT si TV;segment;soundbar;3,6;;4;6;1;NU;nume de brand
soundbar pentru tv samsung;IT si TV;segment;soundbar;3,6;;4;3;1;NU;nume de brand
soundbar philips;IT si TV;;soundbar;3,6;;2;9;1;NU;nume de brand
soundbar samsung;IT si TV;;soundbar;3,6;;2;1;1;NU;nume de brand
soundbar samsung ieftin;IT si TV;pret;soundbar;3,6;;3;3;1;NU;nume de brand
soundbar samsung pareri;IT si TV;recenzie;soundbar;3,6;;3;3;1;NU;nume de brand
soundbar saudi;IT si TV;;soundbar;3,6;;2;6;1;NU;fara forma de intentie clara
soundbar saudi arabia;IT si TV;;soundbar;3,6;;3;0;1;NU;fara forma de intentie clara
soundbar sauna;IT si TV;;soundbar;3,6;;2;5;1;NU;fara forma de intentie clara
soundbar sony;IT si TV;;soundbar;3,6;;2;5;1;NU;fara forma de intentie clara
soundbar tcl;IT si TV;;soundbar;3,6;;2;6;1;NU;nume de brand
soundbar tcl pareri;IT si TV;recenzie;soundbar;3,6;;3;6;1;NU;nume de brand
ssd 1tb;IT si TV;;ssd;2,4;;2;1;1;NU;fara forma de intentie clara
ssd 2tb;IT si TV;;ssd;2,4;;2;4;1;NU;fara forma de intentie clara
ssd 500gb;IT si TV;;ssd;2,4;;2;5;1;NU;cod de model
ssd 500gb ieftin;IT si TV;pret;ssd;2,4;;3;8;1;NU;cod de model
ssd 512gb;IT si TV;;ssd;2,4;;2;9;1;NU;cod de model
ssd cultist circle;IT si TV;;ssd;2,4;;3;5;1;NU;fara forma de intentie clara
ssd currency;IT si TV;;ssd;2,4;;2;2;1;NU;fara forma de intentie clara
ssd currys;IT si TV;;ssd;2,4;;2;0;1;NU;fara forma de intentie clara
ssd custom;IT si TV;;ssd;2,4;;2;7;1;NU;fara forma de intentie clara
ssd customs;IT si TV;;ssd;2,4;;2;6;1;NU;fara forma de intentie clara
ssd cusu;IT si TV;;ssd;2,4;;2;1;1;NU;fara forma de intentie clara
ssd cusu 1tb;IT si TV;;ssd;2,4;;3;3;1;NU;fara forma de intentie clara
ssd cusu c300;IT si TV;;ssd;2,4;;3;4;1;NU;cod de model
ssd extern;IT si TV;;ssd;2,4;;2;2;1;NU;fara forma de intentie clara
ssd extern 1tb;IT si TV;;ssd;2,4;;3;7;1;NU;fara forma de intentie clara
ssd ieftin olx;IT si TV;pret;ssd;2,4;;3;4;1;NU;termen de magazin
ssd laptop;IT si TV;;ssd;2,4;;2;8;1;NU;fara forma de intentie clara
ssd m2;IT si TV;;ssd;2,4;;2;3;1;NU;fara forma de intentie clara
ssd m2 1tb;IT si TV;;ssd;2,4;;3;6;1;NU;fara forma de intentie clara
ssd saude;IT si TV;;ssd;2,4;;2;5;1;NU;fara forma de intentie clara
ssd saudi;IT si TV;;ssd;2,4;;2;9;1;NU;fara forma de intentie clara
ssd saudi arabia;IT si TV;;ssd;2,4;;3;6;1;NU;fara forma de intentie clara
ssd sauna;IT si TV;;ssd;2,4;;2;2;1;NU;fara forma de intentie clara
ssd saunadufte;IT si TV;;ssd;2,4;;2;7;1;NU;fara forma de intentie clara
ssd saunadufte kaufen;IT si TV;;ssd;2,4;;3;8;1;NU;fara forma de intentie clara
tastatura mecanica;IT si TV;;tastatura mecanica;4,6;;2;0;1;NU;fara forma de intentie clara
tastatura mecanica 75;IT si TV;;tastatura mecanica;4,6;;3;8;1;NU;fara forma de intentie clara
tastatura mecanica alba;IT si TV;;tastatura mecanica;4,6;;3;9;1;NU;fara forma de intentie clara
tastatura mecanica altex;IT si TV;;tastatura mecanica;4,6;;3;3;1;NU;termen de magazin
tastatura mecanica custom;IT si TV;;tastatura mecanica;4,6;;3;1;1;NU;fara forma de intentie clara
tastatura mecanica emag;IT si TV;;tastatura mecanica;4,6;;3;7;1;NU;termen de magazin
tastatura mecanica gaming;IT si TV;;tastatura mecanica;4,6;;3;1;1;NU;fara forma de intentie clara
tastatura mecanica logitech;IT si TV;;tastatura mecanica;4,6;;3;4;1;NU;fara forma de intentie clara
tastatura mecanica qwerty;IT si TV;;tastatura mecanica;4,6;;3;6;1;NU;fara forma de intentie clara
tastatura mecanica redragon;IT si TV;;tastatura mecanica;4,6;;3;5;1;NU;fara forma de intentie clara
tastatura mecanica sau;IT si TV;;tastatura mecanica;4,6;;3;0;1;NU;fara forma de intentie clara
tastatura mecanica wireless;IT si TV;;tastatura mecanica;4,6;;3;2;1;NU;fara forma de intentie clara
telefon;IT si TV;;telefon;1;;1;0;1;NU;fara forma de intentie clara
telefon cu butoane altex;IT si TV;segment;telefon;1;;4;2;1;NU;termen de magazin
telefon cu clapeta samsung;IT si TV;segment;telefon;1;;4;9;1;NU;nume de brand
telefon honor;IT si TV;;telefon;1;;2;4;1;NU;fara forma de intentie clara
telefon ieftin altex;IT si TV;pret;telefon;1;;3;2;1;NU;termen de magazin
telefon ieftin emag;IT si TV;pret;telefon;1;;3;4;1;NU;termen de magazin
telefon ieftin olx;IT si TV;pret;telefon;1;;3;6;1;NU;termen de magazin
telefon ieftin samsung;IT si TV;pret;telefon;1;;3;3;1;NU;nume de brand
telefon iphone;IT si TV;;telefon;1;;2;6;1;NU;fara forma de intentie clara
telefon mobil;IT si TV;;telefon;1;;2;1;1;NU;fara forma de intentie clara
telefon motorola;IT si TV;;telefon;1;;2;7;1;NU;fara forma de intentie clara
telefon oppo;IT si TV;;telefon;1;;2;9;1;NU;fara forma de intentie clara
telefon samsung;IT si TV;;telefon;1;;2;2;1;NU;nume de brand
telefon samsung altex;IT si TV;;telefon;1;;3;5;1;NU;nume de brand
telefon sau;IT si TV;;telefon;1;;2;1;1;NU;fara forma de intentie clara
telefon sauber machen;IT si TV;;telefon;1;;3;5;1;NU;fara forma de intentie clara
telefon saudade;IT si TV;;telefon;1;;2;9;1;NU;fara forma de intentie clara
telefon sauerland praxis winterberg;IT si TV;;telefon;1;;4;7;1;NU;fara forma de intentie clara
telefon saugnapf;IT si TV;;telefon;1;;2;0;1;NU;fara forma de intentie clara
telefon sauna;IT si TV;;telefon;1;;2;2;1;NU;fara forma de intentie clara
telefon saunada bozulur mu;IT si TV;;telefon;1;;4;6;1;NU;fara forma de intentie clara
televizor;IT si TV;;televizor;1,4;;1;0;1;NU;fara forma de intentie clara
televizor altex;IT si TV;;televizor;1,4;;2;3;1;NU;termen de magazin
televizor cu youtube altex;IT si TV;segment;televizor;1,4;;4;4;1;NU;termen de magazin
televizor curbat;IT si TV;;televizor;1,4;;2;3;1;NU;fara forma de intentie clara
televizor curbat samsung;IT si TV;;televizor;1,4;;3;6;1;NU;nume de brand
televizor hisense;IT si TV;;televizor;1,4;;2;6;1;NU;nume de brand
televizor ieftin altex;IT si TV;pret;televizor;1,4;;3;1;1;NU;termen de magazin
televizor ieftin dedeman;IT si TV;pret;televizor;1,4;;3;8;1;NU;termen de magazin
televizor ieftin emag;IT si TV;pret;televizor;1,4;;3;4;1;NU;termen de magazin
televizor lg;IT si TV;;televizor;1,4;;2;9;1;NU;nume de brand
televizor lg sau philips;IT si TV;comparatie;televizor;1,4;;4;6;1;NU;nume de brand
televizor lg sau samsung;IT si TV;comparatie;televizor;1,4;;4;4;1;NU;nume de brand
televizor samsung;IT si TV;;televizor;1,4;;2;2;1;NU;nume de brand
televizor samsung sau philips;IT si TV;comparatie;televizor;1,4;;4;8;1;NU;nume de brand
televizor samsung sau sony;IT si TV;comparatie;televizor;1,4;;4;7;1;NU;nume de brand
televizor samsung sau tcl;IT si TV;comparatie;televizor;1,4;;4;9;1;NU;nume de brand
televizor smart;IT si TV;;televizor;1,4;;2;1;1;NU;fara forma de intentie clara
televizor smart 120 cm;IT si TV;;televizor;1,4;;4;7;1;NU;fara forma de intentie clara
televizor smart 80 cm;IT si TV;;televizor;1,4;;4;5;1;NU;fara forma de intentie clara
televizor smart altex;IT si TV;;televizor;1,4;;3;8;1;NU;termen de magazin
televizor tcl;IT si TV;;televizor;1,4;;2;4;1;NU;nume de brand
televizor tcl sau hisense;IT si TV;comparatie;televizor;1,4;;4;5;1;NU;nume de brand
televizor tesla pareri;IT si TV;recenzie;televizor;1,4;;3;6;1;NU;nume de brand
biblioteca;Mobila;;biblioteca;5,6;;1;1;1;NU;fara forma de intentie clara
biblioteca cuvant compus;Mobila;;biblioteca;5,6;;3;6;1;NU;fara forma de intentie clara
biblioteca de la miezul noptii;Mobila;;biblioteca;5,6;;5;7;1;NU;fara forma de intentie clara
biblioteca digitala;Mobila;;biblioteca;5,6;;2;8;1;NU;fara forma de intentie clara
biblioteca ieftina dedeman;Mobila;pret;biblioteca;5,6;;3;1;1;NU;termen de magazin
biblioteca ikea;Mobila;;biblioteca;5,6;;2;3;1;NU;fara forma de intentie clara
biblioteca judeteana cluj;Mobila;;biblioteca;5,6;;3;9;1;NU;fara forma de intentie clara
biblioteca living;Mobila;;biblioteca;5,6;;2;6;1;NU;fara forma de intentie clara
biblioteca metropolitana;Mobila;;biblioteca;5,6;;2;5;1;NU;fara forma de intentie clara
biblioteca nationala;Mobila;;biblioteca;5,6;;2;2;1;NU;fara forma de intentie clara
biblioteca nationala a romaniei;Mobila;;biblioteca;5,6;;4;4;1;NU;fara forma de intentie clara
biblioteca pana in tavan;Mobila;;biblioteca;5,6;;4;0;1;NU;fara forma de intentie clara
biblioteca saude;Mobila;;biblioteca;5,6;;2;4;1;NU;fara forma de intentie clara
biblioteca saude publica;Mobila;;biblioteca;5,6;;3;9;1;NU;fara forma de intentie clara
biblioteca saude publica usp;Mobila;;biblioteca;5,6;;4;6;1;NU;fara forma de intentie clara
biblioteca saude virtual;Mobila;;biblioteca;5,6;;3;7;1;NU;fara forma de intentie clara
biblioteca saulo toron;Mobila;;biblioteca;5,6;;3;3;1;NU;fara forma de intentie clara
biblioteca sauzal;Mobila;;biblioteca;5,6;;2;8;1;NU;fara forma de intentie clara
biblioteca sauze d oulx;Mobila;;biblioteca;5,6;;4;5;1;NU;fara forma de intentie clara
biblioteca universitatii varsovia;Mobila;;biblioteca;5,6;;3;0;1;NU;fara forma de intentie clara
birou copii;Mobila;;birou;5,6;;2;3;1;NU;fara forma de intentie clara
birou credite rapide;Mobila;;birou;5,6;;3;4;1;NU;fara forma de intentie clara
birou cu rafturi dedeman;Mobila;segment;birou;5,6;;4;8;1;NU;termen de magazin
birou de credit;Mobila;;birou;5,6;;3;9;1;NU;fara forma de intentie clara
birou dedeman;Mobila;;birou;5,6;;2;8;1;NU;termen de magazin
birou gaming;Mobila;;birou;5,6;;2;6;1;NU;fara forma de intentie clara
birou ieftin dedeman;Mobila;pret;birou;5,6;;3;3;1;NU;termen de magazin
birou ieftin emag;Mobila;pret;birou;5,6;;3;8;1;NU;termen de magazin
birou ieftin olx;Mobila;pret;birou;5,6;;3;6;1;NU;termen de magazin
birou ikea;Mobila;;birou;5,6;;2;5;1;NU;fara forma de intentie clara
birou jysk;Mobila;;birou;5,6;;2;7;1;NU;fara forma de intentie clara
birou pentru copii dedeman;Mobila;segment;birou;5,6;;4;9;1;NU;termen de magazin
birou reglabil pe inaltime;Mobila;;birou;5,6;;4;1;1;NU;fara forma de intentie clara
biroul de credit;Mobila;;birou;5,6;;3;0;1;NU;fara forma de intentie clara
canapea extensibila;Mobila;;canapea extensibila;5,6;;2;0;1;NU;fara forma de intentie clara
canapea extensibila 2 locuri;Mobila;;canapea extensibila;5,6;;4;1;1;NU;fara forma de intentie clara
canapea extensibila 2 locuri dedeman;Mobila;;canapea extensibila;5,6;;5;5;1;NU;termen de magazin
canapea extensibila 3 locuri;Mobila;;canapea extensibila;5,6;;4;2;1;NU;fara forma de intentie clara
canapea extensibila 3 locuri dedeman;Mobila;;canapea extensibila;5,6;;5;4;1;NU;termen de magazin
canapea extensibila dedeman;Mobila;;canapea extensibila;5,6;;3;3;1;NU;termen de magazin
canapea extensibila ieftina dedeman;Mobila;pret;canapea extensibila;5,6;;4;1;1;NU;termen de magazin
canapea extensibila ieftina emag;Mobila;pret;canapea extensibila;5,6;;4;5;1;NU;termen de magazin
canapea extensibila ieftina olx;Mobila;pret;canapea extensibila;5,6;;4;2;1;NU;termen de magazin
canapea extensibila ikea;Mobila;;canapea extensibila;5,6;;3;6;1;NU;fara forma de intentie clara
canapea extensibila jysk;Mobila;;canapea extensibila;5,6;;3;7;1;NU;fara forma de intentie clara
ce fotoliu de masaj sa cumpar;Mobila;;fotoliu;5,6;;6;0;1;NU;fara forma de intentie clara
ce saltea sa cumpar;Mobila;;saltea;7,1;;4;0;1;NU;fara forma de intentie clara
cel mai bun fotoliu de masaj pret;Mobila;roundup;fotoliu;5,6;;7;6;1;NU;termen de magazin
comida sausalito;Mobila;;comoda;5,6;;2;3;1;NU;nu contine radacina seedului
comoda;Mobila;;comoda;5,6;;1;0;1;NU;fara forma de intentie clara
comoda cu sertare dedeman;Mobila;segment;comoda;5,6;;4;5;1;NU;termen de magazin
comoda dedeman;Mobila;;comoda;5,6;;2;7;1;NU;termen de magazin
comoda dormitor;Mobila;;comoda;5,6;;2;5;1;NU;fara forma de intentie clara
comoda ieftina dedeman;Mobila;pret;comoda;5,6;;3;3;1;NU;termen de magazin
comoda ieftina emag;Mobila;pret;comoda;5,6;;3;5;1;NU;termen de magazin
comoda ieftina olx;Mobila;pret;comoda;5,6;;3;7;1;NU;termen de magazin
comoda ikea;Mobila;;comoda;5,6;;2;6;1;NU;fara forma de intentie clara
comoda jysk;Mobila;;comoda;5,6;;2;4;1;NU;fara forma de intentie clara
comoda living;Mobila;;comoda;5,6;;2;8;1;NU;fara forma de intentie clara
comoda lopas saudita clean amendoa;Mobila;;comoda;5,6;;5;5;1;NU;fara forma de intentie clara
comoda sauder;Mobila;;comoda;5,6;;2;2;1;NU;fara forma de intentie clara
comoda sauthon;Mobila;;comoda;5,6;;2;1;1;NU;fara forma de intentie clara
comoda tv;Mobila;;comoda;5,6;;2;1;1;NU;fara forma de intentie clara
comoda tv ikea;Mobila;;comoda;5,6;;3;2;1;NU;fara forma de intentie clara
dulap baie;Mobila;;dulap;5,6;;2;0;1;NU;fara forma de intentie clara
dulap baie suspendat;Mobila;;dulap;5,6;;3;5;1;NU;fara forma de intentie clara
dulap bucatarie;Mobila;;dulap;5,6;;2;4;1;NU;fara forma de intentie clara
dulap bucatarie pana in tavan;Mobila;;dulap;5,6;;5;5;1;NU;fara forma de intentie clara
dulap cu rafturi dedeman;Mobila;segment;dulap;5,6;;4;4;1;NU;termen de magazin
dulap dedeman;Mobila;;dulap;5,6;;2;8;1;NU;termen de magazin
dulap dormitor;Mobila;;dulap;5,6;;2;2;1;NU;fara forma de intentie clara
dulap dormitor pana in tavan;Mobila;;dulap;5,6;;5;2;1;NU;fara forma de intentie clara
dulap dressing pana in tavan;Mobila;;dulap;5,6;;5;7;1;NU;fara forma de intentie clara
dulap haine;Mobila;;dulap;5,6;;2;1;1;NU;fara forma de intentie clara
dulap haine pana in tavan;Mobila;;dulap;5,6;;5;3;1;NU;fara forma de intentie clara
dulap hol pana in tavan;Mobila;;dulap;5,6;;5;6;1;NU;fara forma de intentie clara
dulap ieftin dedeman;Mobila;pret;dulap;5,6;;3;3;1;NU;termen de magazin
dulap ieftin olx;Mobila;pret;dulap;5,6;;3;9;1;NU;termen de magazin
dulap ikea;Mobila;;dulap;5,6;;2;6;1;NU;fara forma de intentie clara
dulap inalt pana in tavan;Mobila;;dulap;5,6;;5;4;1;NU;fara forma de intentie clara
dulap jysk;Mobila;;dulap;5,6;;2;7;1;NU;fara forma de intentie clara
dulap metalic;Mobila;;dulap;5,6;;2;9;1;NU;fara forma de intentie clara
dulap pana in tavan;Mobila;;dulap;5,6;;4;0;1;NU;fara forma de intentie clara
dulap pana in tavan ikea;Mobila;;dulap;5,6;;5;1;1;NU;fara forma de intentie clara
dulap pantofi;Mobila;;dulap pantofi;5,6;;2;0;1;NU;fara forma de intentie clara
dulap pantofi dedeman;Mobila;;dulap pantofi;5,6;;3;1;1;NU;termen de magazin
dulap pantofi emag;Mobila;;dulap pantofi;5,6;;3;6;1;NU;termen de magazin
dulap pantofi exterior;Mobila;;dulap pantofi;5,6;;3;7;1;NU;fara forma de intentie clara
dulap pantofi ikea;Mobila;;dulap pantofi;5,6;;3;3;1;NU;fara forma de intentie clara
dulap pantofi jysk;Mobila;;dulap pantofi;5,6;;3;2;1;NU;fara forma de intentie clara
dulap pantofi plastic;Mobila;;dulap pantofi;5,6;;3;4;1;NU;fara forma de intentie clara
dulap pantofi tip bancheta;Mobila;;dulap pantofi;5,6;;4;8;1;NU;fara forma de intentie clara
dulap pentru pantofi dedeman;Mobila;segment;dulap pantofi;5,6;;4;3;1;NU;termen de magazin
dulap pentru pantofi tip bancheta 100 x 34 x 51 cm;Mobila;segment;dulap pantofi;5,6;;11;7;1;NU;prea lung (titlu de produs)
fotoliu;Mobila;;fotoliu;5,6;;1;1;1;NU;fara forma de intentie clara
fotoliu balansoar;Mobila;;fotoliu;5,6;;2;2;1;NU;fara forma de intentie clara
fotoliu cuib;Mobila;;fotoliu;5,6;;2;5;1;NU;fara forma de intentie clara
fotoliu extensibil;Mobila;;fotoliu;5,6;;2;0;1;NU;fara forma de intentie clara
fotoliu gonflabil;Mobila;;fotoliu;5,6;;2;6;1;NU;fara forma de intentie clara
fotoliu gradina;Mobila;;fotoliu;5,6;;2;7;1;NU;fara forma de intentie clara
fotoliu ieftin dedeman;Mobila;pret;fotoliu;5,6;;3;1;1;NU;termen de magazin
fotoliu ieftin pret;Mobila;pret;fotoliu;5,6;;3;2;1;NU;termen de magazin
fotoliu jysk;Mobila;;fotoliu;5,6;;2;8;1;NU;fara forma de intentie clara
fotoliu masaj;Mobila;;fotoliu;5,6;;2;3;1;NU;fara forma de intentie clara
fotoliu pat;Mobila;;fotoliu;5,6;;2;9;1;NU;fara forma de intentie clara
fotoliu pentru masaj pret;Mobila;segment;fotoliu;5,6;;4;8;1;NU;termen de magazin
fotoliu puf;Mobila;;fotoliu;5,6;;2;5;1;NU;fara forma de intentie clara
fotoliu suspendat;Mobila;;fotoliu;5,6;;2;4;1;NU;fara forma de intentie clara
masa bucatarie ieftina dedeman;Mobila;pret;masa de bucatarie;5,6;;4;2;1;NU;termen de magazin
masa bucatarie ieftina emag;Mobila;pret;masa de bucatarie;5,6;;4;5;1;NU;termen de magazin
masa bucatarie ieftina olx;Mobila;pret;masa de bucatarie;5,6;;4;4;1;NU;termen de magazin
masa de bucatarie;Mobila;;masa de bucatarie;5,6;;3;0;1;NU;fara forma de intentie clara
masa de bucatarie cu scaune dedeman;Mobila;segment;masa de bucatarie;5,6;;6;3;1;NU;termen de magazin
masa de bucatarie cu scaune olx;Mobila;segment;masa de bucatarie;5,6;;6;9;1;NU;termen de magazin
masa de bucatarie dedeman;Mobila;;masa de bucatarie;5,6;;4;2;1;NU;termen de magazin
masa de bucatarie extensibila;Mobila;;masa de bucatarie;5,6;;4;3;1;NU;fara forma de intentie clara
masa de bucatarie ikea;Mobila;;masa de bucatarie;5,6;;4;7;1;NU;fara forma de intentie clara
masa de bucatarie jysk;Mobila;;masa de bucatarie;5,6;;4;4;1;NU;fara forma de intentie clara
masa de bucatarie mica;Mobila;;masa de bucatarie;5,6;;4;6;1;NU;fara forma de intentie clara
masa de bucatarie pliabila;Mobila;;masa de bucatarie;5,6;;4;9;1;NU;fara forma de intentie clara
masa de bucatarie rotunda;Mobila;;masa de bucatarie;5,6;;4;5;1;NU;fara forma de intentie clara
pareri birou credite rapide;Mobila;;birou;5,6;;4;0;1;NU;fara forma de intentie clara
pareri fotoliu masaj;Mobila;;fotoliu;5,6;;3;0;1;NU;fara forma de intentie clara
pareri fotoliu masaj komoder;Mobila;;fotoliu;5,6;;4;1;1;NU;fara forma de intentie clara
pareri pat boxspring;Mobila;;pat;5,6;;3;0;1;NU;fara forma de intentie clara
pareri pat dumonde;Mobila;;pat;5,6;;3;1;1;NU;fara forma de intentie clara
pareri saltea dormeo;Mobila;;saltea;7,1;;3;1;1;NU;fara forma de intentie clara
pareri saltea jysk;Mobila;;saltea;7,1;;3;2;1;NU;fara forma de intentie clara
pareri saltea ortopedicus;Mobila;;saltea;7,1;;3;5;1;NU;fara forma de intentie clara
pareri saltea pat;Mobila;;saltea;7,1;;3;3;1;NU;fara forma de intentie clara
pareri saltea spuma poliuretanica;Mobila;;saltea;7,1;;4;4;1;NU;fara forma de intentie clara
pat cu saltea 140x200 dedeman;Mobila;segment;pat;5,6;;5;7;1;NU;termen de magazin
pat dormitor;Mobila;;pat;5,6;;2;2;1;NU;fara forma de intentie clara
pat dormitor pana in tavan;Mobila;;pat;5,6;;5;3;1;NU;fara forma de intentie clara
pat ieftin dedeman;Mobila;pret;pat;5,6;;3;4;1;NU;termen de magazin
pat ieftin emag;Mobila;pret;pat;5,6;;3;8;1;NU;termen de magazin
pat ieftin olx;Mobila;pret;pat;5,6;;3;9;1;NU;termen de magazin
pat pana in tavan;Mobila;;pat;5,6;;4;0;1;NU;fara forma de intentie clara
pat sauce;Mobila;;pat;5,6;;2;9;1;NU;fara forma de intentie clara
pat sauer;Mobila;;pat;5,6;;2;1;1;NU;fara forma de intentie clara
pat sauna;Mobila;;pat;5,6;;2;3;1;NU;fara forma de intentie clara
pat saunders;Mobila;;pat;5,6;;2;6;1;NU;fara forma de intentie clara
pat saunders straw;Mobila;;pat;5,6;;3;5;1;NU;fara forma de intentie clara
pat saunders white;Mobila;;pat;5,6;;3;8;1;NU;fara forma de intentie clara
pat sauter;Mobila;;pat;5,6;;2;0;1;NU;fara forma de intentie clara
pat sauvagine;Mobila;;pat;5,6;;2;7;1;NU;fara forma de intentie clara
pat tapitat pana in tavan;Mobila;;pat;5,6;;5;1;1;NU;fara forma de intentie clara
patagonia;Mobila;;pat;5,6;;1;0;1;NU;fara forma de intentie clara
patreon;Mobila;;pat;5,6;;1;1;1;NU;fara forma de intentie clara
patria bank;Mobila;;pat;5,6;;2;3;1;NU;fara forma de intentie clara
patricia vizitiu;Mobila;;pat;5,6;;2;8;1;NU;fara forma de intentie clara
patrula catelusilor;Mobila;;pat;5,6;;2;9;1;NU;fara forma de intentie clara
patrunjel;Mobila;;pat;5,6;;1;6;1;NU;fara forma de intentie clara
paturi dormitor;Mobila;;pat;5,6;;2;7;1;NU;fara forma de intentie clara
saltea;Mobila;;saltea;7,1;;1;3;1;NU;fara forma de intentie clara
saltea 120x200;Mobila;;saltea;7,1;;2;7;1;NU;fara forma de intentie clara
saltea 160x200;Mobila;;saltea;7,1;;2;0;1;NU;fara forma de intentie clara
saltea 160x200 cele mai bune;Mobila;;saltea;7,1;;5;1;1;NU;fara forma de intentie clara
saltea 160x200 dedeman;Mobila;;saltea;7,1;;3;6;1;NU;termen de magazin
saltea 180x200;Mobila;;saltea;7,1;;2;2;1;NU;fara forma de intentie clara
saltea 180x200 cele mai bune;Mobila;;saltea;7,1;;5;2;1;NU;fara forma de intentie clara
saltea 90x200;Mobila;;saltea;7,1;;2;5;1;NU;fara forma de intentie clara
saltea antiescare;Mobila;;saltea;7,1;;2;4;1;NU;fara forma de intentie clara
saltea gonflabila;Mobila;;saltea;7,1;;2;1;1;NU;fara forma de intentie clara
saltea ieftina dedeman;Mobila;pret;saltea;7,1;;3;9;1;NU;termen de magazin
saltea pat;Mobila;;saltea;7,1;;2;9;1;NU;fara forma de intentie clara
saltea sauna;Mobila;;saltea;7,1;;2;1;1;NU;fara forma de intentie clara
saltea sezlong;Mobila;;saltea;7,1;;2;8;1;NU;fara forma de intentie clara
saul comida;Mobila;;comoda;5,6;;2;4;1;NU;nu contine radacina seedului
scaun birou ieftin olx;Mobila;pret;scaun de birou;5,6;;4;9;1;NU;termen de magazin
scaun de birou;Mobila;;scaun de birou;5,6;;3;0;1;NU;fara forma de intentie clara
scaun de birou copii;Mobila;;scaun de birou;5,6;;4;2;1;NU;fara forma de intentie clara
scaun de birou dedeman;Mobila;;scaun de birou;5,6;;4;4;1;NU;termen de magazin
scaun de birou emag;Mobila;;scaun de birou;5,6;;4;9;1;NU;termen de magazin
scaun de birou ergonomic;Mobila;;scaun de birou;5,6;;4;1;1;NU;fara forma de intentie clara
scaun de birou ieftin emag;Mobila;pret;scaun de birou;5,6;;5;3;1;NU;termen de magazin
scaun de birou ieftin pret;Mobila;pret;scaun de birou;5,6;;5;1;1;NU;termen de magazin
scaun de birou ikea;Mobila;;scaun de birou;5,6;;4;6;1;NU;fara forma de intentie clara
scaun de birou jysk;Mobila;;scaun de birou;5,6;;4;3;1;NU;fara forma de intentie clara
scaun de birou pentru copii dedeman;Mobila;segment;scaun de birou;5,6;;6;4;1;NU;termen de magazin
scaun de birou roz;Mobila;;scaun de birou;5,6;;4;5;1;NU;fara forma de intentie clara
tablie pat pana in tavan;Mobila;;pat;5,6;;5;2;1;NU;fara forma de intentie clara
topper pentru saltea dedeman;Mobila;segment;topper saltea;7,1;;4;8;1;NU;termen de magazin
topper saltea;Mobila;;topper saltea;7,1;;2;0;1;NU;fara forma de intentie clara
topper saltea 120x200;Mobila;;topper saltea;7,1;;3;6;1;NU;fara forma de intentie clara
topper saltea 140x200;Mobila;;topper saltea;7,1;;3;2;1;NU;fara forma de intentie clara
topper saltea 140x200 jysk;Mobila;;topper saltea;7,1;;4;9;1;NU;fara forma de intentie clara
topper saltea 160x200;Mobila;;topper saltea;7,1;;3;1;1;NU;fara forma de intentie clara
topper saltea 160x200 jysk;Mobila;;topper saltea;7,1;;4;5;1;NU;fara forma de intentie clara
topper saltea 180x200;Mobila;;topper saltea;7,1;;3;3;1;NU;fara forma de intentie clara
topper saltea 90x200;Mobila;;topper saltea;7,1;;3;8;1;NU;fara forma de intentie clara
topper saltea cele mai bune;Mobila;;topper saltea;7,1;;5;0;1;NU;fara forma de intentie clara
topper saltea dedeman;Mobila;;topper saltea;7,1;;3;7;1;NU;termen de magazin
topper saltea jysk;Mobila;;topper saltea;7,1;;3;4;1;NU;fara forma de intentie clara
caiete;Scoala si birou;;caiete;8;;1;0;1;NU;fara forma de intentie clara
caiete clasa pregatitoare;Scoala si birou;;caiete;8;;3;1;1;NU;fara forma de intentie clara
caiete de vacanta clasa 1;Scoala si birou;;caiete;8;;5;3;1;NU;fara forma de intentie clara
caiete de vacanta clasa 2;Scoala si birou;;caiete;8;;5;4;1;NU;fara forma de intentie clara
caiete de vacanta clasa 3;Scoala si birou;;caiete;8;;5;9;1;NU;fara forma de intentie clara
caiete de vacanta clasa pregatitoare;Scoala si birou;;caiete;8;;5;7;1;NU;fara forma de intentie clara
caiete digitale;Scoala si birou;;caiete;8;;2;5;1;NU;fara forma de intentie clara
caiete izzie;Scoala si birou;;caiete;8;;2;2;1;NU;fara forma de intentie clara
caiete oxford;Scoala si birou;;caiete;8;;2;8;1;NU;fara forma de intentie clara
caiete studentesti;Scoala si birou;;caiete;8;;2;6;1;NU;fara forma de intentie clara
calculator de birou stiintific;Scoala si birou;;calculator de birou stiintific;8;;4;0;1;NU;fara forma de intentie clara
creioane colorate;Scoala si birou;;creioane colorate;8;;2;0;1;NU;fara forma de intentie clara
creioane colorate bic;Scoala si birou;;creioane colorate;8;;3;7;1;NU;fara forma de intentie clara
creioane colorate cantec;Scoala si birou;;creioane colorate;8;;3;8;1;NU;fara forma de intentie clara
creioane colorate curcubeu;Scoala si birou;;creioane colorate;8;;3;6;1;NU;fara forma de intentie clara
creioane colorate cutie metal;Scoala si birou;;creioane colorate;8;;4;8;1;NU;fara forma de intentie clara
creioane colorate daco;Scoala si birou;;creioane colorate;8;;3;9;1;NU;fara forma de intentie clara
creioane colorate faber castell;Scoala si birou;;creioane colorate;8;;4;3;1;NU;fara forma de intentie clara
creioane colorate feli;Scoala si birou;;creioane colorate;8;;3;2;1;NU;fara forma de intentie clara
creioane colorate groase;Scoala si birou;;creioane colorate;8;;3;6;1;NU;fara forma de intentie clara
creioane colorate mecanice;Scoala si birou;;creioane colorate;8;;3;4;1;NU;fara forma de intentie clara
creioane colorate profesionale;Scoala si birou;;creioane colorate;8;;3;5;1;NU;fara forma de intentie clara
creioane colorate versuri;Scoala si birou;;creioane colorate;8;;3;1;1;NU;fara forma de intentie clara
distrugator de documente;Scoala si birou;;distrugator de documente;8;;3;0;1;NU;fara forma de intentie clara
distrugator de documente a+ office 8 cross cut 8 coli;Scoala si birou;;distrugator de documente;8;;10;1;1;NU;prea lung (titlu de produs)
distrugator de documente automat;Scoala si birou;;distrugator de documente;8;;4;5;1;NU;fara forma de intentie clara
distrugator de documente fellowes;Scoala si birou;;distrugator de documente;8;;4;4;1;NU;fara forma de intentie clara
distrugator de documente lidl;Scoala si birou;;distrugator de documente;8;;4;3;1;NU;fara forma de intentie clara
distrugator de documente manual;Scoala si birou;;distrugator de documente;8;;4;6;1;NU;fara forma de intentie clara
distrugator de documente profesional;Scoala si birou;;distrugator de documente;8;;4;1;1;NU;fara forma de intentie clara
distrugator documente carrefour;Scoala si birou;;distrugator de documente;8;;3;9;1;NU;fara forma de intentie clara
distrugator documente de inchiriat;Scoala si birou;;distrugator de documente;8;;4;7;1;NU;fara forma de intentie clara
distrugator documente dedeman;Scoala si birou;;distrugator de documente;8;;3;8;1;NU;termen de magazin
ghiozdan;Scoala si birou;;ghiozdan;8;;1;0;1;NU;fara forma de intentie clara
ghiozdan adidas;Scoala si birou;;ghiozdan;8;;2;7;1;NU;nume de brand
ghiozdan adidas ieftin;Scoala si birou;pret;ghiozdan;8;;3;9;1;NU;nume de brand
ghiozdan baieti;Scoala si birou;;ghiozdan;8;;2;9;1;NU;fara forma de intentie clara
ghiozdan dama;Scoala si birou;;ghiozdan;8;;2;4;1;NU;fara forma de intentie clara
ghiozdan fete;Scoala si birou;;ghiozdan;8;;2;2;1;NU;fara forma de intentie clara
ghiozdan guess;Scoala si birou;;ghiozdan;8;;2;6;1;NU;fara forma de intentie clara
ghiozdan ieftin nike;Scoala si birou;pret;ghiozdan;8;;3;4;1;NU;nume de brand
ghiozdan jordan;Scoala si birou;;ghiozdan;8;;2;5;1;NU;fara forma de intentie clara
ghiozdan nike;Scoala si birou;;ghiozdan;8;;2;1;1;NU;nume de brand
ghiozdan nike sau adidas;Scoala si birou;comparatie;ghiozdan;8;;4;3;1;NU;nume de brand
ghiozdan nike sau jordan;Scoala si birou;comparatie;ghiozdan;8;;4;5;1;NU;nume de brand
ghiozdan puma ieftin;Scoala si birou;pret;ghiozdan;8;;3;7;1;NU;nume de brand
ghiozdan puma sau nike;Scoala si birou;comparatie;ghiozdan;8;;4;4;1;NU;nume de brand
ghiozdan sprayground;Scoala si birou;;ghiozdan;8;;2;3;1;NU;nume de brand
ghiozdan sprayground ieftin;Scoala si birou;pret;ghiozdan;8;;3;5;1;NU;nume de brand
ghiozdan troler;Scoala si birou;;ghiozdan;8;;2;8;1;NU;fara forma de intentie clara
laminator;Scoala si birou;;laminator;8;;1;0;1;NU;fara forma de intentie clara
laminator a3;Scoala si birou;;laminator;8;;2;2;1;NU;fara forma de intentie clara
laminator a3 si a4;Scoala si birou;;laminator;8;;4;5;1;NU;fara forma de intentie clara
laminator a4;Scoala si birou;;laminator;8;;2;1;1;NU;fara forma de intentie clara
laminator a4 lidl;Scoala si birou;;laminator;8;;3;9;1;NU;fara forma de intentie clara
laminator altex;Scoala si birou;;laminator;8;;2;4;1;NU;termen de magazin
laminator aluat;Scoala si birou;;laminator;8;;2;8;1;NU;fara forma de intentie clara
laminator curling edges;Scoala si birou;;laminator;8;;3;7;1;NU;fara forma de intentie clara
laminator currys;Scoala si birou;;laminator;8;;2;6;1;NU;fara forma de intentie clara
laminator cutter;Scoala si birou;;laminator;8;;2;0;1;NU;fara forma de intentie clara
laminator cutter machine;Scoala si birou;;laminator;8;;3;1;1;NU;fara forma de intentie clara
laminator cutting;Scoala si birou;;laminator;8;;2;9;1;NU;fara forma de intentie clara
laminator cutting tool;Scoala si birou;;laminator;8;;3;8;1;NU;fara forma de intentie clara
laminator jumbo;Scoala si birou;;laminator;8;;2;7;1;NU;fara forma de intentie clara
laminator la rece;Scoala si birou;;laminator;8;;3;6;1;NU;fara forma de intentie clara
laminator lidl;Scoala si birou;;laminator;8;;2;3;1;NU;fara forma de intentie clara
pareri stilou poenari;Scoala si birou;;stilou;8;;3;1;1;NU;fara forma de intentie clara
pe trei caiete sau scris in total 101 pagini;Scoala si birou;comparatie;caiete;8;;9;2;1;NU;prea lung (titlu de produs)
penar 3 compartimente;Scoala si birou;;penar;8;;3;5;1;NU;fara forma de intentie clara
penar baieti;Scoala si birou;;penar;8;;2;2;1;NU;fara forma de intentie clara
penar echipat;Scoala si birou;;penar;8;;2;6;1;NU;fara forma de intentie clara
penar in engleza;Scoala si birou;;penar;8;;3;8;1;NU;fara forma de intentie clara
penar nike;Scoala si birou;;penar;8;;2;9;1;NU;nume de brand
penar riguri;Scoala si birou;;penar;8;;2;3;1;NU;fara forma de intentie clara
penar top model;Scoala si birou;;penar;8;;3;7;1;NU;fara forma de intentie clara
penare;Scoala si birou;;penar;8;;1;4;1;NU;fara forma de intentie clara
penare fete;Scoala si birou;;penar;8;;2;1;1;NU;fara forma de intentie clara
rechizite scolare;Scoala si birou;;rechizite scolare;8;;2;0;1;NU;fara forma de intentie clara
rechizite scolare clasa 0;Scoala si birou;;rechizite scolare;8;;4;8;1;NU;fara forma de intentie clara
rechizite scolare clasa 1;Scoala si birou;;rechizite scolare;8;;4;2;1;NU;fara forma de intentie clara
rechizite scolare clasa 2;Scoala si birou;;rechizite scolare;8;;4;5;1;NU;fara forma de intentie clara
rechizite scolare clasa 3;Scoala si birou;;rechizite scolare;8;;4;9;1;NU;fara forma de intentie clara
rechizite scolare clasa 5;Scoala si birou;;rechizite scolare;8;;4;3;1;NU;fara forma de intentie clara
rechizite scolare cute;Scoala si birou;;rechizite scolare;8;;3;2;1;NU;fara forma de intentie clara
rechizite scolare de colorat;Scoala si birou;;rechizite scolare;8;;4;4;1;NU;fara forma de intentie clara
rechizite scolare ieftine emag;Scoala si birou;pret;rechizite scolare;8;;4;5;1;NU;termen de magazin
rechizite scolare lista;Scoala si birou;;rechizite scolare;8;;3;6;1;NU;fara forma de intentie clara
stilou;Scoala si birou;;stilou;8;;1;0;1;NU;fara forma de intentie clara
stilou cuticule;Scoala si birou;;stilou;8;;2;5;1;NU;fara forma de intentie clara
stilou faber castell;Scoala si birou;;stilou;8;;3;9;1;NU;fara forma de intentie clara
stilou lamy;Scoala si birou;;stilou;8;;2;5;1;NU;fara forma de intentie clara
stilou mont blanc;Scoala si birou;;stilou;8;;3;8;1;NU;fara forma de intentie clara
stilou parker;Scoala si birou;;stilou;8;;2;3;1;NU;fara forma de intentie clara
stilou pelikan;Scoala si birou;;stilou;8;;2;6;1;NU;fara forma de intentie clara
stilou personalizat;Scoala si birou;;stilou;8;;2;1;1;NU;fara forma de intentie clara
stilou poenari;Scoala si birou;;stilou;8;;2;2;1;NU;fara forma de intentie clara
stilou schneider;Scoala si birou;;stilou;8;;2;4;1;NU;fara forma de intentie clara
stilouri;Scoala si birou;;stilou;8;;1;7;1;NU;fara forma de intentie clara
tabla magnetica;Scoala si birou;;tabla magnetica;8;;2;0;1;NU;fara forma de intentie clara
tabla magnetica copii;Scoala si birou;;tabla magnetica;8;;3;1;1;NU;fara forma de intentie clara
tabla magnetica copii jumbo;Scoala si birou;;tabla magnetica;8;;4;6;1;NU;fara forma de intentie clara
tabla magnetica dedeman;Scoala si birou;;tabla magnetica;8;;3;5;1;NU;termen de magazin
tabla magnetica frigider;Scoala si birou;;tabla magnetica;8;;3;8;1;NU;fara forma de intentie clara
tabla magnetica jumbo;Scoala si birou;;tabla magnetica;8;;3;4;1;NU;fara forma de intentie clara
tabla magnetica pentru copii joc interactiv cu stilou magnetic;Scoala si birou;segment;tabla magnetica;8;;9;9;1;NU;prea lung (titlu de produs)
tabla magnetica perete;Scoala si birou;;tabla magnetica;8;;3;2;1;NU;fara forma de intentie clara
aparat de sudura;Scule;;aparat de sudura;6,5;;3;0;1;NU;fara forma de intentie clara
aparat de sudura almaz;Scule;;aparat de sudura;6,5;;4;7;1;NU;fara forma de intentie clara
aparat de sudura cu laser dedeman;Scule;segment;aparat de sudura;6,5;;6;8;1;NU;termen de magazin
aparat de sudura cu sarma dedeman;Scule;segment;aparat de sudura;6,5;;6;4;1;NU;termen de magazin
aparat de sudura cu sarma fara gaz dedeman;Scule;segment;aparat de sudura;6,5;;8;6;1;NU;termen de magazin
aparat de sudura dedeman;Scule;;aparat de sudura;6,5;;4;3;1;NU;termen de magazin
aparat de sudura in engleza;Scule;;aparat de sudura;6,5;;5;8;1;NU;fara forma de intentie clara
aparat de sudura in puncte;Scule;;aparat de sudura;6,5;;5;0;1;NU;fara forma de intentie clara
aparat de sudura in puncte 220v pentru acumulatori baterii;Scule;segment;aparat de sudura;6,5;;9;3;1;NU;prea lung (titlu de produs)
aparat de sudura industrial;Scule;;aparat de sudura;6,5;;4;9;1;NU;fara forma de intentie clara
aparat de sudura inox;Scule;;aparat de sudura;6,5;;4;5;1;NU;fara forma de intentie clara
aparat de sudura intensiv;Scule;;aparat de sudura;6,5;;4;2;1;NU;fara forma de intentie clara
aparat de sudura intensiv mig tig mma 200;Scule;;aparat de sudura;6,5;;8;6;1;NU;fara forma de intentie clara
aparat de sudura invertor;Scule;;aparat de sudura;6,5;;4;1;1;NU;fara forma de intentie clara
aparat de sudura invertor profesional;Scule;;aparat de sudura;6,5;;5;7;1;NU;fara forma de intentie clara
aparat de sudura mig mag;Scule;;aparat de sudura;6,5;;5;9;1;NU;fara forma de intentie clara
aparat de sudura parkside;Scule;;aparat de sudura;6,5;;4;5;1;NU;fara forma de intentie clara
aparat de sudura profesional;Scule;;aparat de sudura;6,5;;4;8;1;NU;fara forma de intentie clara
aspirator industrial;Scule;;aspirator industrial;5,3;;2;0;1;NU;fara forma de intentie clara
aspirator industrial bosch;Scule;;aspirator industrial;5,3;;3;7;1;NU;nume de brand
aspirator industrial constructii;Scule;;aspirator industrial;5,3;;3;5;1;NU;fara forma de intentie clara
aspirator industrial dedeman;Scule;;aspirator industrial;5,3;;3;3;1;NU;termen de magazin
aspirator industrial karcher;Scule;;aspirator industrial;5,3;;3;2;1;NU;nume de brand
aspirator industrial parkside;Scule;;aspirator industrial;5,3;;3;8;1;NU;fara forma de intentie clara
aspirator industrial pentru cenusa kaminer 20l 1600w hepa inox;Scule;segment;aspirator industrial;5,3;;9;3;1;NU;prea lung (titlu de produs)
aspirator industrial umed uscat;Scule;;aspirator industrial;5,3;;4;6;1;NU;fara forma de intentie clara
balustrada scara interioara pana in tavan;Scule;;scara;6,5;;6;1;1;NU;fara forma de intentie clara
balustrada scara pana in tavan;Scule;;scara;6,5;;5;0;1;NU;fara forma de intentie clara
bormasina;Scule;;bormasina;7,3;;1;0;1;NU;fara forma de intentie clara
bormasina bosch;Scule;;bormasina;7,3;;2;6;1;NU;nume de brand
bormasina cu acumulator bosch;Scule;segment;bormasina;7,3;;4;9;1;NU;nume de brand
bormasina cu acumulator dedeman;Scule;segment;bormasina;7,3;;4;7;1;NU;termen de magazin
bormasina cu acumulator makita;Scule;segment;bormasina;7,3;;4;6;1;NU;nume de brand
bormasina cu percutie dedeman;Scule;segment;bormasina;7,3;;4;5;1;NU;termen de magazin
bormasina dewalt;Scule;;bormasina;7,3;;2;7;1;NU;nume de brand
bormasina heinner pareri;Scule;recenzie;bormasina;7,3;;3;8;1;NU;nume de brand
bormasina ieftina dedeman;Scule;pret;bormasina;7,3;;3;2;1;NU;termen de magazin
bormasina makita;Scule;;bormasina;7,3;;2;5;1;NU;nume de brand
bormasina makita ieftina;Scule;pret;bormasina;7,3;;3;3;1;NU;nume de brand
bormasina milwaukee;Scule;;bormasina;7,3;;2;9;1;NU;fara forma de intentie clara
bormasina parkside;Scule;;bormasina;7,3;;2;4;1;NU;fara forma de intentie clara
bormasina sau;Scule;;bormasina;7,3;;2;1;1;NU;fara forma de intentie clara
ce aparat de sudura sa cumpar;Scule;;aparat de sudura;6,5;;6;0;1;NU;fara forma de intentie clara
ce bormasina sa cumpar;Scule;;bormasina;7,3;;4;0;1;NU;fara forma de intentie clara
ce generator de curent sa cumpar;Scule;;generator curent;6,5;;6;0;1;NU;fara forma de intentie clara
cel mai bun aparat de sudura cu sarma fara gaz;Scule;roundup;aparat de sudura;6,5;;10;0;1;NU;prea lung (titlu de produs)
compresor;Scule;;compresor;6,5;;1;2;1;NU;fara forma de intentie clara
compresor ac passat b6;Scule;;compresor;6,5;;4;7;1;NU;fara forma de intentie clara
compresor aer;Scule;;compresor;6,5;;2;0;1;NU;fara forma de intentie clara
compresor aer 100l;Scule;;compresor;6,5;;3;4;1;NU;cod de model
compresor aer 50l;Scule;;compresor;6,5;;3;3;1;NU;fara forma de intentie clara
compresor aer auto;Scule;;compresor;6,5;;3;8;1;NU;fara forma de intentie clara
compresor aer dedeman;Scule;;compresor;6,5;;3;5;1;NU;termen de magazin
compresor aire acondicionado saunier duval;Scule;;compresor;6,5;;5;9;1;NU;nume de brand
compresor cu surub 220v;Scule;segment;compresor;6,5;;4;9;1;NU;cod de model
compresor de aire saurium;Scule;;compresor;6,5;;4;7;1;NU;fara forma de intentie clara
compresor parkside;Scule;;compresor;6,5;;2;6;1;NU;fara forma de intentie clara
compresor pentru tencuit dedeman;Scule;segment;compresor;6,5;;4;9;1;NU;termen de magazin
compresor sauer;Scule;;compresor;6,5;;2;0;1;NU;fara forma de intentie clara
dispozitiv ghidaj polizor unghiular pentru taiere placi ceramice la 45 grade;Scule;segment;polizor unghiular;6,5;;11;9;1;NU;prea lung (titlu de produs)
fierastrau electric;Scule;;fierastrau electric;7,3;;2;0;1;NU;fara forma de intentie clara
fierastrau electric cu acumulator dedeman;Scule;segment;fierastrau electric;7,3;;5;6;1;NU;termen de magazin
fierastrau electric cu acumulator makita;Scule;segment;fierastrau electric;7,3;;5;2;1;NU;nume de brand
fierastrau electric de mana;Scule;;fierastrau electric;7,3;;4;8;1;NU;fara forma de intentie clara
fierastrau electric dedeman;Scule;;fierastrau electric;7,3;;3;3;1;NU;termen de magazin
fierastrau electric leroy merlin;Scule;;fierastrau electric;7,3;;4;5;1;NU;fara forma de intentie clara
fierastrau electric makita;Scule;;fierastrau electric;7,3;;3;7;1;NU;nume de brand
fierastrau electric parkside;Scule;;fierastrau electric;7,3;;3;2;1;NU;fara forma de intentie clara
fierastrau electric pentru oase altex;Scule;segment;fierastrau electric;7,3;;5;1;1;NU;termen de magazin
fierastrau electric pt oase;Scule;;fierastrau electric;7,3;;4;6;1;NU;fara forma de intentie clara
fierastrau electric sabie;Scule;;fierastrau electric;7,3;;3;4;1;NU;fara forma de intentie clara
furtun pentru masina de spalat cu presiune karcher;Scule;segment;masina de spalat cu presiune;8;;8;3;1;NU;nume de brand
generator curent;Scule;;generator curent;6,5;;2;0;1;NU;fara forma de intentie clara
generator curent 5 kw;Scule;;generator curent;6,5;;4;2;1;NU;fara forma de intentie clara
generator curent cele mai bune;Scule;;generator curent;6,5;;5;0;1;NU;fara forma de intentie clara
generator curent dedeman;Scule;;generator curent;6,5;;3;1;1;NU;termen de magazin
generator curent diesel;Scule;;generator curent;6,5;;3;3;1;NU;fara forma de intentie clara
generator curent honda;Scule;;generator curent;6,5;;3;4;1;NU;fara forma de intentie clara
generator curent hornbach;Scule;;generator curent;6,5;;3;5;1;NU;fara forma de intentie clara
generator curent olx;Scule;;generator curent;6,5;;3;8;1;NU;termen de magazin
generator curent pe benzina;Scule;;generator curent;6,5;;4;6;1;NU;fara forma de intentie clara
generator curent silentios;Scule;;generator curent;6,5;;3;7;1;NU;fara forma de intentie clara
masina de gaurit;Scule;;masina de gaurit;7,3;;3;0;1;NU;fara forma de intentie clara
masina de gaurit bosch;Scule;;masina de gaurit;7,3;;4;8;1;NU;nume de brand
masina de gaurit cu coloana olx;Scule;segment;masina de gaurit;7,3;;6;7;1;NU;termen de magazin
masina de gaurit dedeman;Scule;;masina de gaurit;7,3;;4;7;1;NU;termen de magazin
masina de gaurit in beton;Scule;;masina de gaurit;7,3;;5;4;1;NU;fara forma de intentie clara
masina de gaurit in cant;Scule;;masina de gaurit;7,3;;5;9;1;NU;fara forma de intentie clara
masina de gaurit in coordonate;Scule;;masina de gaurit;7,3;;5;8;1;NU;fara forma de intentie clara
masina de gaurit in engleza;Scule;;masina de gaurit;7,3;;5;3;1;NU;fara forma de intentie clara
masina de gaurit in pamant;Scule;;masina de gaurit;7,3;;5;0;1;NU;fara forma de intentie clara
masina de gaurit industriala;Scule;;masina de gaurit;7,3;;4;1;1;NU;fara forma de intentie clara
masina de gaurit ingco;Scule;;masina de gaurit;7,3;;4;5;1;NU;fara forma de intentie clara
masina de gaurit insurubat;Scule;;masina de gaurit;7,3;;4;2;1;NU;fara forma de intentie clara
masina de gaurit insurubat parkside;Scule;;masina de gaurit;7,3;;5;6;1;NU;fara forma de intentie clara
masina de gaurit makita;Scule;;masina de gaurit;7,3;;4;9;1;NU;nume de brand
masina de gaurit parkside;Scule;;masina de gaurit;7,3;;4;6;1;NU;fara forma de intentie clara
masina de gaurit pentru banc bosch;Scule;segment;masina de gaurit;7,3;;6;4;1;NU;nume de brand
masina de gaurit si insurubat;Scule;;masina de gaurit;7,3;;5;2;1;NU;fara forma de intentie clara
masina de spalat cu inalta presiune puternica curatare usoara;Scule;segment;masina de spalat cu presiune;8;;9;2;1;NU;prea lung (titlu de produs)
masina de spalat cu presiune bosch;Scule;segment;masina de spalat cu presiune;8;;6;5;1;NU;nume de brand
masina de spalat cu presiune dedeman;Scule;segment;masina de spalat cu presiune;8;;6;3;1;NU;termen de magazin
masina de spalat cu presiune karcher;Scule;segment;masina de spalat cu presiune;8;;6;4;1;NU;nume de brand
masina de spalat cu presiune stihl;Scule;segment;masina de spalat cu presiune;8;;6;7;1;NU;nume de brand
nivela laser;Scule;;nivela laser;5,3;;2;0;1;NU;fara forma de intentie clara
nivela laser bosch;Scule;;nivela laser;5,3;;3;3;1;NU;nume de brand
nivela laser cu receptor bosch;Scule;segment;nivela laser;5,3;;5;4;1;NU;nume de brand
nivela laser dedeman;Scule;;nivela laser;5,3;;3;2;1;NU;termen de magazin
nivela laser dewalt;Scule;;nivela laser;5,3;;3;4;1;NU;nume de brand
nivela laser exterior;Scule;;nivela laser;5,3;;3;8;1;NU;fara forma de intentie clara
nivela laser hornbach;Scule;;nivela laser;5,3;;3;6;1;NU;fara forma de intentie clara
nivela laser parkside;Scule;;nivela laser;5,3;;3;1;1;NU;fara forma de intentie clara
nivela laser parkside kaufland;Scule;;nivela laser;5,3;;4;7;1;NU;fara forma de intentie clara
nivela laser parkside lidl;Scule;;nivela laser;5,3;;4;9;1;NU;fara forma de intentie clara
nivela laser pentru gresie si faianta pret;Scule;segment;nivela laser;5,3;;7;3;1;NU;termen de magazin
nivela laser profesionala;Scule;;nivela laser;5,3;;3;5;1;NU;fara forma de intentie clara
pareri bormasina parkside;Scule;;bormasina;7,3;;3;1;1;NU;fara forma de intentie clara
pareri compresor aer;Scule;;compresor;6,5;;3;4;1;NU;fara forma de intentie clara
pareri compresor auto;Scule;;compresor;6,5;;3;5;1;NU;fara forma de intentie clara
pareri compresor parkside;Scule;;compresor;6,5;;3;1;1;NU;fara forma de intentie clara
pareri compresor yato;Scule;;compresor;6,5;;3;3;1;NU;fara forma de intentie clara
pareri scara telescopica;Scule;;scara;6,5;;3;0;1;NU;fara forma de intentie clara
pistol de lipit;Scule;;pistol de lipit;6,5;;3;0;1;NU;fara forma de intentie clara
pistol de lipit cositor;Scule;;pistol de lipit;6,5;;4;6;1;NU;fara forma de intentie clara
pistol de lipit cu fludor dedeman;Scule;segment;pistol de lipit;6,5;;6;4;1;NU;termen de magazin
pistol de lipit cu silicon dedeman;Scule;segment;pistol de lipit;6,5;;6;6;1;NU;termen de magazin
pistol de lipit dedeman;Scule;;pistol de lipit;6,5;;4;4;1;NU;termen de magazin
pistol de lipit parkside;Scule;;pistol de lipit;6,5;;4;8;1;NU;fara forma de intentie clara
pistol de lipit plastic;Scule;;pistol de lipit;6,5;;4;3;1;NU;fara forma de intentie clara
polizor unghiular;Scule;;polizor unghiular;6,5;;2;0;1;NU;fara forma de intentie clara
polizor unghiular bosch;Scule;;polizor unghiular;6,5;;3;5;1;NU;nume de brand
polizor unghiular cu acumulator bosch;Scule;segment;polizor unghiular;6,5;;5;5;1;NU;nume de brand
polizor unghiular cu acumulator dedeman;Scule;segment;polizor unghiular;6,5;;5;7;1;NU;termen de magazin
polizor unghiular cu acumulator dewalt;Scule;segment;polizor unghiular;6,5;;5;6;1;NU;nume de brand
polizor unghiular cu acumulator makita;Scule;segment;polizor unghiular;6,5;;5;3;1;NU;nume de brand
polizor unghiular dedeman;Scule;;polizor unghiular;6,5;;3;3;1;NU;termen de magazin
polizor unghiular dewalt;Scule;;polizor unghiular;6,5;;3;8;1;NU;nume de brand
polizor unghiular leroy merlin;Scule;;polizor unghiular;6,5;;4;7;1;NU;fara forma de intentie clara
polizor unghiular makita;Scule;;polizor unghiular;6,5;;3;6;1;NU;nume de brand
polizor unghiular parkside;Scule;;polizor unghiular;6,5;;3;2;1;NU;fara forma de intentie clara
polizor unghiular parkside lidl;Scule;;polizor unghiular;6,5;;4;9;1;NU;fara forma de intentie clara
saua scara;Scule;;scara;6,5;;2;5;1;NU;fara forma de intentie clara
scala likert sau scala likert;Scule;comparatie;scara;6,5;;5;9;1;NU;nu contine radacina seedului
scara aluminiu;Scule;;scara;6,5;;2;1;1;NU;fara forma de intentie clara
scara aluminiu 3 tronsoane;Scule;;scara;6,5;;4;9;1;NU;fara forma de intentie clara
scara aluminiu dedeman;Scule;;scara;6,5;;3;2;1;NU;termen de magazin
scara cu 3 trepte dedeman;Scule;segment;scara;6,5;;5;6;1;NU;termen de magazin
scara culisanta;Scule;;scara;6,5;;2;5;1;NU;fara forma de intentie clara
scara dedeman;Scule;;scara;6,5;;2;8;1;NU;termen de magazin
scara metrului;Scule;;scara;6,5;;2;6;1;NU;fara forma de intentie clara
scara pentru caini dedeman;Scule;segment;scara;6,5;;4;4;1;NU;termen de magazin
scara piscina;Scule;;scara;6,5;;2;7;1;NU;fara forma de intentie clara
scara pod;Scule;;scara;6,5;;2;5;1;NU;fara forma de intentie clara
scara sauce;Scule;;scara;6,5;;2;4;1;NU;fara forma de intentie clara
scara telescopica;Scule;;scara;6,5;;2;4;1;NU;fara forma de intentie clara
scarabeu;Scule;;scara;6,5;;1;0;1;NU;fara forma de intentie clara
surubelnita cu acumulator bosch;Scule;segment;surubelnita cu acumulator;7,3;;4;2;1;NU;nume de brand
surubelnita cu acumulator dedeman;Scule;segment;surubelnita cu acumulator;7,3;;4;4;1;NU;termen de magazin
surubelnita cu acumulator dewalt;Scule;segment;surubelnita cu acumulator;7,3;;4;6;1;NU;nume de brand
surubelnita cu acumulator heinner;Scule;segment;surubelnita cu acumulator;7,3;;4;5;1;NU;nume de brand
surubelnita cu acumulator makita;Scule;segment;surubelnita cu acumulator;7,3;;4;8;1;NU;nume de brand
trusa pentru scule dedeman;Scule;segment;trusa scule;6,5;;4;9;1;NU;termen de magazin
trusa scule;Scule;;trusa scule;6,5;;2;0;1;NU;fara forma de intentie clara
trusa scule 216 piese;Scule;;trusa scule;6,5;;4;6;1;NU;fara forma de intentie clara
trusa scule auto;Scule;;trusa scule;6,5;;3;5;1;NU;fara forma de intentie clara
trusa scule cu acumulator dewalt;Scule;segment;trusa scule;6,5;;5;8;1;NU;nume de brand
trusa scule cu acumulator makita;Scule;segment;trusa scule;6,5;;5;4;1;NU;nume de brand
trusa scule cutie;Scule;;trusa scule;6,5;;3;7;1;NU;fara forma de intentie clara
trusa scule cutie metalica;Scule;;trusa scule;6,5;;4;5;1;NU;fara forma de intentie clara
trusa scule dedeman;Scule;;trusa scule;6,5;;3;4;1;NU;termen de magazin
trusa scule leroy merlin;Scule;;trusa scule;6,5;;4;7;1;NU;fara forma de intentie clara
trusa scule milwaukee;Scule;;trusa scule;6,5;;3;9;1;NU;fara forma de intentie clara
trusa scule parkside;Scule;;trusa scule;6,5;;3;3;1;NU;fara forma de intentie clara
trusa scule profesionala;Scule;;trusa scule;6,5;;3;2;1;NU;fara forma de intentie clara
trusa scule yato;Scule;;trusa scule;6,5;;3;1;1;NU;fara forma de intentie clara
trusa scule yato 216 piese;Scule;;trusa scule;6,5;;5;8;1;NU;fara forma de intentie clara
aparat multifunctional fitness;Sport;;aparat multifunctional fitness;8;;3;0;1;NU;fara forma de intentie clara
aparat multifunctional fitness decathlon;Sport;;aparat multifunctional fitness;8;;4;3;1;NU;fara forma de intentie clara
aparat multifunctional fitness dedeman;Sport;;aparat multifunctional fitness;8;;4;8;1;NU;termen de magazin
aparat multifunctional fitness kettler;Sport;;aparat multifunctional fitness;8;;4;7;1;NU;fara forma de intentie clara
aparat multifunctional fitness olx;Sport;;aparat multifunctional fitness;8;;4;1;1;NU;termen de magazin
aparat multifunctional fitness orion classic l1;Sport;;aparat multifunctional fitness;8;;6;4;1;NU;fara forma de intentie clara
aparat multifunctional fitness orion classic l2;Sport;;aparat multifunctional fitness;8;;6;5;1;NU;fara forma de intentie clara
aparat multifunctional fitness orion classic l3;Sport;;aparat multifunctional fitness;8;;6;6;1;NU;fara forma de intentie clara
aparat multifunctional fitness orion master 1000;Sport;;aparat multifunctional fitness;8;;6;9;1;NU;fara forma de intentie clara
aparat multifunctional fitness profesional;Sport;;aparat multifunctional fitness;8;;4;2;1;NU;fara forma de intentie clara
banda de alergat;Sport;;banda de alergat;6,6;;3;0;1;NU;fara forma de intentie clara
banda de alergat cele mai bune;Sport;;banda de alergat;6,6;;6;0;1;NU;fara forma de intentie clara
banda de alergat cu inclinatie emag;Sport;segment;banda de alergat;6,6;;6;5;1;NU;termen de magazin
banda de alergat cu inclinatie olx;Sport;segment;banda de alergat;6,6;;6;4;1;NU;termen de magazin
banda de alergat cu vacuum pret;Sport;segment;banda de alergat;6,6;;6;9;1;NU;termen de magazin
banda de alergat curbata;Sport;;banda de alergat;6,6;;4;3;1;NU;fara forma de intentie clara
banda de alergat decathlon;Sport;;banda de alergat;6,6;;4;3;1;NU;fara forma de intentie clara
banda de alergat dedeman;Sport;;banda de alergat;6,6;;4;7;1;NU;termen de magazin
banda de alergat electrica;Sport;;banda de alergat;6,6;;4;6;1;NU;fara forma de intentie clara
banda de alergat emag;Sport;;banda de alergat;6,6;;4;5;1;NU;termen de magazin
banda de alergat ieftina emag;Sport;pret;banda de alergat;6,6;;5;2;1;NU;termen de magazin
banda de alergat in engleza;Sport;;banda de alergat;6,6;;5;9;1;NU;fara forma de intentie clara
banda de alergat lotto;Sport;;banda de alergat;6,6;;4;8;1;NU;fara forma de intentie clara
banda de alergat olx;Sport;;banda de alergat;6,6;;4;2;1;NU;termen de magazin
banda de alergat pliabila;Sport;;banda de alergat;6,6;;4;1;1;NU;fara forma de intentie clara
bicicleta;Sport;;bicicleta;4,7;;1;1;1;NU;fara forma de intentie clara
bicicleta cube;Sport;;bicicleta;4,7;;2;0;1;NU;fara forma de intentie clara
bicicleta cube 29;Sport;;bicicleta;4,7;;3;4;1;NU;fara forma de intentie clara
bicicleta cube electrica;Sport;;bicicleta;4,7;;3;9;1;NU;fara forma de intentie clara
bicicleta cursiera;Sport;;bicicleta;4,7;;2;8;1;NU;fara forma de intentie clara
bicicleta dama;Sport;;bicicleta;4,7;;2;8;1;NU;fara forma de intentie clara
bicicleta decathlon;Sport;;bicicleta;4,7;;2;3;1;NU;fara forma de intentie clara
bicicleta electrica;Sport;;bicicleta;4,7;;2;0;2;NU;fara forma de intentie clara
bicicleta electrica adulti;Sport;;bicicleta electrica;4,7;;3;4;1;NU;fara forma de intentie clara
bicicleta electrica altex;Sport;;bicicleta electrica;4,7;;3;6;1;NU;termen de magazin
bicicleta electrica cele mai bune;Sport;;bicicleta electrica;4,7;;5;0;1;NU;fara forma de intentie clara
bicicleta electrica copii;Sport;;bicicleta electrica;4,7;;3;1;1;NU;fara forma de intentie clara
bicicleta electrica cube;Sport;;bicicleta electrica;4,7;;3;1,5;1;NU;fara forma de intentie clara
bicicleta electrica cube bosch;Sport;;bicicleta electrica;4,7;;4;4;1;NU;nume de brand
bicicleta electrica cube olx;Sport;;bicicleta electrica;4,7;;4;7;1;NU;termen de magazin
bicicleta electrica emag;Sport;;bicicleta electrica;4,7;;3;9;1;NU;termen de magazin
bicicleta electrica full suspension;Sport;;bicicleta electrica;4,7;;4;7;1;NU;fara forma de intentie clara
bicicleta electrica ieftina olx;Sport;pret;bicicleta electrica;4,7;;4;2;1;NU;termen de magazin
bicicleta electrica olx;Sport;;bicicleta electrica;4,7;;3;2;1;NU;termen de magazin
bicicleta electrica pliabila;Sport;;bicicleta electrica;4,7;;3;5;1;NU;fara forma de intentie clara
bicicleta fitness;Sport;;bicicleta fitness;7;;2;0;1;NU;fara forma de intentie clara
bicicleta fitness altex;Sport;;bicicleta fitness;7;;3;5;1;NU;termen de magazin
bicicleta fitness carrefour;Sport;;bicicleta fitness;7;;3;7;1;NU;fara forma de intentie clara
bicicleta fitness cu spatar olx;Sport;segment;bicicleta fitness;7;;5;2;1;NU;termen de magazin
bicicleta fitness decathlon;Sport;;bicicleta fitness;7;;3;3;1;NU;fara forma de intentie clara
bicicleta fitness dedeman;Sport;;bicicleta fitness;7;;3;9;1;NU;termen de magazin
bicicleta fitness emag;Sport;;bicicleta fitness;7;;3;2;1;NU;termen de magazin
bicicleta fitness mecanica cu corzi progressive bm1000;Sport;segment;bicicleta fitness;7;;7;6;1;NU;cod de model
bicicleta fitness olx;Sport;;bicicleta fitness;7;;3;1;1;NU;termen de magazin
bicicleta fitness orizontala pentru recuperare toorx brx r95 comfort;Sport;segment;bicicleta fitness;7;;9;6;1;NU;prea lung (titlu de produs)
bicicleta fitness pliabila;Sport;;bicicleta fitness;7;;3;4;1;NU;fara forma de intentie clara
bicicleta full suspension;Sport;;bicicleta;4,7;;3;6;1;NU;fara forma de intentie clara
bicicleta ieftina emag;Sport;pret;bicicleta;4,7;;3;8;1;NU;termen de magazin
bicicleta ieftina olx;Sport;pret;bicicleta;4,7;;3;4;1;NU;termen de magazin
bicicleta pana in 5 milioane;Sport;;bicicleta;4,7;;5;5;1;NU;fara forma de intentie clara
bicicleta rockrider;Sport;;bicicleta;4,7;;2;9;1;NU;fara forma de intentie clara
bicicleta sauce;Sport;;bicicleta;4,7;;2;8;1;NU;fara forma de intentie clara
bicicleta sauna;Sport;;bicicleta;4,7;;2;5;1;NU;fara forma de intentie clara
bicicleta sauron;Sport;;bicicleta;4,7;;2;6;1;NU;fara forma de intentie clara
care sunt cele mai bune corturi;Sport;;cort;9;;6;8;1;NU;fara forma de intentie clara
ce banda de alergat sa cumpar;Sport;;banda de alergat;6,6;;6;0;1;NU;fara forma de intentie clara
ce bicicleta fitness sa cumpar;Sport;;bicicleta fitness;7;;5;3;2;NU;fara forma de intentie clara
ce bicicleta sa cumpar;Sport;;bicicleta;4,7;;4;0;1;NU;fara forma de intentie clara
ce bicicleta sa imi cumpar;Sport;;bicicleta;4,7;;5;2;1;NU;fara forma de intentie clara
ce este mai buna banda de alergat sau bicicleta;Sport;comparatie;banda de alergat;6,6;;9;6;1;NU;prea lung (titlu de produs)
ce gantere sa imi cumpar;Sport;;gantere;6,6;;5;0;1;NU;fara forma de intentie clara
ce sac de dormit sa cumpar;Sport;;sac de dormit;6,9;;6;0;1;NU;fara forma de intentie clara
ce trotineta electrica sa cumpar;Sport;;trotineta electrica;6,9;;5;0;1;NU;fara forma de intentie clara
ceas de mana pentru. sport;Sport;;ceas sport;6,9;;5;7;1;NU;fara forma de intentie clara
ceas sport;Sport;;ceas sport;6,9;;2;1;1;NU;fara forma de intentie clara
ceas sport barbati;Sport;;ceas sport;6,9;;3;0;1;NU;fara forma de intentie clara
ceas sport barbati g shock;Sport;;ceas sport;6,9;;5;8;1;NU;fara forma de intentie clara
ceas sport casio;Sport;;ceas sport;6,9;;3;6;1;NU;fara forma de intentie clara
ceas sport dama;Sport;;ceas sport;6,9;;3;2;1;NU;fara forma de intentie clara
ceas sport garmin;Sport;;ceas sport;6,9;;3;5;1;NU;fara forma de intentie clara
ceas sport suunto race s titanium graphite;Sport;;ceas sport;6,9;;7;7;1;NU;fara forma de intentie clara
ceas sport watch;Sport;;ceas sport;6,9;;3;4;1;NU;fara forma de intentie clara
ceas sportiv;Sport;;ceas sport;6,9;;2;3;1;NU;fara forma de intentie clara
cort camping;Sport;;cort;9;;2;3;1;NU;fara forma de intentie clara
cort curte;Sport;;cort;9;;2;0;1;NU;fara forma de intentie clara
cort curte dedeman;Sport;;cort;9;;3;1;1;NU;termen de magazin
cort decathlon;Sport;;cort;9;;2;4;1;NU;fara forma de intentie clara
cort furniture saugus;Sport;;cort;9;;3;7;1;NU;fara forma de intentie clara
cort furniture saugus ma;Sport;;cort;9;;4;8;1;NU;fara forma de intentie clara
cort gonflabil;Sport;;cort;9;;2;9;1;NU;fara forma de intentie clara
cort gradina;Sport;;cort;9;;2;0;1;NU;fara forma de intentie clara
cort ieftin dedeman;Sport;pret;cort;9;;3;1;1;NU;termen de magazin
cort outlet saugus;Sport;;cort;9;;3;9;1;NU;fara forma de intentie clara
cort pavilion;Sport;;cort;9;;2;5;1;NU;fara forma de intentie clara
cort sau;Sport;;cort;9;;2;4;1;NU;fara forma de intentie clara
cort saugus;Sport;;cort;9;;2;1;1;NU;fara forma de intentie clara
cort saugus ma;Sport;;cort;9;;3;3;1;NU;fara forma de intentie clara
cort sauna;Sport;;cort;9;;2;0;1;NU;fara forma de intentie clara
cort source;Sport;;cort;9;;2;2;1;NU;fara forma de intentie clara
cortis;Sport;;cort;9;;1;7;1;NU;fara forma de intentie clara
cortizol;Sport;;cort;9;;1;1;1;NU;fara forma de intentie clara
cortizol marit;Sport;;cort;9;;2;8;1;NU;fara forma de intentie clara
cortizon;Sport;;cort;9;;1;6;1;NU;fara forma de intentie clara
curea bicicleta fitness;Sport;;bicicleta fitness;7;;3;7;1;NU;fara forma de intentie clara
curea ceas sport;Sport;;ceas sport;6,9;;3;1;1;NU;fara forma de intentie clara
curea ceas sport barbati;Sport;;ceas sport;6,9;;4;2;1;NU;fara forma de intentie clara
gantere;Sport;;gantere;6,6;;1;0;1;NU;fara forma de intentie clara
gantere 1 kg;Sport;;gantere;6,6;;3;9;1;NU;fara forma de intentie clara
gantere 10 kg;Sport;;gantere;6,6;;3;4;1;NU;fara forma de intentie clara
gantere 2 kg;Sport;;gantere;6,6;;3;5;1;NU;fara forma de intentie clara
gantere 20 kg;Sport;;gantere;6,6;;3;7;1;NU;fara forma de intentie clara
gantere 3 kg;Sport;;gantere;6,6;;3;6;1;NU;fara forma de intentie clara
gantere 5 kg;Sport;;gantere;6,6;;3;3;1;NU;fara forma de intentie clara
gantere decathlon;Sport;;gantere;6,6;;2;2;1;NU;fara forma de intentie clara
gantere jumbo;Sport;;gantere;6,6;;2;8;1;NU;fara forma de intentie clara
gantere reglabile;Sport;;gantere;6,6;;2;1;1;NU;fara forma de intentie clara
lanseta;Sport;;lanseta;6,9;;1;1;1;NU;fara forma de intentie clara
lanseta crap;Sport;;lanseta;6,9;;2;3;1;NU;fara forma de intentie clara
lanseta crap 3.90;Sport;;lanseta;6,9;;3;8;1;NU;fara forma de intentie clara
lanseta feeder;Sport;;lanseta;6,9;;2;0;1;NU;fara forma de intentie clara
lanseta feeder 3.90;Sport;;lanseta;6,9;;3;5;1;NU;fara forma de intentie clara
lanseta flx10 pareri;Sport;recenzie;lanseta;6,9;;3;1;1;NU;cod de model
lanseta roz;Sport;;lanseta;6,9;;2;4;1;NU;fara forma de intentie clara
lanseta shimano;Sport;;lanseta;6,9;;2;9;1;NU;fara forma de intentie clara
lanseta somn;Sport;;lanseta;6,9;;2;6;1;NU;fara forma de intentie clara
lanseta spinning;Sport;;lanseta;6,9;;2;2;1;NU;fara forma de intentie clara
lanseta telescopica;Sport;;lanseta;6,9;;2;7;1;NU;fara forma de intentie clara
pareri bicicleta carpat;Sport;;bicicleta;4,7;;3;0;1;NU;fara forma de intentie clara
pareri bicicleta cube;Sport;;bicicleta;4,7;;3;7;1;NU;fara forma de intentie clara
pareri bicicleta devron;Sport;;bicicleta;4,7;;3;2;1;NU;fara forma de intentie clara
pareri bicicleta dhs;Sport;;bicicleta;4,7;;3;9;1;NU;fara forma de intentie clara
pareri bicicleta electrica;Sport;;bicicleta;4,7;;3;4;1;NU;fara forma de intentie clara
pareri bicicleta eliptica;Sport;;bicicleta;4,7;;3;8;1;NU;fara forma de intentie clara
pareri bicicleta pegas;Sport;;bicicleta;4,7;;3;5;1;NU;fara forma de intentie clara
pareri bicicleta rockrider;Sport;;bicicleta;4,7;;3;6;1;NU;fara forma de intentie clara
pareri bicicleta velors;Sport;;bicicleta;4,7;;3;3;1;NU;fara forma de intentie clara
pareri bicicleta volta;Sport;;bicicleta;4,7;;3;1;1;NU;fara forma de intentie clara
pareri cort overlander;Sport;;cort;9;;3;0;1;NU;fara forma de intentie clara
sac de dormit;Sport;;sac de dormit;6,9;;3;0;1;NU;fara forma de intentie clara
sac de dormit bebe;Sport;;sac de dormit;6,9;;4;1;1;NU;fara forma de intentie clara
sac de dormit bebe vara;Sport;;sac de dormit;6,9;;5;4;1;NU;fara forma de intentie clara
sac de dormit bebelusi;Sport;;sac de dormit;6,9;;4;3;1;NU;fara forma de intentie clara
sac de dormit copii;Sport;;sac de dormit;6,9;;4;5;1;NU;fara forma de intentie clara
sac de dormit decathlon;Sport;;sac de dormit;6,9;;4;2;1;NU;fara forma de intentie clara
sac de dormit iarna;Sport;;sac de dormit;6,9;;4;8;1;NU;fara forma de intentie clara
sac de dormit love to dream;Sport;;sac de dormit;6,9;;6;9;1;NU;fara forma de intentie clara
sac de dormit muselina;Sport;;sac de dormit;6,9;;4;7;1;NU;fara forma de intentie clara
sac de dormit pentru infasat bebelusi love to dream swaddle up olive s 3.5-6kg 0 2 tog;Sport;segment;sac de dormit;6,9;;17;3;1;NU;prea lung (titlu de produs)
sac de dormit vara;Sport;;sac de dormit;6,9;;4;6;1;NU;fara forma de intentie clara
saltea fitness;Sport;;saltea fitness;6,6;;2;0;1;NU;fara forma de intentie clara
saltea fitness carrefour;Sport;;saltea fitness;6,6;;3;9;1;NU;fara forma de intentie clara
saltea fitness decathlon;Sport;;saltea fitness;6,6;;3;5;1;NU;fara forma de intentie clara
saltea fitness dedeman;Sport;;saltea fitness;6,6;;3;4;1;NU;termen de magazin
saltea fitness groasa;Sport;;saltea fitness;6,6;;3;1;1;NU;fara forma de intentie clara
saltea fitness jumbo;Sport;;saltea fitness;6,6;;3;3;1;NU;fara forma de intentie clara
saltea fitness jysk;Sport;;saltea fitness;6,6;;3;7;1;NU;fara forma de intentie clara
saltea fitness lidl;Sport;;saltea fitness;6,6;;3;6;1;NU;fara forma de intentie clara
saltea fitness pepco;Sport;;saltea fitness;6,6;;3;2;1;NU;fara forma de intentie clara
saltea fitness sinsay;Sport;;saltea fitness;6,6;;3;8;1;NU;fara forma de intentie clara
saudi court;Sport;;cort;9;;2;6;1;NU;nu contine radacina seedului
trotineta electrica;Sport;;trotineta electrica;6,9;;2;0;1;NU;fara forma de intentie clara
trotineta electrica 25 km h;Sport;;trotineta electrica;6,9;;5;7;1;NU;fara forma de intentie clara
trotineta electrica aerium t350 pro pareri;Sport;recenzie;trotineta electrica;6,9;;6;5;1;NU;cod de model
trotineta electrica altex;Sport;;trotineta electrica;6,9;;3;5;1;NU;termen de magazin
trotineta electrica copii;Sport;;trotineta electrica;6,9;;3;1;1;NU;fara forma de intentie clara
trotineta electrica emag;Sport;;trotineta electrica;6,9;;3;8;1;NU;termen de magazin
trotineta electrica ieftina altex;Sport;pret;trotineta electrica;6,9;;4;8;1;NU;termen de magazin
trotineta electrica ieftina emag;Sport;pret;trotineta electrica;6,9;;4;4;1;NU;termen de magazin
trotineta electrica ieftina olx;Sport;pret;trotineta electrica;6,9;;4;2;1;NU;termen de magazin
trotineta electrica ieftina xiaomi;Sport;pret;trotineta electrica;6,9;;4;6;1;NU;nume de brand
trotineta electrica kukirin;Sport;;trotineta electrica;6,9;;3;3;1;NU;fara forma de intentie clara
trotineta electrica kukirin g2;Sport;;trotineta electrica;6,9;;4;4;1;NU;fara forma de intentie clara
trotineta electrica kukirin g4;Sport;;trotineta electrica;6,9;;4;9;1;NU;fara forma de intentie clara
trotineta electrica olx;Sport;;trotineta electrica;6,9;;3;6;1;NU;termen de magazin
trotineta electrica pana in 10 milioane;Sport;;trotineta electrica;6,9;;6;5;1;NU;fara forma de intentie clara
trotineta electrica pana in 15 milioane;Sport;;trotineta electrica;6,9;;6;8;1;NU;fara forma de intentie clara
trotineta electrica xiaomi;Sport;;trotineta electrica;6,9;;3;2;1;NU;nume de brand
trotineta electrica xiaomi pareri;Sport;recenzie;trotineta electrica;6,9;;4;1;1;NU;nume de brand
automatizare poarta;Supraveghere;;automatizare poarta;7,3;;2;2;1;NU;fara forma de intentie clara
automatizare poarta autoportanta;Supraveghere;;automatizare poarta;7,3;;3;4;1;NU;fara forma de intentie clara
automatizare poarta batanta;Supraveghere;;automatizare poarta;7,3;;3;1;1;NU;fara forma de intentie clara
automatizare poarta batanta nice;Supraveghere;;automatizare poarta;7,3;;4;7;1;NU;fara forma de intentie clara
automatizare poarta culisanta;Supraveghere;;automatizare poarta;7,3;;3;0;1;NU;fara forma de intentie clara
automatizare poarta culisanta bft;Supraveghere;;automatizare poarta;7,3;;4;4;1;NU;fara forma de intentie clara
automatizare poarta culisanta came;Supraveghere;;automatizare poarta;7,3;;4;6;1;NU;fara forma de intentie clara
automatizare poarta culisanta dedeman;Supraveghere;;automatizare poarta;7,3;;4;3;1;NU;termen de magazin
automatizare poarta culisanta forum;Supraveghere;;automatizare poarta;7,3;;4;4;1;NU;fara forma de intentie clara
automatizare poarta culisanta life;Supraveghere;;automatizare poarta;7,3;;4;7;1;NU;fara forma de intentie clara
automatizare poarta culisanta motorline;Supraveghere;;automatizare poarta;7,3;;4;9;1;NU;fara forma de intentie clara
automatizare poarta culisanta nice;Supraveghere;;automatizare poarta;7,3;;4;2;1;NU;fara forma de intentie clara
automatizare poarta culisanta roger;Supraveghere;;automatizare poarta;7,3;;4;8;1;NU;fara forma de intentie clara
automatizare poarta culisanta wifi;Supraveghere;;automatizare poarta;7,3;;4;5;1;NU;fara forma de intentie clara
automatizare poarta garaj;Supraveghere;;automatizare poarta;7,3;;3;9;1;NU;fara forma de intentie clara
automatizare poarta nice;Supraveghere;;automatizare poarta;7,3;;3;8;1;NU;fara forma de intentie clara
automatizare poarta pietonala;Supraveghere;;automatizare poarta;7,3;;3;5;1;NU;fara forma de intentie clara
camera de supraveghere;Supraveghere;;camera de supraveghere;7,3;;3;0;1;NU;fara forma de intentie clara
camera de supraveghere bebe;Supraveghere;;camera de supraveghere;7,3;;4;7;1;NU;fara forma de intentie clara
camera de supraveghere cu panou solar si cartela sim;Supraveghere;segment;camera de supraveghere;7,3;;9;4;1;NU;prea lung (titlu de produs)
camera de supraveghere exterior;Supraveghere;;camera de supraveghere;7,3;;4;2;1;NU;fara forma de intentie clara
camera de supraveghere imou;Supraveghere;;camera de supraveghere;7,3;;4;8;1;NU;fara forma de intentie clara
camera de supraveghere interior;Supraveghere;;camera de supraveghere;7,3;;4;4;1;NU;fara forma de intentie clara
camera de supraveghere ip 360 wifi jortan ipc pareri;Supraveghere;recenzie;camera de supraveghere;7,3;;9;2;1;NU;prea lung (titlu de produs)
camera de supraveghere mica;Supraveghere;;camera de supraveghere;7,3;;4;5;1;NU;fara forma de intentie clara
camera de supraveghere pentru exterior hdcvi 8mp 4k 2.8mm ir 80m ip67;Supraveghere;segment;camera de supraveghere;7,3;;12;1;1;NU;prea lung (titlu de produs)
camera de supraveghere tapo;Supraveghere;;camera de supraveghere;7,3;;4;9;1;NU;fara forma de intentie clara
cele mai bune lampi solare cu senzor de miscare;Supraveghere;roundup;senzor de miscare;4,8;;9;0;1;NU;prea lung (titlu de produs)
kit supraveghere;Supraveghere;;kit supraveghere;7,3;;2;3;1;NU;fara forma de intentie clara
kit supraveghere exterior;Supraveghere;;kit supraveghere;7,3;;3;5;1;NU;fara forma de intentie clara
kit supraveghere hikvision;Supraveghere;;kit supraveghere;7,3;;3;1;1;NU;fara forma de intentie clara
kit supraveghere hikvision 4 camere;Supraveghere;;kit supraveghere;7,3;;5;9;1;NU;fara forma de intentie clara
kit supraveghere imou;Supraveghere;;kit supraveghere;7,3;;3;7;1;NU;fara forma de intentie clara
kit supraveghere ip;Supraveghere;;kit supraveghere;7,3;;3;8;1;NU;fara forma de intentie clara
kit supraveghere video;Supraveghere;;kit supraveghere;7,3;;3;0;1;NU;fara forma de intentie clara
kit supraveghere video 4 camere;Supraveghere;;kit supraveghere;7,3;;5;2;1;NU;fara forma de intentie clara
kit supraveghere video exterior 4 camere complet;Supraveghere;;kit supraveghere;7,3;;7;4;1;NU;fara forma de intentie clara
kit supraveghere video wireless;Supraveghere;;kit supraveghere;7,3;;4;6;1;NU;fara forma de intentie clara
senzor de miscare;Supraveghere;;senzor de miscare;4,8;;3;0;1;NU;fara forma de intentie clara
senzor de miscare 12v;Supraveghere;;senzor de miscare;4,8;;4;6;1;NU;fara forma de intentie clara
senzor de miscare 360 grade;Supraveghere;;senzor de miscare;4,8;;5;8;1;NU;fara forma de intentie clara
senzor de miscare banda led;Supraveghere;;senzor de miscare;4,8;;5;9;1;NU;fara forma de intentie clara
senzor de miscare dedeman;Supraveghere;;senzor de miscare;4,8;;4;4;1;NU;termen de magazin
senzor de miscare exterior;Supraveghere;;senzor de miscare;4,8;;4;1;1;NU;fara forma de intentie clara
senzor de miscare pir;Supraveghere;;senzor de miscare;4,8;;4;7;1;NU;fara forma de intentie clara
sistem de alarma;Supraveghere;;sistem de alarma;4,8;;3;0;1;NU;fara forma de intentie clara
sistem de alarma ajax;Supraveghere;;sistem de alarma;4,8;;4;6;1;NU;fara forma de intentie clara
sistem de alarma antiefractie;Supraveghere;;sistem de alarma;4,8;;4;2;1;NU;fara forma de intentie clara
sistem de alarma casa;Supraveghere;;sistem de alarma;4,8;;4;1;1;NU;fara forma de intentie clara
sistem de alarma curte;Supraveghere;;sistem de alarma;4,8;;4;3;1;NU;fara forma de intentie clara
sistem de alarma dsc;Supraveghere;;sistem de alarma;4,8;;4;9;1;NU;fara forma de intentie clara
sistem de alarma magazin;Supraveghere;;sistem de alarma;4,8;;4;5;1;NU;fara forma de intentie clara
sistem de alarma paradox;Supraveghere;;sistem de alarma;4,8;;4;4;1;NU;fara forma de intentie clara
sistem de alarma wireless;Supraveghere;;sistem de alarma;4,8;;4;3;1;NU;fara forma de intentie clara
sistem de alarma wireless hikvision;Supraveghere;;sistem de alarma;4,8;;5;7;1;NU;fara forma de intentie clara
videointerfon;Supraveghere;;videointerfon;6,8;;1;0;1;NU;fara forma de intentie clara
videointerfon dahua;Supraveghere;;videointerfon;6,8;;2;3;1;NU;fara forma de intentie clara
videointerfon dedeman;Supraveghere;;videointerfon;6,8;;2;7;1;NU;termen de magazin
videointerfon electra;Supraveghere;;videointerfon;6,8;;2;4;1;NU;fara forma de intentie clara
videointerfon ezviz;Supraveghere;;videointerfon;6,8;;2;6;1;NU;fara forma de intentie clara
videointerfon hikvision;Supraveghere;;videointerfon;6,8;;2;1;1;NU;fara forma de intentie clara
videointerfon hikvision ip;Supraveghere;;videointerfon;6,8;;3;5;1;NU;fara forma de intentie clara
videointerfon wifi;Supraveghere;;videointerfon;6,8;;2;8;1;NU;fara forma de intentie clara
videointerfon wireless;Supraveghere;;videointerfon;6,8;;2;2;1;NU;fara forma de intentie clara
yala inteligenta;Supraveghere;;yala inteligenta;7,3;;2;0;1;NU;fara forma de intentie clara
yala inteligenta dedeman;Supraveghere;;yala inteligenta;7,3;;3;2;1;NU;termen de magazin
yala inteligenta exterior;Supraveghere;;yala inteligenta;7,3;;3;1;1;NU;fara forma de intentie clara
yala inteligenta ezviz;Supraveghere;;yala inteligenta;7,3;;3;7;1;NU;fara forma de intentie clara
yala inteligenta k9;Supraveghere;;yala inteligenta;7,3;;3;8;1;NU;fara forma de intentie clara
yala inteligenta mentor;Supraveghere;;yala inteligenta;7,3;;3;9;1;NU;fara forma de intentie clara
yala inteligenta poarta;Supraveghere;;yala inteligenta;7,3;;3;3;1;NU;fara forma de intentie clara
yala inteligenta poarta exterior;Supraveghere;;yala inteligenta;7,3;;4;6;1;NU;fara forma de intentie clara
yala inteligenta usa metalica;Supraveghere;;yala inteligenta;7,3;;4;5;1;NU;fara forma de intentie clara
yala inteligenta usa termopan;Supraveghere;;yala inteligenta;7,3;;4;4;1;NU;fara forma de intentie clara
aspirator de mana;Textile casa;;aspirator de mana;5,7;;3;0;1;NU;fara forma de intentie clara
aspirator de mana altex;Textile casa;;aspirator de mana;5,7;;4;1;1;NU;termen de magazin
aspirator de mana bosch;Textile casa;;aspirator de mana;5,7;;4;3;1;NU;nume de brand
aspirator de mana cele mai bune;Textile casa;;aspirator de mana;5,7;;6;0;1;NU;fara forma de intentie clara
aspirator de mana cu acumulator altex;Textile casa;segment;aspirator de mana;5,7;;6;7;1;NU;termen de magazin
aspirator de mana cu acumulator dedeman;Textile casa;segment;aspirator de mana;5,7;;6;8;1;NU;termen de magazin
aspirator de mana cu acumulator emag;Textile casa;segment;aspirator de mana;5,7;;6;9;1;NU;termen de magazin
aspirator de mana dedeman;Textile casa;;aspirator de mana;5,7;;4;7;1;NU;termen de magazin
aspirator de mana in engleza;Textile casa;;aspirator de mana;5,7;;5;5;1;NU;fara forma de intentie clara
aspirator de mana incarcare type c;Textile casa;;aspirator de mana;5,7;;6;6;1;NU;fara forma de intentie clara
aspirator de mana industrial;Textile casa;;aspirator de mana;5,7;;4;1;1;NU;fara forma de intentie clara
aspirator de mana ingco;Textile casa;;aspirator de mana;5,7;;4;4;1;NU;fara forma de intentie clara
aspirator de mana injectie extractie;Textile casa;;aspirator de mana;5,7;;5;3;1;NU;fara forma de intentie clara
aspirator de mana innova;Textile casa;;aspirator de mana;5,7;;4;0;1;NU;fara forma de intentie clara
aspirator de mana invictus;Textile casa;;aspirator de mana;5,7;;4;2;1;NU;fara forma de intentie clara
aspirator de mana karcher;Textile casa;;aspirator de mana;5,7;;4;4;1;NU;nume de brand
aspirator de mana lidl;Textile casa;;aspirator de mana;5,7;;4;5;1;NU;fara forma de intentie clara
aspirator de mana pentru piscine zr100 intex 28626;Textile casa;segment;aspirator de mana;5,7;;8;1;1;NU;cod de model
aspirator de mana puternic;Textile casa;;aspirator de mana;5,7;;4;2;1;NU;fara forma de intentie clara
aspirator de mana rowenta;Textile casa;;aspirator de mana;5,7;;4;8;1;NU;nume de brand
ce pilota sa cumpar;Textile casa;;pilota;7,6;;4;0;1;NU;fara forma de intentie clara
cele mai absorbante prosoape de baie;Textile casa;;prosoape de baie;7,6;;6;1;1;NU;fara forma de intentie clara
cele mai mari prosoape de baie;Textile casa;;prosoape de baie;7,6;;6;2;1;NU;fara forma de intentie clara
covor bucatarie;Textile casa;;covor;7,6;;2;7;1;NU;fara forma de intentie clara
covor copii;Textile casa;;covor;7,6;;2;8;1;NU;fara forma de intentie clara
covor curcubeu;Textile casa;;covor;7,6;;2;6;1;NU;fara forma de intentie clara
covor curte;Textile casa;;covor;7,6;;2;1;1;NU;fara forma de intentie clara
covor de piatra;Textile casa;;covor;7,6;;3;2;1;NU;fara forma de intentie clara
covor exterior terasa;Textile casa;;covor;7,6;;3;9;1;NU;fara forma de intentie clara
covor iarba artificiala;Textile casa;;covor;7,6;;3;6;1;NU;fara forma de intentie clara
covor ieftin dedeman;Textile casa;pret;covor;7,6;;3;4;1;NU;termen de magazin
covor ieftin emag;Textile casa;pret;covor;7,6;;3;9;1;NU;termen de magazin
covor ieftin olx;Textile casa;pret;covor;7,6;;3;8;1;NU;termen de magazin
covor living;Textile casa;;covor;7,6;;2;1;1;NU;fara forma de intentie clara
covor sauna;Textile casa;;covor;7,6;;2;0;1;NU;fara forma de intentie clara
covorase baie;Textile casa;;covor;7,6;;2;4;1;NU;fara forma de intentie clara
cuier de prosoape baie;Textile casa;;prosoape de baie;7,6;;4;1;1;NU;fara forma de intentie clara
detergent de rufe;Textile casa;;detergent de rufe;5,9;;3;0;1;NU;fara forma de intentie clara
detergent de rufe chanteclair;Textile casa;;detergent de rufe;5,9;;4;3;1;NU;fara forma de intentie clara
detergent de rufe eclar;Textile casa;;detergent de rufe;5,9;;4;4;1;NU;fara forma de intentie clara
detergent de rufe fresh forest;Textile casa;;detergent de rufe;5,9;;5;6;1;NU;fara forma de intentie clara
detergent de rufe lichid;Textile casa;;detergent de rufe;5,9;;4;2;1;NU;fara forma de intentie clara
detergent de rufe lichid dero 2in1 levantica si iasomie 100 spalari 5l;Textile casa;;detergent de rufe;5,9;;12;9;1;NU;prea lung (titlu de produs)
detergent de rufe natural;Textile casa;;detergent de rufe;5,9;;4;5;1;NU;fara forma de intentie clara
detergent de rufe profesional;Textile casa;;detergent de rufe;5,9;;4;1;1;NU;fara forma de intentie clara
draperii;Textile casa;;draperii;7,6;;1;0;1;NU;fara forma de intentie clara
draperii blackout;Textile casa;;draperii;7,6;;2;3;1;NU;fara forma de intentie clara
draperii catifea;Textile casa;;draperii;7,6;;2;9;1;NU;fara forma de intentie clara
draperii cu inele dedeman;Textile casa;segment;draperii;7,6;;4;6;1;NU;termen de magazin
draperii dedeman;Textile casa;;draperii;7,6;;2;1;1;NU;termen de magazin
draperii dormitor;Textile casa;;draperii;7,6;;2;6;1;NU;fara forma de intentie clara
draperii ikea;Textile casa;;draperii;7,6;;2;8;1;NU;fara forma de intentie clara
draperii jysk;Textile casa;;draperii;7,6;;2;2;1;NU;fara forma de intentie clara
draperii leroy merlin;Textile casa;;draperii;7,6;;3;7;1;NU;fara forma de intentie clara
draperii pana in tavan;Textile casa;;draperii;7,6;;4;0;1;NU;fara forma de intentie clara
draperii pepco;Textile casa;;draperii;7,6;;2;5;1;NU;fara forma de intentie clara
draperii terasa exterior;Textile casa;;draperii;7,6;;3;4;1;NU;fara forma de intentie clara
jaluzele;Textile casa;;jaluzele;7,6;;1;0;1;NU;fara forma de intentie clara
jaluzele cu ventuze dedeman;Textile casa;segment;jaluzele;7,6;;4;1;1;NU;termen de magazin
jaluzele exterioare;Textile casa;;jaluzele;7,6;;2;4;1;NU;fara forma de intentie clara
jaluzele ieftine emag;Textile casa;pret;jaluzele;7,6;;3;6;1;NU;termen de magazin
jaluzele interioare;Textile casa;;jaluzele;7,6;;2;3;1;NU;fara forma de intentie clara
jaluzele interioare dedeman;Textile casa;;jaluzele;7,6;;3;9;1;NU;termen de magazin
jaluzele jysk;Textile casa;;jaluzele;7,6;;2;7;1;NU;fara forma de intentie clara
jaluzele orizontale;Textile casa;;jaluzele;7,6;;2;6;1;NU;fara forma de intentie clara
jaluzele plisate;Textile casa;;jaluzele;7,6;;2;5;1;NU;fara forma de intentie clara
jaluzele rulou;Textile casa;;jaluzele;7,6;;2;8;1;NU;fara forma de intentie clara
jaluzele verticale;Textile casa;;jaluzele;7,6;;2;1;1;NU;fara forma de intentie clara
jaluzele zi noapte;Textile casa;;jaluzele;7,6;;3;2;1;NU;fara forma de intentie clara
lenjerie de pat;Textile casa;;lenjerie de pat;7,6;;3;0;1;NU;fara forma de intentie clara
lenjerie de pat alba;Textile casa;;lenjerie de pat;7,6;;4;9;1;NU;fara forma de intentie clara
lenjerie de pat bumbac;Textile casa;;lenjerie de pat;7,6;;4;1;1;NU;fara forma de intentie clara
lenjerie de pat copii;Textile casa;;lenjerie de pat;7,6;;4;7;1;NU;fara forma de intentie clara
lenjerie de pat damasc;Textile casa;;lenjerie de pat;7,6;;4;6;1;NU;fara forma de intentie clara
lenjerie de pat in;Textile casa;;lenjerie de pat;7,6;;4;1;1;NU;fara forma de intentie clara
lenjerie de pat in carouri;Textile casa;;lenjerie de pat;7,6;;5;9;1;NU;fara forma de intentie clara
lenjerie de pat in dungi;Textile casa;;lenjerie de pat;7,6;;5;6;1;NU;fara forma de intentie clara
lenjerie de pat in engleza;Textile casa;;lenjerie de pat;7,6;;5;0;1;NU;fara forma de intentie clara
lenjerie de pat in franceza;Textile casa;;lenjerie de pat;7,6;;5;7;1;NU;fara forma de intentie clara
lenjerie de pat in germana;Textile casa;;lenjerie de pat;7,6;;5;5;1;NU;fara forma de intentie clara
lenjerie de pat in italiana;Textile casa;;lenjerie de pat;7,6;;5;3;1;NU;fara forma de intentie clara
lenjerie de pat in spaniola;Textile casa;;lenjerie de pat;7,6;;5;4;1;NU;fara forma de intentie clara
lenjerie de pat in vis;Textile casa;;lenjerie de pat;7,6;;5;8;1;NU;fara forma de intentie clara
lenjerie de pat inimioare;Textile casa;;lenjerie de pat;7,6;;4;2;1;NU;fara forma de intentie clara
lenjerie de pat jysk;Textile casa;;lenjerie de pat;7,6;;4;4;1;NU;fara forma de intentie clara
lenjerie de pat o persoana;Textile casa;;lenjerie de pat;7,6;;5;8;1;NU;fara forma de intentie clara
lenjerie de pat pucioasa;Textile casa;;lenjerie de pat;7,6;;4;3;1;NU;fara forma de intentie clara
lenjerie de pat satin;Textile casa;;lenjerie de pat;7,6;;4;5;1;NU;fara forma de intentie clara
pareri covor de piatra;Textile casa;;covor;7,6;;4;0;1;NU;fara forma de intentie clara
pareri jaluzele online;Textile casa;;jaluzele;7,6;;3;0;1;NU;fara forma de intentie clara
pareri perna derila;Textile casa;;perna;7,6;;3;1;1;NU;fara forma de intentie clara
pareri perna derila ergo;Textile casa;;perna;7,6;;4;0;1;NU;fara forma de intentie clara
pareri perna nuit;Textile casa;;perna;7,6;;3;2;1;NU;fara forma de intentie clara
perna alaptat;Textile casa;;perna;7,6;;2;6;1;NU;fara forma de intentie clara
perna antireflux;Textile casa;;perna;7,6;;2;4;1;NU;fara forma de intentie clara
perna bebelusi;Textile casa;;perna;7,6;;2;9;1;NU;fara forma de intentie clara
perna cervicala;Textile casa;;perna;7,6;;2;3;1;NU;fara forma de intentie clara
perna cu memorie dedeman;Textile casa;segment;perna;7,6;;4;9;1;NU;termen de magazin
perna derila ergo;Textile casa;;perna;7,6;;3;7;1;NU;fara forma de intentie clara
perna gravide;Textile casa;;perna;7,6;;2;0;1;NU;fara forma de intentie clara
perna lemn sauna;Textile casa;;perna;7,6;;3;5;1;NU;fara forma de intentie clara
perna ortopedica;Textile casa;;perna;7,6;;2;1;1;NU;fara forma de intentie clara
perna ortopedica cervicala;Textile casa;;perna;7,6;;3;8;1;NU;fara forma de intentie clara
perna ortopedica sezut;Textile casa;;perna;7,6;;3;5;1;NU;fara forma de intentie clara
perna sauce;Textile casa;;perna;7,6;;2;3;1;NU;fara forma de intentie clara
perna sauna;Textile casa;;perna;7,6;;2;2;1;NU;fara forma de intentie clara
pernamea;Textile casa;;perna;7,6;;1;2;1;NU;fara forma de intentie clara
pilota;Textile casa;;pilota;7,6;;1;0;1;NU;fara forma de intentie clara
pilota 200x220;Textile casa;;pilota;7,6;;2;3;1;NU;fara forma de intentie clara
pilota 4 anotimpuri;Textile casa;;pilota;7,6;;3;4;1;NU;fara forma de intentie clara
pilota de vara;Textile casa;;pilota;7,6;;3;1;1;NU;fara forma de intentie clara
pilota de vara 200x220;Textile casa;;pilota;7,6;;4;5;1;NU;fara forma de intentie clara
pilota jysk;Textile casa;;pilota;7,6;;2;2;1;NU;fara forma de intentie clara
pilota puf gasca;Textile casa;;pilota;7,6;;3;7;1;NU;fara forma de intentie clara
pilota racoroasa;Textile casa;;pilota;7,6;;2;9;1;NU;fara forma de intentie clara
pilota sauber;Textile casa;;pilota;7,6;;2;1;1;NU;fara forma de intentie clara
pilota sauber 2024;Textile casa;;pilota;7,6;;3;3;1;NU;fara forma de intentie clara
pilota sauber 2025;Textile casa;;pilota;7,6;;3;2;1;NU;fara forma de intentie clara
pilota sauber 2026;Textile casa;;pilota;7,6;;3;4;1;NU;fara forma de intentie clara
pilota subtire de vara;Textile casa;;pilota;7,6;;4;8;1;NU;fara forma de intentie clara
pilota vara jysk;Textile casa;;pilota;7,6;;3;6;1;NU;fara forma de intentie clara
prosoape de baie;Textile casa;;prosoape de baie;7,6;;3;0;1;NU;fara forma de intentie clara
prosoape de baie bebelusi;Textile casa;;prosoape de baie;7,6;;4;7;1;NU;fara forma de intentie clara
prosoape de baie bumbac;Textile casa;;prosoape de baie;7,6;;4;1;1;NU;fara forma de intentie clara
prosoape de baie copii;Textile casa;;prosoape de baie;7,6;;4;5;1;NU;fara forma de intentie clara
prosoape de baie de calitate;Textile casa;;prosoape de baie;7,6;;5;3;1;NU;fara forma de intentie clara
prosoape de baie jysk;Textile casa;;prosoape de baie;7,6;;4;4;1;NU;fara forma de intentie clara
prosoape de baie mari;Textile casa;;prosoape de baie;7,6;;4;2;1;NU;fara forma de intentie clara
prosoape de baie pepco;Textile casa;;prosoape de baie;7,6;;4;6;1;NU;fara forma de intentie clara
prosoape de baie personalizate;Textile casa;;prosoape de baie;7,6;;4;8;1;NU;fara forma de intentie clara
sauro pilota;Textile casa;;pilota;7,6;;2;7;1;NU;fara forma de intentie clara
terzo pilota sauber;Textile casa;;pilota;7,6;;3;8;1;NU;fara forma de intentie clara
terzo pilota sauber 2025;Textile casa;;pilota;7,6;;4;9;1;NU;fara forma de intentie clara
cana filtranta;Vase si ustensile;;cana filtranta;9;;2;0;1;NU;fara forma de intentie clara
cana filtranta altex;Vase si ustensile;;cana filtranta;9;;3;6;1;NU;termen de magazin
cana filtranta apa;Vase si ustensile;;cana filtranta;9;;3;5;1;NU;fara forma de intentie clara
cana filtranta aquaphor;Vase si ustensile;;cana filtranta;9;;3;3;1;NU;fara forma de intentie clara
cana filtranta brita;Vase si ustensile;;cana filtranta;9;;3;1;1;NU;fara forma de intentie clara
cana filtranta cu 3 cartuse aquaphor onyx 4.2 l;Vase si ustensile;segment;cana filtranta;9;;9;4;1;NU;prea lung (titlu de produs)
cana filtranta de sticla;Vase si ustensile;;cana filtranta;9;;4;2;1;NU;fara forma de intentie clara
cana filtranta dedeman;Vase si ustensile;;cana filtranta;9;;3;4;1;NU;termen de magazin
cana filtranta kaufland;Vase si ustensile;;cana filtranta;9;;3;7;1;NU;fara forma de intentie clara
cana filtranta laica;Vase si ustensile;;cana filtranta;9;;3;8;1;NU;fara forma de intentie clara
cana filtranta philips;Vase si ustensile;;cana filtranta;9;;3;9;1;NU;nume de brand
ce filtru de apa sa cumpar;Vase si ustensile;;filtru de apa;9;;6;0;1;NU;fara forma de intentie clara
ce tigaie sa cumpar;Vase si ustensile;;tigaie;9;;4;0;1;NU;fara forma de intentie clara
cel mai bun filtru de apa cu osmoza inversa;Vase si ustensile;roundup;filtru de apa;9;;9;4;1;NU;prea lung (titlu de produs)
cel mai bun tocator legume electric altex;Vase si ustensile;roundup;tocator;9;;7;5;1;NU;termen de magazin
cele mai bune cutite;Vase si ustensile;roundup;set cutite;9;;4;3;1;NU;nu contine radacina seedului
cele mai bune cutite de altoit;Vase si ustensile;roundup;set cutite;9;;6;9;1;NU;nu contine radacina seedului
cele mai bune cutite de bucatarie;Vase si ustensile;roundup;set cutite;9;;6;1;1;NU;nu contine radacina seedului
cele mai bune cutite de bucatarie forum;Vase si ustensile;roundup;set cutite;9;;7;6;1;NU;nu contine radacina seedului
cele mai bune cutite de macelarie;Vase si ustensile;roundup;set cutite;9;;6;0;1;NU;nu contine radacina seedului
cele mai bune cutite de macelarie forum;Vase si ustensile;roundup;set cutite;9;;7;7;1;NU;nu contine radacina seedului
cele mai bune cutite de vanatoare;Vase si ustensile;roundup;set cutite;9;;6;2;1;NU;nu contine radacina seedului
cele mai bune cutite din lume;Vase si ustensile;roundup;set cutite;9;;6;4;1;NU;nu contine radacina seedului
cele mai bune cutite japoneze;Vase si ustensile;roundup;set cutite;9;;5;8;1;NU;nu contine radacina seedului
cele mai bune cutite militare;Vase si ustensile;roundup;set cutite;9;;5;5;1;NU;nu contine radacina seedului
cos de rufe;Vase si ustensile;;cos de rufe;9;;3;0;1;NU;fara forma de intentie clara
cos de rufe bambus;Vase si ustensile;;cos de rufe;9;;4;8;1;NU;fara forma de intentie clara
cos de rufe curver;Vase si ustensile;;cos de rufe;9;;4;7;1;NU;fara forma de intentie clara
cos de rufe dedeman;Vase si ustensile;;cos de rufe;9;;4;3;1;NU;termen de magazin
cos de rufe ikea;Vase si ustensile;;cos de rufe;9;;4;4;1;NU;fara forma de intentie clara
cos de rufe incorporabil;Vase si ustensile;;cos de rufe;9;;4;6;1;NU;fara forma de intentie clara
cos de rufe jumbo;Vase si ustensile;;cos de rufe;9;;4;7;1;NU;fara forma de intentie clara
cos de rufe jysk;Vase si ustensile;;cos de rufe;9;;4;2;1;NU;fara forma de intentie clara
cos de rufe leroy merlin;Vase si ustensile;;cos de rufe;9;;5;9;1;NU;fara forma de intentie clara
cos de rufe pepco;Vase si ustensile;;cos de rufe;9;;4;1;1;NU;fara forma de intentie clara
cos de rufe pliabil;Vase si ustensile;;cos de rufe;9;;4;5;1;NU;fara forma de intentie clara
filtru de apa;Vase si ustensile;;filtru de apa;9;;3;0;1;NU;fara forma de intentie clara
filtru de apa aquaphor;Vase si ustensile;;filtru de apa;9;;4;5;1;NU;fara forma de intentie clara
filtru de apa aquator;Vase si ustensile;;filtru de apa;9;;4;8;1;NU;fara forma de intentie clara
filtru de apa brita;Vase si ustensile;;filtru de apa;9;;4;9;1;NU;fara forma de intentie clara
filtru de apa cu osmoza inversa dedeman;Vase si ustensile;segment;filtru de apa;9;;7;8;1;NU;termen de magazin
filtru de apa dedeman;Vase si ustensile;;filtru de apa;9;;4;7;1;NU;termen de magazin
filtru de apa delonghi;Vase si ustensile;;filtru de apa;9;;4;6;1;NU;nume de brand
filtru de apa pentru aparat de cafea philips;Vase si ustensile;segment;filtru de apa;9;;8;1;1;NU;nume de brand
filtru de apa pentru espressor philips;Vase si ustensile;segment;filtru de apa;9;;6;2;1;NU;nume de brand
filtru de apa pentru frigider samsung;Vase si ustensile;segment;filtru de apa;9;;6;8;1;NU;nume de brand
filtru de apa philips saeco aquaclean ca6903/10;Vase si ustensile;;filtru de apa;9;;7;3;1;NU;cod de model
filtru de apa potabila;Vase si ustensile;;filtru de apa;9;;4;2;1;NU;fara forma de intentie clara
filtru de apa robinet;Vase si ustensile;;filtru de apa;9;;4;1;1;NU;fara forma de intentie clara
masa de calcat;Vase si ustensile;;masa de calcat;9;;3;0;1;NU;fara forma de intentie clara
masa de calcat altex;Vase si ustensile;;masa de calcat;9;;4;4;1;NU;termen de magazin
masa de calcat carrefour;Vase si ustensile;;masa de calcat;9;;4;5;1;NU;fara forma de intentie clara
masa de calcat cele mai bune;Vase si ustensile;;masa de calcat;9;;6;0;1;NU;fara forma de intentie clara
masa de calcat dedeman;Vase si ustensile;;masa de calcat;9;;4;2;1;NU;termen de magazin
masa de calcat in dulap;Vase si ustensile;;masa de calcat;9;;5;3;1;NU;fara forma de intentie clara
masa de calcat in engleza;Vase si ustensile;;masa de calcat;9;;5;4;1;NU;fara forma de intentie clara
masa de calcat in perete;Vase si ustensile;;masa de calcat;9;;5;7;1;NU;fara forma de intentie clara
masa de calcat incorporabila;Vase si ustensile;;masa de calcat;9;;4;1,5;1;NU;fara forma de intentie clara
masa de calcat incorporabila dedeman;Vase si ustensile;;masa de calcat;9;;5;8;1;NU;termen de magazin
masa de calcat incorporabila hafele;Vase si ustensile;;masa de calcat;9;;5;9;1;NU;fara forma de intentie clara
masa de calcat incorporabila ikea;Vase si ustensile;;masa de calcat;9;;5;1;1;NU;fara forma de intentie clara
masa de calcat incorporabila md;Vase si ustensile;;masa de calcat;9;;5;2;1;NU;fara forma de intentie clara
masa de calcat incorporabila oglinda;Vase si ustensile;;masa de calcat;9;;5;6;1;NU;fara forma de intentie clara
masa de calcat industriala;Vase si ustensile;;masa de calcat;9;;4;5;1;NU;fara forma de intentie clara
masa de calcat jysk;Vase si ustensile;;masa de calcat;9;;4;7;1;NU;fara forma de intentie clara
masa de calcat kaufland;Vase si ustensile;;masa de calcat;9;;4;9;1;NU;fara forma de intentie clara
masa de calcat leifheit;Vase si ustensile;;masa de calcat;9;;4;8;1;NU;fara forma de intentie clara
masa de calcat pentru statie altex;Vase si ustensile;segment;masa de calcat;9;;6;8;1;NU;termen de magazin
masa de calcat pentru statie emag;Vase si ustensile;segment;masa de calcat;9;;6;6;1;NU;termen de magazin
masa de calcat pentru statie philips;Vase si ustensile;segment;masa de calcat;9;;6;7;1;NU;nume de brand
masa de calcat pentru statie tefal;Vase si ustensile;segment;masa de calcat;9;;6;1;1;NU;nume de brand
masa de calcat pliabila;Vase si ustensile;;masa de calcat;9;;4;1;1;NU;fara forma de intentie clara
masa de calcat vileda;Vase si ustensile;;masa de calcat;9;;4;6;1;NU;fara forma de intentie clara
mop cu aburi altex;Vase si ustensile;segment;mop;9;;4;6;1;NU;termen de magazin
mop cu aburi karcher;Vase si ustensile;segment;mop;9;;4;5;1;NU;nume de brand
mop electric;Vase si ustensile;;mop;9;;2;5;1;NU;fara forma de intentie clara
mop electric philips;Vase si ustensile;;mop;9;;3;9;1;NU;nume de brand
mop rotativ;Vase si ustensile;;mop;9;;2;8;1;NU;fara forma de intentie clara
mop sauce;Vase si ustensile;;mop;9;;2;0;1;NU;fara forma de intentie clara
mop sauce bbq;Vase si ustensile;;mop;9;;3;8;1;NU;fara forma de intentie clara
mop sauce for brisket;Vase si ustensile;;mop;9;;4;5;1;NU;fara forma de intentie clara
mop sauce for chicken;Vase si ustensile;;mop;9;;4;4;1;NU;fara forma de intentie clara
mop sauce for pork;Vase si ustensile;;mop;9;;4;7;1;NU;fara forma de intentie clara
mop sauce for pulled pork;Vase si ustensile;;mop;9;;5;3;1;NU;fara forma de intentie clara
mop sauce for ribs;Vase si ustensile;;mop;9;;4;2;1;NU;fara forma de intentie clara
mop sauce recipe;Vase si ustensile;;mop;9;;3;1;1;NU;fara forma de intentie clara
mop sauce recipe for chicken;Vase si ustensile;;mop;9;;5;9;1;NU;fara forma de intentie clara
mop sauce recipe for ribs;Vase si ustensile;;mop;9;;5;6;1;NU;fara forma de intentie clara
mop vileda;Vase si ustensile;;mop;9;;2;3;1;NU;fara forma de intentie clara
moped electric;Vase si ustensile;;mop;9;;2;6;1;NU;fara forma de intentie clara
oala sub presiune;Vase si ustensile;;oala sub presiune;9;;3;0;1;NU;fara forma de intentie clara
oala sub presiune altex;Vase si ustensile;;oala sub presiune;9;;4;2;1;NU;termen de magazin
oala sub presiune carrefour;Vase si ustensile;;oala sub presiune;9;;4;6;1;NU;fara forma de intentie clara
oala sub presiune cele mai bune;Vase si ustensile;;oala sub presiune;9;;6;0;1;NU;fara forma de intentie clara
oala sub presiune dedeman;Vase si ustensile;;oala sub presiune;9;;4;4;1;NU;termen de magazin
oala sub presiune electrica;Vase si ustensile;;oala sub presiune;9;;4;3;1;NU;fara forma de intentie clara
oala sub presiune electrica tefal;Vase si ustensile;;oala sub presiune;9;;5;7;1;NU;nume de brand
oala sub presiune in engleza;Vase si ustensile;;oala sub presiune;9;;5;4;1;NU;fara forma de intentie clara
oala sub presiune inductie;Vase si ustensile;;oala sub presiune;9;;4;2;1;NU;fara forma de intentie clara
oala sub presiune industriala;Vase si ustensile;;oala sub presiune;9;;4;9;1;NU;fara forma de intentie clara
oala sub presiune inox;Vase si ustensile;;oala sub presiune;9;;4;1;1;NU;fara forma de intentie clara
oala sub presiune inox 18 10;Vase si ustensile;;oala sub presiune;9;;6;7;1;NU;fara forma de intentie clara
oala sub presiune inox 9l;Vase si ustensile;;oala sub presiune;9;;5;5;1;NU;fara forma de intentie clara
oala sub presiune inox 9l grunberg gr2965;Vase si ustensile;;oala sub presiune;9;;7;8;1;NU;cod de model
oala sub presiune inoxriv;Vase si ustensile;;oala sub presiune;9;;4;6;1;NU;fara forma de intentie clara
oala sub presiune instant pot;Vase si ustensile;;oala sub presiune;9;;5;3;1;NU;nume de brand
oala sub presiune instructiuni;Vase si ustensile;;oala sub presiune;9;;4;2,5;1;NU;fara forma de intentie clara
oala sub presiune kaufland;Vase si ustensile;;oala sub presiune;9;;4;8;1;NU;fara forma de intentie clara
oala sub presiune tefal;Vase si ustensile;;oala sub presiune;9;;4;1;1;NU;nume de brand
oala sub presiune tefal 6 litri;Vase si ustensile;;oala sub presiune;9;;6;9;1;NU;nume de brand
oala sub presiune tefal pareri;Vase si ustensile;recenzie;oala sub presiune;9;;5;4;1;NU;nume de brand
pareri mop swiffer;Vase si ustensile;;mop;9;;3;5;1;NU;fara forma de intentie clara
pareri mop vileda;Vase si ustensile;;mop;9;;3;2;1;NU;fara forma de intentie clara
pareri mop zana casei;Vase si ustensile;;mop;9;;4;6;1;NU;fara forma de intentie clara
pareri tigaie fonta;Vase si ustensile;;tigaie;9;;3;2;1;NU;fara forma de intentie clara
pareri tigaie inox;Vase si ustensile;;tigaie;9;;3;1;1;NU;fara forma de intentie clara
pareri tocator crengi;Vase si ustensile;;tocator;9;;3;0;1;NU;fara forma de intentie clara
recipiente alimentare;Vase si ustensile;;recipiente alimentare;9;;2;0;1;NU;fara forma de intentie clara
recipiente alimentare plastic;Vase si ustensile;;recipiente alimentare;9;;3;1;1;NU;fara forma de intentie clara
recipiente alimentare sticla;Vase si ustensile;;recipiente alimentare;9;;3;2;1;NU;fara forma de intentie clara
recipiente inox alimentare;Vase si ustensile;;recipiente alimentare;9;;3;5;1;NU;fara forma de intentie clara
recipiente probe alimentare;Vase si ustensile;;recipiente alimentare;9;;3;3;1;NU;fara forma de intentie clara
retete pentru oala sub presiune tefal;Vase si ustensile;segment;oala sub presiune;9;;6;8;1;NU;nume de brand
sauce termos;Vase si ustensile;;termos;9;;2;8;1;NU;fara forma de intentie clara
saunier duval termos;Vase si ustensile;;termos;9;;3;1;1;NU;nume de brand
set cana filtranta cu filtru brita sticla 2.5 l transparent;Vase si ustensile;segment;cana filtranta;9;;10;8;1;NU;prea lung (titlu de produs)
set cutite;Vase si ustensile;;set cutite;9;;2;1;1;NU;fara forma de intentie clara
set cutite bucatarie;Vase si ustensile;;set cutite;9;;3;0;1;NU;fara forma de intentie clara
set cutite bucatarie profesionale;Vase si ustensile;;set cutite;9;;4;7;1;NU;fara forma de intentie clara
set cutite bugatti;Vase si ustensile;;set cutite;9;;3;5;1;NU;fara forma de intentie clara
set cutite cu suport dedeman;Vase si ustensile;segment;set cutite;9;;5;2;1;NU;termen de magazin
set cutite macelarie;Vase si ustensile;;set cutite;9;;3;3;1;NU;fara forma de intentie clara
set cutite macelarie profesionale;Vase si ustensile;;set cutite;9;;4;8;1;NU;fara forma de intentie clara
set cutite ninja;Vase si ustensile;;set cutite;9;;3;6;1;NU;fara forma de intentie clara
set cutite pentru bucatarie cooking by heinner perfecto 6 piese;Vase si ustensile;segment;set cutite;9;;10;6;1;NU;prea lung (titlu de produs)
set cutite prestigio bugatti;Vase si ustensile;;set cutite;9;;4;4;1;NU;fara forma de intentie clara
set cutite profesionale;Vase si ustensile;;set cutite;9;;3;2;1;NU;fara forma de intentie clara
set cutite tefal;Vase si ustensile;;set cutite;9;;3;9;1;NU;nume de brand
set oale;Vase si ustensile;;set oale;9;;2;0;1;NU;fara forma de intentie clara
set oale cele mai bune;Vase si ustensile;;set oale;9;;5;0;1;NU;fara forma de intentie clara
set oale ceramica;Vase si ustensile;;set oale;9;;3;3;1;NU;fara forma de intentie clara
set oale cu capac tefal;Vase si ustensile;segment;set oale;9;;5;8;1;NU;nume de brand
set oale cupru;Vase si ustensile;;set oale;9;;3;0;1;NU;fara forma de intentie clara
set oale emailate;Vase si ustensile;;set oale;9;;3;7;1;NU;fara forma de intentie clara
set oale ieftine emag;Vase si ustensile;pret;set oale;9;;4;2;1;NU;termen de magazin
set oale inductie;Vase si ustensile;;set oale;9;;3;4;1;NU;fara forma de intentie clara
set oale inductie cele mai bune;Vase si ustensile;;set oale;9;;6;2;1;NU;fara forma de intentie clara
set oale inox;Vase si ustensile;;set oale;9;;3;1;1;NU;fara forma de intentie clara
set oale inox cele mai bune;Vase si ustensile;;set oale;9;;6;1;1;NU;fara forma de intentie clara
set oale inox profesionale;Vase si ustensile;;set oale;9;;4;8;1;NU;fara forma de intentie clara
set oale schmitter;Vase si ustensile;;set oale;9;;3;6;1;NU;fara forma de intentie clara
set oale tefal;Vase si ustensile;;set oale;9;;3;2;1;NU;nume de brand
set oale tefal altex;Vase si ustensile;;set oale;9;;4;9;1;NU;nume de brand
set oale tefal ieftine;Vase si ustensile;pret;set oale;9;;4;6;1;NU;nume de brand
set recipiente alimentare;Vase si ustensile;;recipiente alimentare;9;;3;4;1;NU;fara forma de intentie clara
set tacamuri;Vase si ustensile;;set tacamuri;9;;2;0;1;NU;fara forma de intentie clara
set tacamuri 12 persoane;Vase si ustensile;;set tacamuri;9;;4;2;1;NU;fara forma de intentie clara
set tacamuri 6 persoane;Vase si ustensile;;set tacamuri;9;;4;7;1;NU;fara forma de intentie clara
set tacamuri argint;Vase si ustensile;;set tacamuri;9;;3;3;1;NU;fara forma de intentie clara
set tacamuri aurii;Vase si ustensile;;set tacamuri;9;;3;5;1;NU;fara forma de intentie clara
set tacamuri cupru;Vase si ustensile;;set tacamuri;9;;3;2;1;NU;fara forma de intentie clara
set tacamuri curcubeu;Vase si ustensile;;set tacamuri;9;;3;8;1;NU;fara forma de intentie clara
set tacamuri cutie;Vase si ustensile;;set tacamuri;9;;3;6;1;NU;fara forma de intentie clara
set tacamuri cutipol;Vase si ustensile;;set tacamuri;9;;3;9;1;NU;fara forma de intentie clara
set tacamuri cutlery;Vase si ustensile;;set tacamuri;9;;3;7;1;NU;fara forma de intentie clara
set tacamuri dedeman;Vase si ustensile;;set tacamuri;9;;3;9;1;NU;termen de magazin
set tacamuri ikea;Vase si ustensile;;set tacamuri;9;;3;6;1;NU;fara forma de intentie clara
set tacamuri inox;Vase si ustensile;;set tacamuri;9;;3;1;1;NU;fara forma de intentie clara
set tacamuri inox 12 persoane;Vase si ustensile;;set tacamuri;9;;5;4;1;NU;fara forma de intentie clara
set tacamuri inox dedeman;Vase si ustensile;;set tacamuri;9;;4;8;1;NU;termen de magazin
set tacamuri pentru 12 persoane 84 piese inox diplomat;Vase si ustensile;segment;set tacamuri;9;;9;1;1;NU;prea lung (titlu de produs)
storcator citrice cuisinart;Vase si ustensile;;storcator de citrice;9;;3;1;1;NU;fara forma de intentie clara
storcator de citrice;Vase si ustensile;;storcator de citrice;9;;3;0;1;NU;fara forma de intentie clara
storcator de citrice altex;Vase si ustensile;;storcator de citrice;9;;4;4;1;NU;termen de magazin
storcator de citrice bosch;Vase si ustensile;;storcator de citrice;9;;4;7;1;NU;nume de brand
storcator de citrice electric;Vase si ustensile;;storcator de citrice;9;;4;1;1;NU;fara forma de intentie clara
storcator de citrice heinner;Vase si ustensile;;storcator de citrice;9;;4;8;1;NU;nume de brand
storcator de citrice heinner c160ss;Vase si ustensile;;storcator de citrice;9;;5;9;1;NU;cod de model
storcator de citrice inox;Vase si ustensile;;storcator de citrice;9;;4;0;1;NU;fara forma de intentie clara
storcator de citrice manual;Vase si ustensile;;storcator de citrice;9;;4;2;1;NU;fara forma de intentie clara
storcator de citrice philips;Vase si ustensile;;storcator de citrice;9;;4;6;1;NU;nume de brand
storcator de citrice profesional;Vase si ustensile;;storcator de citrice;9;;4;3;1;NU;fara forma de intentie clara
storcator de citrice tefal;Vase si ustensile;;storcator de citrice;9;;4;5;1;NU;nume de brand
storcator electric de citrice portabil cu alimentare usb 45w;Vase si ustensile;segment;storcator de citrice;9;;9;2;1;NU;prea lung (titlu de produs)
tava de copt;Vase si ustensile;;tava de copt;9;;3;0;1;NU;fara forma de intentie clara
tava de copt ceramica;Vase si ustensile;;tava de copt;9;;4;8;1;NU;fara forma de intentie clara
tava de copt cuptor;Vase si ustensile;;tava de copt;9;;4;9;1;NU;fara forma de intentie clara
tava de copt detasabila;Vase si ustensile;;tava de copt;9;;4;1;1;NU;fara forma de intentie clara
tava de copt dreptunghiulara;Vase si ustensile;;tava de copt;9;;4;2;1;NU;fara forma de intentie clara
tava de copt in engleza;Vase si ustensile;;tava de copt;9;;5;0;1;NU;fara forma de intentie clara
tava de copt in franceza;Vase si ustensile;;tava de copt;9;;5;6;1;NU;fara forma de intentie clara
tava de copt in germana;Vase si ustensile;;tava de copt;9;;5;4;1;NU;fara forma de intentie clara
tava de copt in italiana;Vase si ustensile;;tava de copt;9;;5;5;1;NU;fara forma de intentie clara
tava de copt inalta;Vase si ustensile;;tava de copt;9;;4;2;1;NU;fara forma de intentie clara
tava de copt inima;Vase si ustensile;;tava de copt;9;;4;3;1;NU;fara forma de intentie clara
tava de copt inox;Vase si ustensile;;tava de copt;9;;4;1;1;NU;fara forma de intentie clara
tava de copt paine;Vase si ustensile;;tava de copt;9;;4;5;1;NU;fara forma de intentie clara
tava de copt patrata;Vase si ustensile;;tava de copt;9;;4;9;1;NU;fara forma de intentie clara
tava de copt rotunda;Vase si ustensile;;tava de copt;9;;4;4;1;NU;fara forma de intentie clara
tava de copt tefal;Vase si ustensile;;tava de copt;9;;4;7;1;NU;nume de brand
tava de copt vinete pe aragaz;Vase si ustensile;;tava de copt;9;;6;3;1;NU;fara forma de intentie clara
tava de.copt.pentru chec;Vase si ustensile;;tava de copt;9;;3;5;1;NU;fara forma de intentie clara
termos;Vase si ustensile;;termos;9;;1;2;1;NU;fara forma de intentie clara
termos cafea;Vase si ustensile;;termos;9;;2;7;1;NU;fara forma de intentie clara
termos cupru;Vase si ustensile;;termos;9;;2;2;1;NU;fara forma de intentie clara
termos electricos saunier duval;Vase si ustensile;;termos;9;;4;9;1;NU;nume de brand
termos saude;Vase si ustensile;;termos;9;;2;3;1;NU;fara forma de intentie clara
termos saudi;Vase si ustensile;;termos;9;;2;4;1;NU;fara forma de intentie clara
termos saudi arabia;Vase si ustensile;;termos;9;;3;2;1;NU;fara forma de intentie clara
termos saus;Vase si ustensile;;termos;9;;2;7;1;NU;fara forma de intentie clara
termos sausenebb;Vase si ustensile;;termos;9;;2;6;1;NU;fara forma de intentie clara
termos stanley ieftin;Vase si ustensile;pret;termos;9;;3;2;1;NU;nume de brand
termos stanley pareri;Vase si ustensile;recenzie;termos;9;;3;0;1;NU;nume de brand
termosemineu;Vase si ustensile;;termos;9;;1;4;1;NU;fara forma de intentie clara
termosemineu pe lemne;Vase si ustensile;;termos;9;;3;6;1;NU;fara forma de intentie clara
termosemineu peleti;Vase si ustensile;;termos;9;;2;1;1;NU;fara forma de intentie clara
termoservice;Vase si ustensile;;termos;9;;1;0;1;NU;fara forma de intentie clara
termostat;Vase si ustensile;;termos;9;;1;5;1;NU;fara forma de intentie clara
termostat centrala;Vase si ustensile;;termos;9;;2;3;1;NU;fara forma de intentie clara
termostat centrala wireless;Vase si ustensile;;termos;9;;3;8;1;NU;fara forma de intentie clara
termostat wireless;Vase si ustensile;;termos;9;;2;9;1;NU;fara forma de intentie clara
thermos sauna;Vase si ustensile;;termos;9;;2;5;1;NU;nu contine radacina seedului
tigaie;Vase si ustensile;;tigaie;9;;1;4;1;NU;fara forma de intentie clara
tigaie ceramica;Vase si ustensile;;tigaie;9;;2;8;1;NU;fara forma de intentie clara
tigaie clatite;Vase si ustensile;;tigaie;9;;2;7;1;NU;fara forma de intentie clara
tigaie cu capac altex;Vase si ustensile;segment;tigaie;9;;4;8;1;NU;termen de magazin
tigaie cu capac tefal;Vase si ustensile;segment;tigaie;9;;4;4;1;NU;nume de brand
tigaie cupru;Vase si ustensile;;tigaie;9;;2;0;1;NU;fara forma de intentie clara
tigaie electrica;Vase si ustensile;;tigaie;9;;2;9;1;NU;fara forma de intentie clara
tigaie fonta;Vase si ustensile;;tigaie;9;;2;0;1;NU;fara forma de intentie clara
tigaie grill;Vase si ustensile;;tigaie;9;;2;6;1;NU;fara forma de intentie clara
tigaie inox;Vase si ustensile;;tigaie;9;;2;1;1;NU;fara forma de intentie clara
tigaie picanta;Vase si ustensile;;tigaie;9;;2;2;1;NU;fara forma de intentie clara
tigaie picanta de pui;Vase si ustensile;;tigaie;9;;4;5;1;NU;fara forma de intentie clara
tigaie saute;Vase si ustensile;;tigaie;9;;2;0;1;NU;fara forma de intentie clara
tigaie saute cu capac tefal simply clean;Vase si ustensile;segment;tigaie;9;;7;3;1;NU;nume de brand
tigaie saute inox;Vase si ustensile;;tigaie;9;;3;1;1;NU;fara forma de intentie clara
tigaie saute tefal;Vase si ustensile;;tigaie;9;;3;4;1;NU;nume de brand
tigaie saute tefal xl force cu capac 24cm;Vase si ustensile;segment;tigaie;9;;8;5;1;NU;nume de brand
tigaie tefal;Vase si ustensile;;tigaie;9;;2;3;1;NU;nume de brand
tigaie tefal ieftina;Vase si ustensile;pret;tigaie;9;;3;5;1;NU;nume de brand
tocator;Vase si ustensile;;tocator;9;;1;4;1;NU;fara forma de intentie clara
tocator crengi;Vase si ustensile;;tocator;9;;2;0;1;NU;fara forma de intentie clara
tocator crengi dedeman;Vase si ustensile;;tocator;9;;3;5;1;NU;termen de magazin
tocator crengi electric;Vase si ustensile;;tocator;9;;3;9;1;NU;fara forma de intentie clara
tocator crengi makita pareri;Vase si ustensile;recenzie;tocator;9;;4;5;1;NU;nume de brand
tocator crengi pe benzina;Vase si ustensile;;tocator;9;;4;8;1;NU;fara forma de intentie clara
tocator cuburi legume;Vase si ustensile;;tocator;9;;3;0;1;NU;fara forma de intentie clara
tocator electric;Vase si ustensile;;tocator;9;;2;3;1;NU;fara forma de intentie clara
tocator legume;Vase si ustensile;;tocator;9;;2;1;1;NU;fara forma de intentie clara
tocator lemn;Vase si ustensile;;tocator;9;;2;6;1;NU;fara forma de intentie clara
tocator resturi vegetale;Vase si ustensile;;tocator;9;;3;2;1;NU;fara forma de intentie clara
tocator vegetatie;Vase si ustensile;;tocator;9;;2;7;1;NU;fara forma de intentie clara
uscator de rufe pliant;Vase si ustensile;;uscator de rufe pliant;9;;4;0;1;NU;fara forma de intentie clara
vase termorezistente;Vase si ustensile;;vase termorezistente;9;;2;0;1;NU;fara forma de intentie clara
vase termorezistente altex;Vase si ustensile;;vase termorezistente;9;;3;9;1;NU;termen de magazin
vase termorezistente ceramica;Vase si ustensile;;vase termorezistente;9;;3;8;1;NU;fara forma de intentie clara
vase termorezistente dedeman;Vase si ustensile;;vase termorezistente;9;;3;6;1;NU;termen de magazin
vase termorezistente penny;Vase si ustensile;;vase termorezistente;9;;3;5;1;NU;fara forma de intentie clara
vase termorezistente pepco;Vase si ustensile;;vase termorezistente;9;;3;3;1;NU;fara forma de intentie clara
vase termorezistente pyrex;Vase si ustensile;;vase termorezistente;9;;3;4;1;NU;fara forma de intentie clara